date,crop,price_per_quintal,state,district
2022-01-01,Apple,3381.96,India_Average,National
2022-01-02,Apple,3277.19,India_Average,National
2022-01-03,Apple,3406.87,India_Average,National
2022-01-04,Apple,3551.3,India_Average,National
2022-01-05,Apple,3261.36,India_Average,National
2022-01-06,Apple,3261.37,India_Average,National
2022-01-07,Apple,3560.57,India_Average,National
2022-01-08,Apple,3426.63,India_Average,National
2022-01-09,Apple,3222.54,India_Average,National
2022-01-10,Apple,3389.52,India_Average,National
2022-01-11,Apple,3223.54,India_Average,National
2022-01-12,Apple,3223.15,India_Average,National
2022-01-13,Apple,3339.92,India_Average,National
2022-01-14,Apple,2984.31,India_Average,National
2022-01-15,Apple,3015.39,India_Average,National
2022-01-16,Apple,3207.22,India_Average,National
2022-01-17,Apple,3132.88,India_Average,National
2022-01-18,Apple,3351.85,India_Average,National
2022-01-19,Apple,3150.18,India_Average,National
2022-01-20,Apple,3066.97,India_Average,National
2022-01-21,Apple,3541.83,India_Average,National
2022-01-22,Apple,3262.75,India_Average,National
2022-01-23,Apple,3311.14,India_Average,National
2022-01-24,Apple,3064.92,India_Average,National
2022-01-25,Apple,3210.18,India_Average,National
2022-01-26,Apple,3318.3,India_Average,National
2022-01-27,Apple,3110.09,India_Average,National
2022-01-28,Apple,3361.99,India_Average,National
2022-01-29,Apple,3200.89,India_Average,National
2022-01-30,Apple,3251.87,India_Average,National
2022-01-31,Apple,3200.72,India_Average,National
2022-02-01,Apple,3845.58,India_Average,National
2022-02-02,Apple,3517.24,India_Average,National
2022-02-03,Apple,3333.48,India_Average,National
2022-02-04,Apple,3664.37,India_Average,National
2022-02-05,Apple,3304.77,India_Average,National
2022-02-06,Apple,3556.37,India_Average,National
2022-02-07,Apple,3174.75,India_Average,National
2022-02-08,Apple,3285.88,India_Average,National
2022-02-09,Apple,3554.26,India_Average,National
2022-02-10,Apple,3649.57,India_Average,National
2022-02-11,Apple,3549.77,India_Average,National
2022-02-12,Apple,3499.26,India_Average,National
2022-02-13,Apple,3466.63,India_Average,National
2022-02-14,Apple,3259.42,India_Average,National
2022-02-15,Apple,3392.94,India_Average,National
2022-02-16,Apple,3438.55,India_Average,National
2022-02-17,Apple,3705.65,India_Average,National
2022-02-18,Apple,3580.09,India_Average,National
2022-02-19,Apple,3209.35,India_Average,National
2022-02-20,Apple,3576.65,India_Average,National
2022-02-21,Apple,3451.85,India_Average,National
2022-02-22,Apple,3400.49,India_Average,National
2022-02-23,Apple,3627.26,India_Average,National
2022-02-24,Apple,3701.05,India_Average,National
2022-02-25,Apple,3683.5,India_Average,National
2022-02-26,Apple,3371.93,India_Average,National
2022-02-27,Apple,3465.2,India_Average,National
2022-02-28,Apple,3577.91,India_Average,National
2022-03-01,Apple,3775.6,India_Average,National
2022-03-02,Apple,3513.75,India_Average,National
2022-03-03,Apple,3566.58,India_Average,National
2022-03-04,Apple,3400.86,India_Average,National
2022-03-05,Apple,3384.68,India_Average,National
2022-03-06,Apple,3746.25,India_Average,National
2022-03-07,Apple,3844.12,India_Average,National
2022-03-08,Apple,3587.04,India_Average,National
2022-03-09,Apple,3780.64,India_Average,National
2022-03-10,Apple,3665.09,India_Average,National
2022-03-11,Apple,3483.88,India_Average,National
2022-03-12,Apple,3665.05,India_Average,National
2022-03-13,Apple,3876.85,India_Average,National
2022-03-14,Apple,3593.55,India_Average,National
2022-03-15,Apple,3881.64,India_Average,National
2022-03-16,Apple,3128.45,India_Average,National
2022-03-17,Apple,3747.94,India_Average,National
2022-03-18,Apple,3615.67,India_Average,National
2022-03-19,Apple,3546.18,India_Average,National
2022-03-20,Apple,3616.52,India_Average,National
2022-03-21,Apple,3242.24,India_Average,National
2022-03-22,Apple,3560.46,India_Average,National
2022-03-23,Apple,3664.28,India_Average,National
2022-03-24,Apple,3866.02,India_Average,National
2022-03-25,Apple,3506.71,India_Average,National
2022-03-26,Apple,3454.47,India_Average,National
2022-03-27,Apple,3509.68,India_Average,National
2022-03-28,Apple,3764.77,India_Average,National
2022-03-29,Apple,3659.18,India_Average,National
2022-03-30,Apple,3504.64,India_Average,National
2022-03-31,Apple,3692.39,India_Average,National
2022-04-01,Apple,3536.7,India_Average,National
2022-04-02,Apple,3690.08,India_Average,National
2022-04-03,Apple,3396.07,India_Average,National
2022-04-04,Apple,3461.95,India_Average,National
2022-04-05,Apple,3450.61,India_Average,National
2022-04-06,Apple,3262.06,India_Average,National
2022-04-07,Apple,3571.73,India_Average,National
2022-04-08,Apple,3565.56,India_Average,National
2022-04-09,Apple,3520.52,India_Average,National
2022-04-10,Apple,3478.33,India_Average,National
2022-04-11,Apple,3270.54,India_Average,National
2022-04-12,Apple,3445.59,India_Average,National
2022-04-13,Apple,3459.3,India_Average,National
2022-04-14,Apple,3378.43,India_Average,National
2022-04-15,Apple,3491.23,India_Average,National
2022-04-16,Apple,3590.72,India_Average,National
2022-04-17,Apple,3851.55,India_Average,National
2022-04-18,Apple,3550.34,India_Average,National
2022-04-19,Apple,3564.94,India_Average,National
2022-04-20,Apple,3506.51,India_Average,National
2022-04-21,Apple,3181.95,India_Average,National
2022-04-22,Apple,3514.95,India_Average,National
2022-04-23,Apple,3530.21,India_Average,National
2022-04-24,Apple,3953.1,India_Average,National
2022-04-25,Apple,3485.76,India_Average,National
2022-04-26,Apple,3572.68,India_Average,National
2022-04-27,Apple,3513.51,India_Average,National
2022-04-28,Apple,3313.95,India_Average,National
2022-04-29,Apple,3720.73,India_Average,National
2022-04-30,Apple,3651.94,India_Average,National
2022-05-01,Apple,3430.52,India_Average,National
2022-05-02,Apple,3149.95,India_Average,National
2022-05-03,Apple,3531.46,India_Average,National
2022-05-04,Apple,3068.69,India_Average,National
2022-05-05,Apple,3396.83,India_Average,National
2022-05-06,Apple,3661.43,India_Average,National
2022-05-07,Apple,3136.56,India_Average,National
2022-05-08,Apple,3206.56,India_Average,National
2022-05-09,Apple,3316.44,India_Average,National
2022-05-10,Apple,3216.93,India_Average,National
2022-05-11,Apple,3044.14,India_Average,National
2022-05-12,Apple,3311.31,India_Average,National
2022-05-13,Apple,3124.72,India_Average,National
2022-05-14,Apple,3378.14,India_Average,National
2022-05-15,Apple,3148.3,India_Average,National
2022-05-16,Apple,3555.74,India_Average,National
2022-05-17,Apple,3170.76,India_Average,National
2022-05-18,Apple,3246.86,India_Average,National
2022-05-19,Apple,3434.23,India_Average,National
2022-05-20,Apple,3096.91,India_Average,National
2022-05-21,Apple,3337.53,India_Average,National
2022-05-22,Apple,3515.68,India_Average,National
2022-05-23,Apple,3034.77,India_Average,National
2022-05-24,Apple,3330.46,India_Average,National
2022-05-25,Apple,3342.88,India_Average,National
2022-05-26,Apple,3429.0,India_Average,National
2022-05-27,Apple,3095.9,India_Average,National
2022-05-28,Apple,3082.12,India_Average,National
2022-05-29,Apple,3386.12,India_Average,National
2022-05-30,Apple,3349.0,India_Average,National
2022-05-31,Apple,3341.33,India_Average,National
2022-06-01,Apple,3051.97,India_Average,National
2022-06-02,Apple,2898.0,India_Average,National
2022-06-03,Apple,3034.84,India_Average,National
2022-06-04,Apple,3043.96,India_Average,National
2022-06-05,Apple,2892.85,India_Average,National
2022-06-06,Apple,3279.87,India_Average,National
2022-06-07,Apple,3071.07,India_Average,National
2022-06-08,Apple,2821.3,India_Average,National
2022-06-09,Apple,3098.48,India_Average,National
2022-06-10,Apple,2853.8,India_Average,National
2022-06-11,Apple,3118.06,India_Average,National
2022-06-12,Apple,3173.79,India_Average,National
2022-06-13,Apple,2876.9,India_Average,National
2022-06-14,Apple,3144.51,India_Average,National
2022-06-15,Apple,3061.92,India_Average,National
2022-06-16,Apple,3123.31,India_Average,National
2022-06-17,Apple,3284.52,India_Average,National
2022-06-18,Apple,2963.19,India_Average,National
2022-06-19,Apple,2886.94,India_Average,National
2022-06-20,Apple,2866.57,India_Average,National
2022-06-21,Apple,2877.63,India_Average,National
2022-06-22,Apple,2988.43,India_Average,National
2022-06-23,Apple,3051.17,India_Average,National
2022-06-24,Apple,3041.5,India_Average,National
2022-06-25,Apple,3124.08,India_Average,National
2022-06-26,Apple,3001.95,India_Average,National
2022-06-27,Apple,3218.03,India_Average,National
2022-06-28,Apple,2960.3,India_Average,National
2022-06-29,Apple,3408.03,India_Average,National
2022-06-30,Apple,3093.85,India_Average,National
2022-07-01,Apple,2584.28,India_Average,National
2022-07-02,Apple,2555.43,India_Average,National
2022-07-03,Apple,2765.13,India_Average,National
2022-07-04,Apple,2669.83,India_Average,National
2022-07-05,Apple,2796.39,India_Average,National
2022-07-06,Apple,2763.89,India_Average,National
2022-07-07,Apple,2690.17,India_Average,National
2022-07-08,Apple,2585.68,India_Average,National
2022-07-09,Apple,2495.5,India_Average,National
2022-07-10,Apple,2639.72,India_Average,National
2022-07-11,Apple,2815.61,India_Average,National
2022-07-12,Apple,2728.9,India_Average,National
2022-07-13,Apple,2531.83,India_Average,National
2022-07-14,Apple,2723.38,India_Average,National
2022-07-15,Apple,2752.02,India_Average,National
2022-07-16,Apple,2580.68,India_Average,National
2022-07-17,Apple,2720.75,India_Average,National
2022-07-18,Apple,2707.86,India_Average,National
2022-07-19,Apple,2545.7,India_Average,National
2022-07-20,Apple,2748.3,India_Average,National
2022-07-21,Apple,2775.71,India_Average,National
2022-07-22,Apple,2846.21,India_Average,National
2022-07-23,Apple,2842.26,India_Average,National
2022-07-24,Apple,2514.01,India_Average,National
2022-07-25,Apple,2573.39,India_Average,National
2022-07-26,Apple,2769.53,India_Average,National
2022-07-27,Apple,2769.36,India_Average,National
2022-07-28,Apple,2769.53,India_Average,National
2022-07-29,Apple,3220.12,India_Average,National
2022-07-30,Apple,2777.07,India_Average,National
2022-07-31,Apple,2853.3,India_Average,National
2022-08-01,Apple,2598.7,India_Average,National
2022-08-02,Apple,2561.17,India_Average,National
2022-08-03,Apple,2441.29,India_Average,National
2022-08-04,Apple,2574.51,India_Average,National
2022-08-05,Apple,2384.54,India_Average,National
2022-08-06,Apple,2451.01,India_Average,National
2022-08-07,Apple,2420.19,India_Average,National
2022-08-08,Apple,2490.54,India_Average,National
2022-08-09,Apple,2767.45,India_Average,National
2022-08-10,Apple,2248.81,India_Average,National
2022-08-11,Apple,2565.49,India_Average,National
2022-08-12,Apple,2280.38,India_Average,National
2022-08-13,Apple,2421.86,India_Average,National
2022-08-14,Apple,2615.44,India_Average,National
2022-08-15,Apple,2488.36,India_Average,National
2022-08-16,Apple,2346.72,India_Average,National
2022-08-17,Apple,2391.67,India_Average,National
2022-08-18,Apple,2564.67,India_Average,National
2022-08-19,Apple,2389.81,India_Average,National
2022-08-20,Apple,2507.23,India_Average,National
2022-08-21,Apple,2486.04,India_Average,National
2022-08-22,Apple,2399.57,India_Average,National
2022-08-23,Apple,2746.28,India_Average,National
2022-08-24,Apple,2559.0,India_Average,National
2022-08-25,Apple,2229.23,India_Average,National
2022-08-26,Apple,2503.51,India_Average,National
2022-08-27,Apple,2398.31,India_Average,National
2022-08-28,Apple,2586.1,India_Average,National
2022-08-29,Apple,2382.1,India_Average,National
2022-08-30,Apple,2466.16,India_Average,National
2022-08-31,Apple,2543.01,India_Average,National
2022-09-01,Apple,2503.89,India_Average,National
2022-09-02,Apple,2255.96,India_Average,National
2022-09-03,Apple,2359.86,India_Average,National
2022-09-04,Apple,2343.01,India_Average,National
2022-09-05,Apple,2321.6,India_Average,National
2022-09-06,Apple,2611.85,India_Average,National
2022-09-07,Apple,2448.6,India_Average,National
2022-09-08,Apple,2248.69,India_Average,National
2022-09-09,Apple,2510.14,India_Average,National
2022-09-10,Apple,2654.66,India_Average,National
2022-09-11,Apple,2523.9,India_Average,National
2022-09-12,Apple,2217.68,India_Average,National
2022-09-13,Apple,2341.89,India_Average,National
2022-09-14,Apple,2552.03,India_Average,National
2022-09-15,Apple,2315.08,India_Average,National
2022-09-16,Apple,2453.26,India_Average,National
2022-09-17,Apple,2492.96,India_Average,National
2022-09-18,Apple,2288.77,India_Average,National
2022-09-19,Apple,2392.86,India_Average,National
2022-09-20,Apple,2011.05,India_Average,National
2022-09-21,Apple,2277.07,India_Average,National
2022-09-22,Apple,2369.69,India_Average,National
2022-09-23,Apple,2250.27,India_Average,National
2022-09-24,Apple,2595.89,India_Average,National
2022-09-25,Apple,2228.38,India_Average,National
2022-09-26,Apple,2347.19,India_Average,National
2022-09-27,Apple,2415.69,India_Average,National
2022-09-28,Apple,2572.95,India_Average,National
2022-09-29,Apple,2227.7,India_Average,National
2022-09-30,Apple,2539.58,India_Average,National
2022-10-01,Apple,2481.65,India_Average,National
2022-10-02,Apple,2358.66,India_Average,National
2022-10-03,Apple,2537.69,India_Average,National
2022-10-04,Apple,2505.07,India_Average,National
2022-10-05,Apple,2405.95,India_Average,National
2022-10-06,Apple,2489.04,India_Average,National
2022-10-07,Apple,2432.6,India_Average,National
2022-10-08,Apple,2494.46,India_Average,National
2022-10-09,Apple,2562.5,India_Average,National
2022-10-10,Apple,2677.08,India_Average,National
2022-10-11,Apple,2326.87,India_Average,National
2022-10-12,Apple,2744.92,India_Average,National
2022-10-13,Apple,2238.29,India_Average,National
2022-10-14,Apple,2461.56,India_Average,National
2022-10-15,Apple,2553.35,India_Average,National
2022-10-16,Apple,2515.23,India_Average,National
2022-10-17,Apple,2403.16,India_Average,National
2022-10-18,Apple,2454.57,India_Average,National
2022-10-19,Apple,2419.24,India_Average,National
2022-10-20,Apple,2407.29,India_Average,National
2022-10-21,Apple,2585.75,India_Average,National
2022-10-22,Apple,2524.66,India_Average,National
2022-10-23,Apple,2394.45,India_Average,National
2022-10-24,Apple,2591.95,India_Average,National
2022-10-25,Apple,2518.5,India_Average,National
2022-10-26,Apple,2581.2,India_Average,National
2022-10-27,Apple,2558.47,India_Average,National
2022-10-28,Apple,2377.57,India_Average,National
2022-10-29,Apple,2410.91,India_Average,National
2022-10-30,Apple,2573.06,India_Average,National
2022-10-31,Apple,2556.08,India_Average,National
2022-11-01,Apple,2697.18,India_Average,National
2022-11-02,Apple,2715.84,India_Average,National
2022-11-03,Apple,2872.48,India_Average,National
2022-11-04,Apple,2620.14,India_Average,National
2022-11-05,Apple,2773.86,India_Average,National
2022-11-06,Apple,2672.7,India_Average,National
2022-11-07,Apple,2670.61,India_Average,National
2022-11-08,Apple,2848.33,India_Average,National
2022-11-09,Apple,2811.43,India_Average,National
2022-11-10,Apple,2809.82,India_Average,National
2022-11-11,Apple,2876.24,India_Average,National
2022-11-12,Apple,2702.84,India_Average,National
2022-11-13,Apple,2792.06,India_Average,National
2022-11-14,Apple,2658.11,India_Average,National
2022-11-15,Apple,2743.76,India_Average,National
2022-11-16,Apple,2682.43,India_Average,National
2022-11-17,Apple,2713.09,India_Average,National
2022-11-18,Apple,2780.35,India_Average,National
2022-11-19,Apple,2589.54,India_Average,National
2022-11-20,Apple,2982.47,India_Average,National
2022-11-21,Apple,2564.19,India_Average,National
2022-11-22,Apple,2536.08,India_Average,National
2022-11-23,Apple,2856.34,India_Average,National
2022-11-24,Apple,2806.87,India_Average,National
2022-11-25,Apple,2784.26,India_Average,National
2022-11-26,Apple,2784.83,India_Average,National
2022-11-27,Apple,2698.35,India_Average,National
2022-11-28,Apple,2578.87,India_Average,National
2022-11-29,Apple,2710.23,India_Average,National
2022-11-30,Apple,2608.58,India_Average,National
2022-12-01,Apple,3146.27,India_Average,National
2022-12-02,Apple,2977.94,India_Average,National
2022-12-03,Apple,2876.18,India_Average,National
2022-12-04,Apple,2951.79,India_Average,National
2022-12-05,Apple,3061.94,India_Average,National
2022-12-06,Apple,2915.44,India_Average,National
2022-12-07,Apple,2876.67,India_Average,National
2022-12-08,Apple,3036.55,India_Average,National
2022-12-09,Apple,3036.74,India_Average,National
2022-12-10,Apple,2923.96,India_Average,National
2022-12-11,Apple,2929.34,India_Average,National
2022-12-12,Apple,3034.81,India_Average,National
2022-12-13,Apple,2782.79,India_Average,National
2022-12-14,Apple,2788.88,India_Average,National
2022-12-15,Apple,2892.23,India_Average,National
2022-12-16,Apple,2967.98,India_Average,National
2022-12-17,Apple,3046.64,India_Average,National
2022-12-18,Apple,3221.3,India_Average,National
2022-12-19,Apple,3128.65,India_Average,National
2022-12-20,Apple,2976.01,India_Average,National
2022-12-21,Apple,2997.15,India_Average,National
2022-12-22,Apple,2849.62,India_Average,National
2022-12-23,Apple,2997.22,India_Average,National
2022-12-24,Apple,2956.7,India_Average,National
2022-12-25,Apple,3048.41,India_Average,National
2022-12-26,Apple,2875.92,India_Average,National
2022-12-27,Apple,3077.9,India_Average,National
2022-12-28,Apple,3229.91,India_Average,National
2022-12-29,Apple,2983.69,India_Average,National
2022-12-30,Apple,3060.26,India_Average,National
2022-12-31,Apple,3103.52,India_Average,National
2023-01-01,Apple,3233.8,India_Average,National
2023-01-02,Apple,3336.98,India_Average,National
2023-01-03,Apple,3302.08,India_Average,National
2023-01-04,Apple,3316.12,India_Average,National
2023-01-05,Apple,3172.45,India_Average,National
2023-01-06,Apple,3304.04,India_Average,National
2023-01-07,Apple,3382.17,India_Average,National
2023-01-08,Apple,3539.44,India_Average,National
2023-01-09,Apple,3458.28,India_Average,National
2023-01-10,Apple,3655.28,India_Average,National
2023-01-11,Apple,3173.39,India_Average,National
2023-01-12,Apple,3443.93,India_Average,National
2023-01-13,Apple,3330.25,India_Average,National
2023-01-14,Apple,3661.32,India_Average,National
2023-01-15,Apple,3166.63,India_Average,National
2023-01-16,Apple,3161.45,India_Average,National
2023-01-17,Apple,3201.1,India_Average,National
2023-01-18,Apple,2949.56,India_Average,National
2023-01-19,Apple,3213.25,India_Average,National
2023-01-20,Apple,3174.74,India_Average,National
2023-01-21,Apple,3324.81,India_Average,National
2023-01-22,Apple,3356.39,India_Average,National
2023-01-23,Apple,3609.57,India_Average,National
2023-01-24,Apple,3456.82,India_Average,National
2023-01-25,Apple,3204.81,India_Average,National
2023-01-26,Apple,3151.76,India_Average,National
2023-01-27,Apple,3381.17,India_Average,National
2023-01-28,Apple,3082.16,India_Average,National
2023-01-29,Apple,3602.19,India_Average,National
2023-01-30,Apple,3494.61,India_Average,National
2023-01-31,Apple,3222.59,India_Average,National
2023-02-01,Apple,3218.14,India_Average,National
2023-02-02,Apple,3757.87,India_Average,National
2023-02-03,Apple,3499.46,India_Average,National
2023-02-04,Apple,3737.45,India_Average,National
2023-02-05,Apple,3239.03,India_Average,National
2023-02-06,Apple,3414.14,India_Average,National
2023-02-07,Apple,3520.54,India_Average,National
2023-02-08,Apple,3527.88,India_Average,National
2023-02-09,Apple,3440.41,India_Average,National
2023-02-10,Apple,3629.22,India_Average,National
2023-02-11,Apple,3331.73,India_Average,National
2023-02-12,Apple,3494.56,India_Average,National
2023-02-13,Apple,3540.78,India_Average,National
2023-02-14,Apple,3610.15,India_Average,National
2023-02-15,Apple,3644.85,India_Average,National
2023-02-16,Apple,3321.7,India_Average,National
2023-02-17,Apple,3249.64,India_Average,National
2023-02-18,Apple,3744.46,India_Average,National
2023-02-19,Apple,3578.1,India_Average,National
2023-02-20,Apple,3387.9,India_Average,National
2023-02-21,Apple,3792.59,India_Average,National
2023-02-22,Apple,3539.97,India_Average,National
2023-02-23,Apple,3727.15,India_Average,National
2023-02-24,Apple,3531.5,India_Average,National
2023-02-25,Apple,3882.27,India_Average,National
2023-02-26,Apple,3828.52,India_Average,National
2023-02-27,Apple,3475.8,India_Average,National
2023-02-28,Apple,3690.59,India_Average,National
2023-03-01,Apple,3716.17,India_Average,National
2023-03-02,Apple,3846.35,India_Average,National
2023-03-03,Apple,3426.31,India_Average,National
2023-03-04,Apple,3723.49,India_Average,National
2023-03-05,Apple,3790.52,India_Average,National
2023-03-06,Apple,3283.43,India_Average,National
2023-03-07,Apple,3387.01,India_Average,National
2023-03-08,Apple,3232.94,India_Average,National
2023-03-09,Apple,3551.51,India_Average,National
2023-03-10,Apple,3729.16,India_Average,National
2023-03-11,Apple,3870.42,India_Average,National
2023-03-12,Apple,3613.34,India_Average,National
2023-03-13,Apple,3893.15,India_Average,National
2023-03-14,Apple,3351.58,India_Average,National
2023-03-15,Apple,3293.39,India_Average,National
2023-03-16,Apple,3590.0,India_Average,National
2023-03-17,Apple,3669.13,India_Average,National
2023-03-18,Apple,3594.11,India_Average,National
2023-03-19,Apple,3227.86,India_Average,National
2023-03-20,Apple,3583.96,India_Average,National
2023-03-21,Apple,3365.2,India_Average,National
2023-03-22,Apple,3720.54,India_Average,National
2023-03-23,Apple,3665.99,India_Average,National
2023-03-24,Apple,3430.82,India_Average,National
2023-03-25,Apple,3507.5,India_Average,National
2023-03-26,Apple,3409.34,India_Average,National
2023-03-27,Apple,3588.72,India_Average,National
2023-03-28,Apple,3771.93,India_Average,National
2023-03-29,Apple,3422.57,India_Average,National
2023-03-30,Apple,3690.73,India_Average,National
2023-03-31,Apple,3504.55,India_Average,National
2023-04-01,Apple,3380.08,India_Average,National
2023-04-02,Apple,3500.78,India_Average,National
2023-04-03,Apple,3337.43,India_Average,National
2023-04-04,Apple,3422.18,India_Average,National
2023-04-05,Apple,3308.81,India_Average,National
2023-04-06,Apple,3865.37,India_Average,National
2023-04-07,Apple,3525.82,India_Average,National
2023-04-08,Apple,3396.48,India_Average,National
2023-04-09,Apple,3557.27,India_Average,National
2023-04-10,Apple,3499.85,India_Average,National
2023-04-11,Apple,3480.73,India_Average,National
2023-04-12,Apple,3627.7,India_Average,National
2023-04-13,Apple,3652.92,India_Average,National
2023-04-14,Apple,3426.26,India_Average,National
2023-04-15,Apple,3418.28,India_Average,National
2023-04-16,Apple,3471.21,India_Average,National
2023-04-17,Apple,3114.52,India_Average,National
2023-04-18,Apple,3252.97,India_Average,National
2023-04-19,Apple,3760.16,India_Average,National
2023-04-20,Apple,3809.1,India_Average,National
2023-04-21,Apple,3475.79,India_Average,National
2023-04-22,Apple,3621.08,India_Average,National
2023-04-23,Apple,3574.39,India_Average,National
2023-04-24,Apple,4061.44,India_Average,National
2023-04-25,Apple,3716.64,India_Average,National
2023-04-26,Apple,3497.1,India_Average,National
2023-04-27,Apple,3351.46,India_Average,National
2023-04-28,Apple,3236.91,India_Average,National
2023-04-29,Apple,3555.42,India_Average,National
2023-04-30,Apple,3386.51,India_Average,National
2023-05-01,Apple,3065.33,India_Average,National
2023-05-02,Apple,3193.32,India_Average,National
2023-05-03,Apple,3121.54,India_Average,National
2023-05-04,Apple,3578.38,India_Average,National
2023-05-05,Apple,3445.47,India_Average,National
2023-05-06,Apple,3298.68,India_Average,National
2023-05-07,Apple,3544.19,India_Average,National
2023-05-08,Apple,3312.77,India_Average,National
2023-05-09,Apple,3157.89,India_Average,National
2023-05-10,Apple,3551.32,India_Average,National
2023-05-11,Apple,3388.92,India_Average,National
2023-05-12,Apple,3128.85,India_Average,National
2023-05-13,Apple,3268.59,India_Average,National
2023-05-14,Apple,3155.52,India_Average,National
2023-05-15,Apple,3071.84,India_Average,National
2023-05-16,Apple,3452.82,India_Average,National
2023-05-17,Apple,3615.05,India_Average,National
2023-05-18,Apple,3069.24,India_Average,National
2023-05-19,Apple,3392.89,India_Average,National
2023-05-20,Apple,3192.64,India_Average,National
2023-05-21,Apple,3219.62,India_Average,National
2023-05-22,Apple,3202.26,India_Average,National
2023-05-23,Apple,3157.44,India_Average,National
2023-05-24,Apple,3308.01,India_Average,National
2023-05-25,Apple,3162.89,India_Average,National
2023-05-26,Apple,3344.63,India_Average,National
2023-05-27,Apple,3291.71,India_Average,National
2023-05-28,Apple,3260.57,India_Average,National
2023-05-29,Apple,3150.25,India_Average,National
2023-05-30,Apple,3204.83,India_Average,National
2023-05-31,Apple,3424.64,India_Average,National
2023-06-01,Apple,3075.14,India_Average,National
2023-06-02,Apple,2853.37,India_Average,National
2023-06-03,Apple,3014.9,India_Average,National
2023-06-04,Apple,3112.71,India_Average,National
2023-06-05,Apple,2749.59,India_Average,National
2023-06-06,Apple,3081.5,India_Average,National
2023-06-07,Apple,2900.61,India_Average,National
2023-06-08,Apple,3085.59,India_Average,National
2023-06-09,Apple,2885.51,India_Average,National
2023-06-10,Apple,2729.27,India_Average,National
2023-06-11,Apple,2755.87,India_Average,National
2023-06-12,Apple,3007.21,India_Average,National
2023-06-13,Apple,3038.96,India_Average,National
2023-06-14,Apple,2864.35,India_Average,National
2023-06-15,Apple,3095.79,India_Average,National
2023-06-16,Apple,2750.77,India_Average,National
2023-06-17,Apple,2990.09,India_Average,National
2023-06-18,Apple,2818.35,India_Average,National
2023-06-19,Apple,2902.22,India_Average,National
2023-06-20,Apple,3007.11,India_Average,National
2023-06-21,Apple,2870.94,India_Average,National
2023-06-22,Apple,2942.32,India_Average,National
2023-06-23,Apple,3150.94,India_Average,National
2023-06-24,Apple,2913.47,India_Average,National
2023-06-25,Apple,3125.35,India_Average,National
2023-06-26,Apple,2830.54,India_Average,National
2023-06-27,Apple,3079.47,India_Average,National
2023-06-28,Apple,3216.24,India_Average,National
2023-06-29,Apple,2629.25,India_Average,National
2023-06-30,Apple,2880.47,India_Average,National
2023-07-01,Apple,2777.9,India_Average,National
2023-07-02,Apple,2672.59,India_Average,National
2023-07-03,Apple,2750.1,India_Average,National
2023-07-04,Apple,2618.46,India_Average,National
2023-07-05,Apple,2711.69,India_Average,National
2023-07-06,Apple,2678.98,India_Average,National
2023-07-07,Apple,2857.65,India_Average,National
2023-07-08,Apple,2734.35,India_Average,National
2023-07-09,Apple,2745.58,India_Average,National
2023-07-10,Apple,2644.4,India_Average,National
2023-07-11,Apple,2634.17,India_Average,National
2023-07-12,Apple,2641.6,India_Average,National
2023-07-13,Apple,2753.25,India_Average,National
2023-07-14,Apple,2643.17,India_Average,National
2023-07-15,Apple,2739.12,India_Average,National
2023-07-16,Apple,2980.18,India_Average,National
2023-07-17,Apple,2817.6,India_Average,National
2023-07-18,Apple,2655.99,India_Average,National
2023-07-19,Apple,2862.16,India_Average,National
2023-07-20,Apple,2644.91,India_Average,National
2023-07-21,Apple,2424.85,India_Average,National
2023-07-22,Apple,2563.91,India_Average,National
2023-07-23,Apple,2447.44,India_Average,National
2023-07-24,Apple,2652.55,India_Average,National
2023-07-25,Apple,2702.49,India_Average,National
2023-07-26,Apple,2926.32,India_Average,National
2023-07-27,Apple,2744.14,India_Average,National
2023-07-28,Apple,2670.42,India_Average,National
2023-07-29,Apple,2811.97,India_Average,National
2023-07-30,Apple,2401.5,India_Average,National
2023-07-31,Apple,2731.81,India_Average,National
2023-08-01,Apple,2575.99,India_Average,National
2023-08-02,Apple,2297.01,India_Average,National
2023-08-03,Apple,2622.23,India_Average,National
2023-08-04,Apple,2522.36,India_Average,National
2023-08-05,Apple,2428.88,India_Average,National
2023-08-06,Apple,2558.86,India_Average,National
2023-08-07,Apple,2761.99,India_Average,National
2023-08-08,Apple,2502.94,India_Average,National
2023-08-09,Apple,2511.17,India_Average,National
2023-08-10,Apple,2423.42,India_Average,National
2023-08-11,Apple,2374.99,India_Average,National
2023-08-12,Apple,2583.36,India_Average,National
2023-08-13,Apple,2374.21,India_Average,National
2023-08-14,Apple,2489.26,India_Average,National
2023-08-15,Apple,2421.15,India_Average,National
2023-08-16,Apple,2539.79,India_Average,National
2023-08-17,Apple,2521.77,India_Average,National
2023-08-18,Apple,2609.06,India_Average,National
2023-08-19,Apple,2417.13,India_Average,National
2023-08-20,Apple,2446.92,India_Average,National
2023-08-21,Apple,2359.0,India_Average,National
2023-08-22,Apple,2425.28,India_Average,National
2023-08-23,Apple,2527.18,India_Average,National
2023-08-24,Apple,2574.27,India_Average,National
2023-08-25,Apple,2366.02,India_Average,National
2023-08-26,Apple,2588.23,India_Average,National
2023-08-27,Apple,2648.51,India_Average,National
2023-08-28,Apple,2531.66,India_Average,National
2023-08-29,Apple,2713.14,India_Average,National
2023-08-30,Apple,2384.42,India_Average,National
2023-08-31,Apple,2326.02,India_Average,National
2023-09-01,Apple,2186.55,India_Average,National
2023-09-02,Apple,2579.53,India_Average,National
2023-09-03,Apple,2478.52,India_Average,National
2023-09-04,Apple,2393.33,India_Average,National
2023-09-05,Apple,2433.6,India_Average,National
2023-09-06,Apple,2264.94,India_Average,National
2023-09-07,Apple,2693.49,India_Average,National
2023-09-08,Apple,2415.51,India_Average,National
2023-09-09,Apple,2413.13,India_Average,National
2023-09-10,Apple,2487.09,India_Average,National
2023-09-11,Apple,2457.72,India_Average,National
2023-09-12,Apple,2426.87,India_Average,National
2023-09-13,Apple,2305.14,India_Average,National
2023-09-14,Apple,2456.58,India_Average,National
2023-09-15,Apple,2625.84,India_Average,National
2023-09-16,Apple,2561.45,India_Average,National
2023-09-17,Apple,2591.18,India_Average,National
2023-09-18,Apple,2338.65,India_Average,National
2023-09-19,Apple,2281.25,India_Average,National
2023-09-20,Apple,2384.91,India_Average,National
2023-09-21,Apple,2406.69,India_Average,National
2023-09-22,Apple,2531.3,India_Average,National
2023-09-23,Apple,2196.9,India_Average,National
2023-09-24,Apple,2583.55,India_Average,National
2023-09-25,Apple,2381.04,India_Average,National
2023-09-26,Apple,2348.77,India_Average,National
2023-09-27,Apple,2278.55,India_Average,National
2023-09-28,Apple,2201.42,India_Average,National
2023-09-29,Apple,2498.78,India_Average,National
2023-09-30,Apple,2408.8,India_Average,National
2023-10-01,Apple,2320.4,India_Average,National
2023-10-02,Apple,2319.77,India_Average,National
2023-10-03,Apple,2438.74,India_Average,National
2023-10-04,Apple,2687.38,India_Average,National
2023-10-05,Apple,2448.19,India_Average,National
2023-10-06,Apple,2293.97,India_Average,National
2023-10-07,Apple,2449.91,India_Average,National
2023-10-08,Apple,2446.56,India_Average,National
2023-10-09,Apple,2145.92,India_Average,National
2023-10-10,Apple,2473.65,India_Average,National
2023-10-11,Apple,2451.74,India_Average,National
2023-10-12,Apple,2566.73,India_Average,National
2023-10-13,Apple,2709.69,India_Average,National
2023-10-14,Apple,2620.1,India_Average,National
2023-10-15,Apple,2447.04,India_Average,National
2023-10-16,Apple,2343.15,India_Average,National
2023-10-17,Apple,2799.53,India_Average,National
2023-10-18,Apple,2487.73,India_Average,National
2023-10-19,Apple,2482.11,India_Average,National
2023-10-20,Apple,2477.39,India_Average,National
2023-10-21,Apple,2504.95,India_Average,National
2023-10-22,Apple,2462.48,India_Average,National
2023-10-23,Apple,2409.24,India_Average,National
2023-10-24,Apple,2412.56,India_Average,National
2023-10-25,Apple,2476.32,India_Average,National
2023-10-26,Apple,2412.99,India_Average,National
2023-10-27,Apple,2391.98,India_Average,National
2023-10-28,Apple,2493.58,India_Average,National
2023-10-29,Apple,2448.76,India_Average,National
2023-10-30,Apple,2666.91,India_Average,National
2023-10-31,Apple,2151.61,India_Average,National
2023-11-01,Apple,2847.35,India_Average,National
2023-11-02,Apple,2868.22,India_Average,National
2023-11-03,Apple,2420.09,India_Average,National
2023-11-04,Apple,2653.74,India_Average,National
2023-11-05,Apple,2649.86,India_Average,National
2023-11-06,Apple,2509.99,India_Average,National
2023-11-07,Apple,2594.99,India_Average,National
2023-11-08,Apple,2550.07,India_Average,National
2023-11-09,Apple,2936.56,India_Average,National
2023-11-10,Apple,2826.32,India_Average,National
2023-11-11,Apple,2871.66,India_Average,National
2023-11-12,Apple,2797.43,India_Average,National
2023-11-13,Apple,2547.58,India_Average,National
2023-11-14,Apple,2629.19,India_Average,National
2023-11-15,Apple,2766.07,India_Average,National
2023-11-16,Apple,2535.01,India_Average,National
2023-11-17,Apple,2796.25,India_Average,National
2023-11-18,Apple,2667.56,India_Average,National
2023-11-19,Apple,2649.4,India_Average,National
2023-11-20,Apple,2795.98,India_Average,National
2023-11-21,Apple,2759.98,India_Average,National
2023-11-22,Apple,2651.27,India_Average,National
2023-11-23,Apple,2856.51,India_Average,National
2023-11-24,Apple,2554.06,India_Average,National
2023-11-25,Apple,2783.15,India_Average,National
2023-11-26,Apple,2780.07,India_Average,National
2023-11-27,Apple,2658.21,India_Average,National
2023-11-28,Apple,2744.03,India_Average,National
2023-11-29,Apple,2531.1,India_Average,National
2023-11-30,Apple,2824.74,India_Average,National
2023-12-01,Apple,2972.26,India_Average,National
2023-12-02,Apple,2921.59,India_Average,National
2023-12-03,Apple,3157.35,India_Average,National
2023-12-04,Apple,2894.35,India_Average,National
2023-12-05,Apple,2788.73,India_Average,National
2023-12-06,Apple,2766.51,India_Average,National
2023-12-07,Apple,3090.9,India_Average,National
2023-12-08,Apple,2807.94,India_Average,National
2023-12-09,Apple,3263.22,India_Average,National
2023-12-10,Apple,2687.71,India_Average,National
2023-12-11,Apple,3254.47,India_Average,National
2023-12-12,Apple,3031.65,India_Average,National
2023-12-13,Apple,2985.49,India_Average,National
2023-12-14,Apple,2918.26,India_Average,National
2023-12-15,Apple,3059.87,India_Average,National
2023-12-16,Apple,2994.35,India_Average,National
2023-12-17,Apple,3165.5,India_Average,National
2023-12-18,Apple,3017.13,India_Average,National
2023-12-19,Apple,3022.55,India_Average,National
2023-12-20,Apple,2945.46,India_Average,National
2023-12-21,Apple,2991.46,India_Average,National
2023-12-22,Apple,3046.17,India_Average,National
2023-12-23,Apple,2743.47,India_Average,National
2023-12-24,Apple,2797.77,India_Average,National
2023-12-25,Apple,3111.49,India_Average,National
2023-12-26,Apple,3025.63,India_Average,National
2023-12-27,Apple,2972.4,India_Average,National
2023-12-28,Apple,3002.77,India_Average,National
2023-12-29,Apple,3052.14,India_Average,National
2023-12-30,Apple,2919.04,India_Average,National
2023-12-31,Apple,2883.25,India_Average,National
2024-01-01,Apple,3332.31,India_Average,National
2022-01-01,Banana,1569.28,India_Average,National
2022-01-02,Banana,1683.68,India_Average,National
2022-01-03,Banana,1509.54,India_Average,National
2022-01-04,Banana,1734.91,India_Average,National
2022-01-05,Banana,1688.99,India_Average,National
2022-01-06,Banana,1671.12,India_Average,National
2022-01-07,Banana,1731.07,India_Average,National
2022-01-08,Banana,1787.4,India_Average,National
2022-01-09,Banana,1733.69,India_Average,National
2022-01-10,Banana,1498.13,India_Average,National
2022-01-11,Banana,1544.43,India_Average,National
2022-01-12,Banana,1598.45,India_Average,National
2022-01-13,Banana,1652.15,India_Average,National
2022-01-14,Banana,1692.71,India_Average,National
2022-01-15,Banana,1590.13,India_Average,National
2022-01-16,Banana,1665.41,India_Average,National
2022-01-17,Banana,1587.68,India_Average,National
2022-01-18,Banana,1599.55,India_Average,National
2022-01-19,Banana,1533.95,India_Average,National
2022-01-20,Banana,1573.83,India_Average,National
2022-01-21,Banana,1538.49,India_Average,National
2022-01-22,Banana,1569.49,India_Average,National
2022-01-23,Banana,1736.93,India_Average,National
2022-01-24,Banana,1571.67,India_Average,National
2022-01-25,Banana,1867.17,India_Average,National
2022-01-26,Banana,1690.7,India_Average,National
2022-01-27,Banana,1665.25,India_Average,National
2022-01-28,Banana,1579.19,India_Average,National
2022-01-29,Banana,1707.78,India_Average,National
2022-01-30,Banana,1602.51,India_Average,National
2022-01-31,Banana,1660.07,India_Average,National
2022-02-01,Banana,1985.07,India_Average,National
2022-02-02,Banana,1751.36,India_Average,National
2022-02-03,Banana,1860.93,India_Average,National
2022-02-04,Banana,1697.93,India_Average,National
2022-02-05,Banana,1756.73,India_Average,National
2022-02-06,Banana,1915.62,India_Average,National
2022-02-07,Banana,1704.64,India_Average,National
2022-02-08,Banana,1919.29,India_Average,National
2022-02-09,Banana,1822.08,India_Average,National
2022-02-10,Banana,1710.32,India_Average,National
2022-02-11,Banana,1815.45,India_Average,National
2022-02-12,Banana,1845.38,India_Average,National
2022-02-13,Banana,1814.52,India_Average,National
2022-02-14,Banana,1621.64,India_Average,National
2022-02-15,Banana,1695.83,India_Average,National
2022-02-16,Banana,1738.03,India_Average,National
2022-02-17,Banana,1753.26,India_Average,National
2022-02-18,Banana,1814.42,India_Average,National
2022-02-19,Banana,1775.44,India_Average,National
2022-02-20,Banana,1642.31,India_Average,National
2022-02-21,Banana,1793.26,India_Average,National
2022-02-22,Banana,1813.53,India_Average,National
2022-02-23,Banana,1809.06,India_Average,National
2022-02-24,Banana,1854.91,India_Average,National
2022-02-25,Banana,1833.18,India_Average,National
2022-02-26,Banana,1800.21,India_Average,National
2022-02-27,Banana,1753.63,India_Average,National
2022-02-28,Banana,1613.66,India_Average,National
2022-03-01,Banana,1838.67,India_Average,National
2022-03-02,Banana,1818.69,India_Average,National
2022-03-03,Banana,1824.44,India_Average,National
2022-03-04,Banana,1685.09,India_Average,National
2022-03-05,Banana,1702.7,India_Average,National
2022-03-06,Banana,1894.78,India_Average,National
2022-03-07,Banana,1796.44,India_Average,National
2022-03-08,Banana,1861.34,India_Average,National
2022-03-09,Banana,1802.55,India_Average,National
2022-03-10,Banana,1802.68,India_Average,National
2022-03-11,Banana,1884.45,India_Average,National
2022-03-12,Banana,1753.56,India_Average,National
2022-03-13,Banana,1808.65,India_Average,National
2022-03-14,Banana,1758.4,India_Average,National
2022-03-15,Banana,1760.9,India_Average,National
2022-03-16,Banana,1772.17,India_Average,National
2022-03-17,Banana,1819.99,India_Average,National
2022-03-18,Banana,1756.91,India_Average,National
2022-03-19,Banana,1913.02,India_Average,National
2022-03-20,Banana,1719.49,India_Average,National
2022-03-21,Banana,1783.18,India_Average,National
2022-03-22,Banana,1760.42,India_Average,National
2022-03-23,Banana,1930.23,India_Average,National
2022-03-24,Banana,1817.69,India_Average,National
2022-03-25,Banana,1892.87,India_Average,National
2022-03-26,Banana,1666.3,India_Average,National
2022-03-27,Banana,1824.03,India_Average,National
2022-03-28,Banana,1880.07,India_Average,National
2022-03-29,Banana,1807.41,India_Average,National
2022-03-30,Banana,1895.89,India_Average,National
2022-03-31,Banana,1753.44,India_Average,National
2022-04-01,Banana,1883.82,India_Average,National
2022-04-02,Banana,1962.09,India_Average,National
2022-04-03,Banana,1727.88,India_Average,National
2022-04-04,Banana,1720.61,India_Average,National
2022-04-05,Banana,1887.69,India_Average,National
2022-04-06,Banana,1898.79,India_Average,National
2022-04-07,Banana,1713.8,India_Average,National
2022-04-08,Banana,1722.84,India_Average,National
2022-04-09,Banana,1735.01,India_Average,National
2022-04-10,Banana,1641.51,India_Average,National
2022-04-11,Banana,1678.98,India_Average,National
2022-04-12,Banana,1671.45,India_Average,National
2022-04-13,Banana,1692.25,India_Average,National
2022-04-14,Banana,1756.76,India_Average,National
2022-04-15,Banana,1780.42,India_Average,National
2022-04-16,Banana,1896.24,India_Average,National
2022-04-17,Banana,1671.96,India_Average,National
2022-04-18,Banana,1846.42,India_Average,National
2022-04-19,Banana,1740.98,India_Average,National
2022-04-20,Banana,1755.46,India_Average,National
2022-04-21,Banana,1819.19,India_Average,National
2022-04-22,Banana,1661.02,India_Average,National
2022-04-23,Banana,1793.46,India_Average,National
2022-04-24,Banana,1774.45,India_Average,National
2022-04-25,Banana,1803.14,India_Average,National
2022-04-26,Banana,1785.25,India_Average,National
2022-04-27,Banana,1975.85,India_Average,National
2022-04-28,Banana,1703.69,India_Average,National
2022-04-29,Banana,1713.08,India_Average,National
2022-04-30,Banana,1704.98,India_Average,National
2022-05-01,Banana,1604.17,India_Average,National
2022-05-02,Banana,1597.42,India_Average,National
2022-05-03,Banana,1748.09,India_Average,National
2022-05-04,Banana,1767.19,India_Average,National
2022-05-05,Banana,1602.91,India_Average,National
2022-05-06,Banana,1581.33,India_Average,National
2022-05-07,Banana,1688.89,India_Average,National
2022-05-08,Banana,1604.44,India_Average,National
2022-05-09,Banana,1702.22,India_Average,National
2022-05-10,Banana,1666.74,India_Average,National
2022-05-11,Banana,1524.95,India_Average,National
2022-05-12,Banana,1777.67,India_Average,National
2022-05-13,Banana,1798.16,India_Average,National
2022-05-14,Banana,1599.44,India_Average,National
2022-05-15,Banana,1618.01,India_Average,National
2022-05-16,Banana,1673.58,India_Average,National
2022-05-17,Banana,1677.59,India_Average,National
2022-05-18,Banana,1704.33,India_Average,National
2022-05-19,Banana,1815.84,India_Average,National
2022-05-20,Banana,1635.4,India_Average,National
2022-05-21,Banana,1584.14,India_Average,National
2022-05-22,Banana,1536.21,India_Average,National
2022-05-23,Banana,1589.7,India_Average,National
2022-05-24,Banana,1647.27,India_Average,National
2022-05-25,Banana,1798.05,India_Average,National
2022-05-26,Banana,1607.3,India_Average,National
2022-05-27,Banana,1668.46,India_Average,National
2022-05-28,Banana,1648.65,India_Average,National
2022-05-29,Banana,1748.04,India_Average,National
2022-05-30,Banana,1858.47,India_Average,National
2022-05-31,Banana,1606.2,India_Average,National
2022-06-01,Banana,1463.29,India_Average,National
2022-06-02,Banana,1578.31,India_Average,National
2022-06-03,Banana,1551.14,India_Average,National
2022-06-04,Banana,1638.5,India_Average,National
2022-06-05,Banana,1543.79,India_Average,National
2022-06-06,Banana,1473.05,India_Average,National
2022-06-07,Banana,1544.3,India_Average,National
2022-06-08,Banana,1583.15,India_Average,National
2022-06-09,Banana,1561.54,India_Average,National
2022-06-10,Banana,1538.05,India_Average,National
2022-06-11,Banana,1580.0,India_Average,National
2022-06-12,Banana,1587.7,India_Average,National
2022-06-13,Banana,1603.66,India_Average,National
2022-06-14,Banana,1548.65,India_Average,National
2022-06-15,Banana,1487.47,India_Average,National
2022-06-16,Banana,1511.0,India_Average,National
2022-06-17,Banana,1590.49,India_Average,National
2022-06-18,Banana,1438.73,India_Average,National
2022-06-19,Banana,1527.65,India_Average,National
2022-06-20,Banana,1470.5,India_Average,National
2022-06-21,Banana,1502.16,India_Average,National
2022-06-22,Banana,1595.88,India_Average,National
2022-06-23,Banana,1514.33,India_Average,National
2022-06-24,Banana,1503.48,India_Average,National
2022-06-25,Banana,1398.01,India_Average,National
2022-06-26,Banana,1555.97,India_Average,National
2022-06-27,Banana,1548.41,India_Average,National
2022-06-28,Banana,1662.24,India_Average,National
2022-06-29,Banana,1476.92,India_Average,National
2022-06-30,Banana,1516.44,India_Average,National
2022-07-01,Banana,1366.83,India_Average,National
2022-07-02,Banana,1456.48,India_Average,National
2022-07-03,Banana,1343.57,India_Average,National
2022-07-04,Banana,1368.83,India_Average,National
2022-07-05,Banana,1391.03,India_Average,National
2022-07-06,Banana,1362.6,India_Average,National
2022-07-07,Banana,1319.87,India_Average,National
2022-07-08,Banana,1363.1,India_Average,National
2022-07-09,Banana,1422.47,India_Average,National
2022-07-10,Banana,1280.71,India_Average,National
2022-07-11,Banana,1358.98,India_Average,National
2022-07-12,Banana,1302.74,India_Average,National
2022-07-13,Banana,1430.67,India_Average,National
2022-07-14,Banana,1247.18,India_Average,National
2022-07-15,Banana,1312.27,India_Average,National
2022-07-16,Banana,1375.46,India_Average,National
2022-07-17,Banana,1455.67,India_Average,National
2022-07-18,Banana,1345.56,India_Average,National
2022-07-19,Banana,1312.52,India_Average,National
2022-07-20,Banana,1476.98,India_Average,National
2022-07-21,Banana,1252.26,India_Average,National
2022-07-22,Banana,1201.58,India_Average,National
2022-07-23,Banana,1379.7,India_Average,National
2022-07-24,Banana,1316.11,India_Average,National
2022-07-25,Banana,1281.07,India_Average,National
2022-07-26,Banana,1397.81,India_Average,National
2022-07-27,Banana,1366.46,India_Average,National
2022-07-28,Banana,1311.92,India_Average,National
2022-07-29,Banana,1263.58,India_Average,National
2022-07-30,Banana,1408.89,India_Average,National
2022-07-31,Banana,1393.89,India_Average,National
2022-08-01,Banana,1234.04,India_Average,National
2022-08-02,Banana,1354.7,India_Average,National
2022-08-03,Banana,1173.84,India_Average,National
2022-08-04,Banana,1145.6,India_Average,National
2022-08-05,Banana,1197.29,India_Average,National
2022-08-06,Banana,1237.37,India_Average,National
2022-08-07,Banana,1255.28,India_Average,National
2022-08-08,Banana,1225.23,India_Average,National
2022-08-09,Banana,1262.02,India_Average,National
2022-08-10,Banana,1162.58,India_Average,National
2022-08-11,Banana,1329.72,India_Average,National
2022-08-12,Banana,1235.1,India_Average,National
2022-08-13,Banana,1309.48,India_Average,National
2022-08-14,Banana,1261.44,India_Average,National
2022-08-15,Banana,1268.52,India_Average,National
2022-08-16,Banana,1275.52,India_Average,National
2022-08-17,Banana,1267.95,India_Average,National
2022-08-18,Banana,1280.05,India_Average,National
2022-08-19,Banana,1322.61,India_Average,National
2022-08-20,Banana,1252.38,India_Average,National
2022-08-21,Banana,1284.16,India_Average,National
2022-08-22,Banana,1234.63,India_Average,National
2022-08-23,Banana,1329.49,India_Average,National
2022-08-24,Banana,1198.25,India_Average,National
2022-08-25,Banana,1351.87,India_Average,National
2022-08-26,Banana,1237.7,India_Average,National
2022-08-27,Banana,1151.47,India_Average,National
2022-08-28,Banana,1248.14,India_Average,National
2022-08-29,Banana,1197.96,India_Average,National
2022-08-30,Banana,1292.32,India_Average,National
2022-08-31,Banana,1199.72,India_Average,National
2022-09-01,Banana,1173.23,India_Average,National
2022-09-02,Banana,1086.63,India_Average,National
2022-09-03,Banana,1172.86,India_Average,National
2022-09-04,Banana,1054.57,India_Average,National
2022-09-05,Banana,1104.97,India_Average,National
2022-09-06,Banana,1245.62,India_Average,National
2022-09-07,Banana,1247.15,India_Average,National
2022-09-08,Banana,1225.53,India_Average,National
2022-09-09,Banana,1141.98,India_Average,National
2022-09-10,Banana,1197.14,India_Average,National
2022-09-11,Banana,1199.78,India_Average,National
2022-09-12,Banana,1130.5,India_Average,National
2022-09-13,Banana,1290.2,India_Average,National
2022-09-14,Banana,1252.64,India_Average,National
2022-09-15,Banana,1186.74,India_Average,National
2022-09-16,Banana,1201.61,India_Average,National
2022-09-17,Banana,1212.5,India_Average,National
2022-09-18,Banana,1077.5,India_Average,National
2022-09-19,Banana,1185.17,India_Average,National
2022-09-20,Banana,1159.08,India_Average,National
2022-09-21,Banana,1139.9,India_Average,National
2022-09-22,Banana,1183.13,India_Average,National
2022-09-23,Banana,1307.86,India_Average,National
2022-09-24,Banana,1238.45,India_Average,National
2022-09-25,Banana,1165.73,India_Average,National
2022-09-26,Banana,1234.35,India_Average,National
2022-09-27,Banana,1283.96,India_Average,National
2022-09-28,Banana,1255.48,India_Average,National
2022-09-29,Banana,1203.58,India_Average,National
2022-09-30,Banana,1161.18,India_Average,National
2022-10-01,Banana,1283.49,India_Average,National
2022-10-02,Banana,1264.59,India_Average,National
2022-10-03,Banana,1295.7,India_Average,National
2022-10-04,Banana,1279.58,India_Average,National
2022-10-05,Banana,1305.27,India_Average,National
2022-10-06,Banana,1207.0,India_Average,National
2022-10-07,Banana,1321.88,India_Average,National
2022-10-08,Banana,1252.45,India_Average,National
2022-10-09,Banana,1368.88,India_Average,National
2022-10-10,Banana,1197.46,India_Average,National
2022-10-11,Banana,1347.84,India_Average,National
2022-10-12,Banana,1252.46,India_Average,National
2022-10-13,Banana,1199.8,India_Average,National
2022-10-14,Banana,1210.19,India_Average,National
2022-10-15,Banana,1220.33,India_Average,National
2022-10-16,Banana,1266.49,India_Average,National
2022-10-17,Banana,1272.61,India_Average,National
2022-10-18,Banana,1204.62,India_Average,National
2022-10-19,Banana,1238.68,India_Average,National
2022-10-20,Banana,1373.03,India_Average,National
2022-10-21,Banana,1347.32,India_Average,National
2022-10-22,Banana,1267.25,India_Average,National
2022-10-23,Banana,1242.55,India_Average,National
2022-10-24,Banana,1247.64,India_Average,National
2022-10-25,Banana,1278.24,India_Average,National
2022-10-26,Banana,1176.77,India_Average,National
2022-10-27,Banana,1224.23,India_Average,National
2022-10-28,Banana,1136.72,India_Average,National
2022-10-29,Banana,1264.95,India_Average,National
2022-10-30,Banana,1280.32,India_Average,National
2022-10-31,Banana,1210.23,India_Average,National
2022-11-01,Banana,1456.24,India_Average,National
2022-11-02,Banana,1267.26,India_Average,National
2022-11-03,Banana,1251.15,India_Average,National
2022-11-04,Banana,1365.15,India_Average,National
2022-11-05,Banana,1420.68,India_Average,National
2022-11-06,Banana,1463.67,India_Average,National
2022-11-07,Banana,1319.03,India_Average,National
2022-11-08,Banana,1422.81,India_Average,National
2022-11-09,Banana,1347.4,India_Average,National
2022-11-10,Banana,1338.35,India_Average,National
2022-11-11,Banana,1409.65,India_Average,National
2022-11-12,Banana,1394.03,India_Average,National
2022-11-13,Banana,1243.59,India_Average,National
2022-11-14,Banana,1449.67,India_Average,National
2022-11-15,Banana,1443.16,India_Average,National
2022-11-16,Banana,1307.77,India_Average,National
2022-11-17,Banana,1376.72,India_Average,National
2022-11-18,Banana,1383.35,India_Average,National
2022-11-19,Banana,1367.6,India_Average,National
2022-11-20,Banana,1312.85,India_Average,National
2022-11-21,Banana,1304.67,India_Average,National
2022-11-22,Banana,1348.28,India_Average,National
2022-11-23,Banana,1429.16,India_Average,National
2022-11-24,Banana,1386.69,India_Average,National
2022-11-25,Banana,1324.98,India_Average,National
2022-11-26,Banana,1402.09,India_Average,National
2022-11-27,Banana,1157.72,India_Average,National
2022-11-28,Banana,1427.54,India_Average,National
2022-11-29,Banana,1232.57,India_Average,National
2022-11-30,Banana,1325.54,India_Average,National
2022-12-01,Banana,1416.02,India_Average,National
2022-12-02,Banana,1402.9,India_Average,National
2022-12-03,Banana,1587.06,India_Average,National
2022-12-04,Banana,1464.92,India_Average,National
2022-12-05,Banana,1525.99,India_Average,National
2022-12-06,Banana,1496.48,India_Average,National
2022-12-07,Banana,1535.78,India_Average,National
2022-12-08,Banana,1505.76,India_Average,National
2022-12-09,Banana,1403.78,India_Average,National
2022-12-10,Banana,1574.72,India_Average,National
2022-12-11,Banana,1462.97,India_Average,National
2022-12-12,Banana,1383.26,India_Average,National
2022-12-13,Banana,1467.89,India_Average,National
2022-12-14,Banana,1612.56,India_Average,National
2022-12-15,Banana,1563.77,India_Average,National
2022-12-16,Banana,1473.85,India_Average,National
2022-12-17,Banana,1473.81,India_Average,National
2022-12-18,Banana,1475.88,India_Average,National
2022-12-19,Banana,1655.76,India_Average,National
2022-12-20,Banana,1528.65,India_Average,National
2022-12-21,Banana,1532.25,India_Average,National
2022-12-22,Banana,1577.27,India_Average,National
2022-12-23,Banana,1517.91,India_Average,National
2022-12-24,Banana,1480.57,India_Average,National
2022-12-25,Banana,1485.27,India_Average,National
2022-12-26,Banana,1494.63,India_Average,National
2022-12-27,Banana,1497.21,India_Average,National
2022-12-28,Banana,1554.57,India_Average,National
2022-12-29,Banana,1503.9,India_Average,National
2022-12-30,Banana,1554.95,India_Average,National
2022-12-31,Banana,1493.95,India_Average,National
2023-01-01,Banana,1656.49,India_Average,National
2023-01-02,Banana,1485.15,India_Average,National
2023-01-03,Banana,1725.6,India_Average,National
2023-01-04,Banana,1678.59,India_Average,National
2023-01-05,Banana,1732.34,India_Average,National
2023-01-06,Banana,1411.06,India_Average,National
2023-01-07,Banana,1822.29,India_Average,National
2023-01-08,Banana,1638.48,India_Average,National
2023-01-09,Banana,1741.43,India_Average,National
2023-01-10,Banana,1564.21,India_Average,National
2023-01-11,Banana,1700.55,India_Average,National
2023-01-12,Banana,1563.09,India_Average,National
2023-01-13,Banana,1598.54,India_Average,National
2023-01-14,Banana,1807.91,India_Average,National
2023-01-15,Banana,1634.27,India_Average,National
2023-01-16,Banana,1667.94,India_Average,National
2023-01-17,Banana,1721.78,India_Average,National
2023-01-18,Banana,1690.89,India_Average,National
2023-01-19,Banana,1662.41,India_Average,National
2023-01-20,Banana,1680.11,India_Average,National
2023-01-21,Banana,1848.28,India_Average,National
2023-01-22,Banana,1645.25,India_Average,National
2023-01-23,Banana,1666.59,India_Average,National
2023-01-24,Banana,1736.68,India_Average,National
2023-01-25,Banana,1741.21,India_Average,National
2023-01-26,Banana,1747.93,India_Average,National
2023-01-27,Banana,1702.7,India_Average,National
2023-01-28,Banana,1555.7,India_Average,National
2023-01-29,Banana,1784.76,India_Average,National
2023-01-30,Banana,1555.43,India_Average,National
2023-01-31,Banana,1674.97,India_Average,National
2023-02-01,Banana,1693.44,India_Average,National
2023-02-02,Banana,1754.16,India_Average,National
2023-02-03,Banana,1788.74,India_Average,National
2023-02-04,Banana,1788.08,India_Average,National
2023-02-05,Banana,1796.93,India_Average,National
2023-02-06,Banana,1901.8,India_Average,National
2023-02-07,Banana,1799.71,India_Average,National
2023-02-08,Banana,1738.32,India_Average,National
2023-02-09,Banana,1844.64,India_Average,National
2023-02-10,Banana,1864.47,India_Average,National
2023-02-11,Banana,1651.79,India_Average,National
2023-02-12,Banana,1812.37,India_Average,National
2023-02-13,Banana,1821.5,India_Average,National
2023-02-14,Banana,1733.62,India_Average,National
2023-02-15,Banana,1880.86,India_Average,National
2023-02-16,Banana,1746.6,India_Average,National
2023-02-17,Banana,1770.86,India_Average,National
2023-02-18,Banana,1744.58,India_Average,National
2023-02-19,Banana,1761.18,India_Average,National
2023-02-20,Banana,1663.35,India_Average,National
2023-02-21,Banana,1633.1,India_Average,National
2023-02-22,Banana,1900.11,India_Average,National
2023-02-23,Banana,1685.28,India_Average,National
2023-02-24,Banana,1672.57,India_Average,National
2023-02-25,Banana,1570.33,India_Average,National
2023-02-26,Banana,1703.59,India_Average,National
2023-02-27,Banana,1643.39,India_Average,National
2023-02-28,Banana,1904.29,India_Average,National
2023-03-01,Banana,1890.88,India_Average,National
2023-03-02,Banana,1738.07,India_Average,National
2023-03-03,Banana,2002.72,India_Average,National
2023-03-04,Banana,1888.36,India_Average,National
2023-03-05,Banana,1770.77,India_Average,National
2023-03-06,Banana,1575.05,India_Average,National
2023-03-07,Banana,2006.18,India_Average,National
2023-03-08,Banana,1674.94,India_Average,National
2023-03-09,Banana,1651.91,India_Average,National
2023-03-10,Banana,1892.03,India_Average,National
2023-03-11,Banana,2019.58,India_Average,National
2023-03-12,Banana,1924.58,India_Average,National
2023-03-13,Banana,1850.75,India_Average,National
2023-03-14,Banana,1853.53,India_Average,National
2023-03-15,Banana,1876.81,India_Average,National
2023-03-16,Banana,1868.3,India_Average,National
2023-03-17,Banana,1825.31,India_Average,National
2023-03-18,Banana,1809.38,India_Average,National
2023-03-19,Banana,1794.37,India_Average,National
2023-03-20,Banana,1732.14,India_Average,National
2023-03-21,Banana,1774.74,India_Average,National
2023-03-22,Banana,1647.63,India_Average,National
2023-03-23,Banana,1791.15,India_Average,National
2023-03-24,Banana,1711.03,India_Average,National
2023-03-25,Banana,1700.68,India_Average,National
2023-03-26,Banana,1816.19,India_Average,National
2023-03-27,Banana,1925.28,India_Average,National
2023-03-28,Banana,1882.65,India_Average,National
2023-03-29,Banana,1658.65,India_Average,National
2023-03-30,Banana,1710.93,India_Average,National
2023-03-31,Banana,1884.67,India_Average,National
2023-04-01,Banana,1673.36,India_Average,National
2023-04-02,Banana,1740.04,India_Average,National
2023-04-03,Banana,1808.21,India_Average,National
2023-04-04,Banana,1674.6,India_Average,National
2023-04-05,Banana,1769.08,India_Average,National
2023-04-06,Banana,1642.43,India_Average,National
2023-04-07,Banana,1706.89,India_Average,National
2023-04-08,Banana,1787.95,India_Average,National
2023-04-09,Banana,1619.64,India_Average,National
2023-04-10,Banana,1798.57,India_Average,National
2023-04-11,Banana,1758.08,India_Average,National
2023-04-12,Banana,1808.42,India_Average,National
2023-04-13,Banana,1779.51,India_Average,National
2023-04-14,Banana,1879.84,India_Average,National
2023-04-15,Banana,1770.83,India_Average,National
2023-04-16,Banana,1722.02,India_Average,National
2023-04-17,Banana,1770.57,India_Average,National
2023-04-18,Banana,1807.61,India_Average,National
2023-04-19,Banana,1764.11,India_Average,National
2023-04-20,Banana,1763.38,India_Average,National
2023-04-21,Banana,1698.04,India_Average,National
2023-04-22,Banana,1701.48,India_Average,National
2023-04-23,Banana,1636.39,India_Average,National
2023-04-24,Banana,1913.75,India_Average,National
2023-04-25,Banana,1650.36,India_Average,National
2023-04-26,Banana,1698.84,India_Average,National
2023-04-27,Banana,1696.59,India_Average,National
2023-04-28,Banana,1838.55,India_Average,National
2023-04-29,Banana,1733.85,India_Average,National
2023-04-30,Banana,1869.6,India_Average,National
2023-05-01,Banana,1594.44,India_Average,National
2023-05-02,Banana,1673.02,India_Average,National
2023-05-03,Banana,1581.08,India_Average,National
2023-05-04,Banana,1826.97,India_Average,National
2023-05-05,Banana,1552.02,India_Average,National
2023-05-06,Banana,1675.56,India_Average,National
2023-05-07,Banana,1702.29,India_Average,National
2023-05-08,Banana,1684.14,India_Average,National
2023-05-09,Banana,1634.71,India_Average,National
2023-05-10,Banana,1639.29,India_Average,National
2023-05-11,Banana,1653.61,India_Average,National
2023-05-12,Banana,1637.87,India_Average,National
2023-05-13,Banana,1729.52,India_Average,National
2023-05-14,Banana,1832.37,India_Average,National
2023-05-15,Banana,1604.01,India_Average,National
2023-05-16,Banana,1536.99,India_Average,National
2023-05-17,Banana,1642.72,India_Average,National
2023-05-18,Banana,1862.83,India_Average,National
2023-05-19,Banana,1583.7,India_Average,National
2023-05-20,Banana,1785.23,India_Average,National
2023-05-21,Banana,1788.41,India_Average,National
2023-05-22,Banana,1604.33,India_Average,National
2023-05-23,Banana,1696.94,India_Average,National
2023-05-24,Banana,1784.34,India_Average,National
2023-05-25,Banana,1618.72,India_Average,National
2023-05-26,Banana,1633.2,India_Average,National
2023-05-27,Banana,1602.01,India_Average,National
2023-05-28,Banana,1566.28,India_Average,National
2023-05-29,Banana,1596.43,India_Average,National
2023-05-30,Banana,1549.02,India_Average,National
2023-05-31,Banana,1652.81,India_Average,National
2023-06-01,Banana,1442.25,India_Average,National
2023-06-02,Banana,1517.53,India_Average,National
2023-06-03,Banana,1383.31,India_Average,National
2023-06-04,Banana,1524.82,India_Average,National
2023-06-05,Banana,1562.51,India_Average,National
2023-06-06,Banana,1350.47,India_Average,National
2023-06-07,Banana,1528.05,India_Average,National
2023-06-08,Banana,1592.08,India_Average,National
2023-06-09,Banana,1409.28,India_Average,National
2023-06-10,Banana,1625.44,India_Average,National
2023-06-11,Banana,1531.43,India_Average,National
2023-06-12,Banana,1447.12,India_Average,National
2023-06-13,Banana,1495.82,India_Average,National
2023-06-14,Banana,1541.87,India_Average,National
2023-06-15,Banana,1505.7,India_Average,National
2023-06-16,Banana,1540.41,India_Average,National
2023-06-17,Banana,1430.95,India_Average,National
2023-06-18,Banana,1512.7,India_Average,National
2023-06-19,Banana,1393.97,India_Average,National
2023-06-20,Banana,1491.66,India_Average,National
2023-06-21,Banana,1432.21,India_Average,National
2023-06-22,Banana,1444.84,India_Average,National
2023-06-23,Banana,1592.71,India_Average,National
2023-06-24,Banana,1581.85,India_Average,National
2023-06-25,Banana,1545.69,India_Average,National
2023-06-26,Banana,1418.08,India_Average,National
2023-06-27,Banana,1476.27,India_Average,National
2023-06-28,Banana,1590.98,India_Average,National
2023-06-29,Banana,1510.63,India_Average,National
2023-06-30,Banana,1673.95,India_Average,National
2023-07-01,Banana,1376.55,India_Average,National
2023-07-02,Banana,1362.96,India_Average,National
2023-07-03,Banana,1329.13,India_Average,National
2023-07-04,Banana,1359.01,India_Average,National
2023-07-05,Banana,1339.71,India_Average,National
2023-07-06,Banana,1397.8,India_Average,National
2023-07-07,Banana,1414.58,India_Average,National
2023-07-08,Banana,1296.95,India_Average,National
2023-07-09,Banana,1260.14,India_Average,National
2023-07-10,Banana,1226.06,India_Average,National
2023-07-11,Banana,1384.29,India_Average,National
2023-07-12,Banana,1275.52,India_Average,National
2023-07-13,Banana,1204.68,India_Average,National
2023-07-14,Banana,1376.23,India_Average,National
2023-07-15,Banana,1518.28,India_Average,National
2023-07-16,Banana,1349.59,India_Average,National
2023-07-17,Banana,1406.6,India_Average,National
2023-07-18,Banana,1355.52,India_Average,National
2023-07-19,Banana,1343.32,India_Average,National
2023-07-20,Banana,1412.04,India_Average,National
2023-07-21,Banana,1330.41,India_Average,National
2023-07-22,Banana,1368.05,India_Average,National
2023-07-23,Banana,1371.71,India_Average,National
2023-07-24,Banana,1304.9,India_Average,National
2023-07-25,Banana,1416.96,India_Average,National
2023-07-26,Banana,1338.19,India_Average,National
2023-07-27,Banana,1298.99,India_Average,National
2023-07-28,Banana,1386.21,India_Average,National
2023-07-29,Banana,1289.35,India_Average,National
2023-07-30,Banana,1351.9,India_Average,National
2023-07-31,Banana,1349.38,India_Average,National
2023-08-01,Banana,1307.53,India_Average,National
2023-08-02,Banana,1269.63,India_Average,National
2023-08-03,Banana,1238.64,India_Average,National
2023-08-04,Banana,1290.9,India_Average,National
2023-08-05,Banana,1326.4,India_Average,National
2023-08-06,Banana,1274.78,India_Average,National
2023-08-07,Banana,1240.83,India_Average,National
2023-08-08,Banana,1158.85,India_Average,National
2023-08-09,Banana,1174.15,India_Average,National
2023-08-10,Banana,1221.27,India_Average,National
2023-08-11,Banana,1202.4,India_Average,National
2023-08-12,Banana,1228.6,India_Average,National
2023-08-13,Banana,1243.71,India_Average,National
2023-08-14,Banana,1273.04,India_Average,National
2023-08-15,Banana,1235.82,India_Average,National
2023-08-16,Banana,1270.36,India_Average,National
2023-08-17,Banana,1244.19,India_Average,National
2023-08-18,Banana,1117.69,India_Average,National
2023-08-19,Banana,1181.94,India_Average,National
2023-08-20,Banana,1231.26,India_Average,National
2023-08-21,Banana,1165.18,India_Average,National
2023-08-22,Banana,1277.39,India_Average,National
2023-08-23,Banana,1335.11,India_Average,National
2023-08-24,Banana,1315.77,India_Average,National
2023-08-25,Banana,1226.96,India_Average,National
2023-08-26,Banana,1332.63,India_Average,National
2023-08-27,Banana,1249.41,India_Average,National
2023-08-28,Banana,1219.29,India_Average,National
2023-08-29,Banana,1202.16,India_Average,National
2023-08-30,Banana,1221.44,India_Average,National
2023-08-31,Banana,1216.12,India_Average,National
2023-09-01,Banana,1210.22,India_Average,National
2023-09-02,Banana,1209.63,India_Average,National
2023-09-03,Banana,1200.18,India_Average,National
2023-09-04,Banana,1226.22,India_Average,National
2023-09-05,Banana,1271.44,India_Average,National
2023-09-06,Banana,1256.97,India_Average,National
2023-09-07,Banana,1110.91,India_Average,National
2023-09-08,Banana,1046.76,India_Average,National
2023-09-09,Banana,1256.06,India_Average,National
2023-09-10,Banana,1117.99,India_Average,National
2023-09-11,Banana,1186.51,India_Average,National
2023-09-12,Banana,1129.79,India_Average,National
2023-09-13,Banana,1091.88,India_Average,National
2023-09-14,Banana,1232.49,India_Average,National
2023-09-15,Banana,1245.55,India_Average,National
2023-09-16,Banana,1165.41,India_Average,National
2023-09-17,Banana,1044.54,India_Average,National
2023-09-18,Banana,1167.23,India_Average,National
2023-09-19,Banana,1223.51,India_Average,National
2023-09-20,Banana,1111.27,India_Average,National
2023-09-21,Banana,1211.0,India_Average,National
2023-09-22,Banana,1199.08,India_Average,National
2023-09-23,Banana,1234.76,India_Average,National
2023-09-24,Banana,1207.17,India_Average,National
2023-09-25,Banana,1141.62,India_Average,National
2023-09-26,Banana,1271.79,India_Average,National
2023-09-27,Banana,1190.49,India_Average,National
2023-09-28,Banana,1198.36,India_Average,National
2023-09-29,Banana,1144.0,India_Average,National
2023-09-30,Banana,1173.4,India_Average,National
2023-10-01,Banana,1185.33,India_Average,National
2023-10-02,Banana,1229.47,India_Average,National
2023-10-03,Banana,1346.33,India_Average,National
2023-10-04,Banana,1155.12,India_Average,National
2023-10-05,Banana,1140.14,India_Average,National
2023-10-06,Banana,1331.42,India_Average,National
2023-10-07,Banana,1227.21,India_Average,National
2023-10-08,Banana,1198.7,India_Average,National
2023-10-09,Banana,1304.68,India_Average,National
2023-10-10,Banana,1202.64,India_Average,National
2023-10-11,Banana,1353.42,India_Average,National
2023-10-12,Banana,1282.23,India_Average,National
2023-10-13,Banana,1209.94,India_Average,National
2023-10-14,Banana,1373.97,India_Average,National
2023-10-15,Banana,1202.63,India_Average,National
2023-10-16,Banana,1286.21,India_Average,National
2023-10-17,Banana,1258.75,India_Average,National
2023-10-18,Banana,1320.91,India_Average,National
2023-10-19,Banana,1337.02,India_Average,National
2023-10-20,Banana,1242.18,India_Average,National
2023-10-21,Banana,1193.47,India_Average,National
2023-10-22,Banana,1268.72,India_Average,National
2023-10-23,Banana,1198.17,India_Average,National
2023-10-24,Banana,1365.04,India_Average,National
2023-10-25,Banana,1248.66,India_Average,National
2023-10-26,Banana,1217.54,India_Average,National
2023-10-27,Banana,1251.64,India_Average,National
2023-10-28,Banana,1156.66,India_Average,National
2023-10-29,Banana,1179.94,India_Average,National
2023-10-30,Banana,1314.63,India_Average,National
2023-10-31,Banana,1199.46,India_Average,National
2023-11-01,Banana,1279.33,India_Average,National
2023-11-02,Banana,1386.22,India_Average,National
2023-11-03,Banana,1430.04,India_Average,National
2023-11-04,Banana,1398.53,India_Average,National
2023-11-05,Banana,1417.23,India_Average,National
2023-11-06,Banana,1298.92,India_Average,National
2023-11-07,Banana,1254.03,India_Average,National
2023-11-08,Banana,1451.34,India_Average,National
2023-11-09,Banana,1328.22,India_Average,National
2023-11-10,Banana,1333.07,India_Average,National
2023-11-11,Banana,1439.65,India_Average,National
2023-11-12,Banana,1387.55,India_Average,National
2023-11-13,Banana,1380.77,India_Average,National
2023-11-14,Banana,1496.14,India_Average,National
2023-11-15,Banana,1306.56,India_Average,National
2023-11-16,Banana,1412.63,India_Average,National
2023-11-17,Banana,1353.85,India_Average,National
2023-11-18,Banana,1368.13,India_Average,National
2023-11-19,Banana,1453.17,India_Average,National
2023-11-20,Banana,1384.28,India_Average,National
2023-11-21,Banana,1386.33,India_Average,National
2023-11-22,Banana,1422.39,India_Average,National
2023-11-23,Banana,1325.37,India_Average,National
2023-11-24,Banana,1293.35,India_Average,National
2023-11-25,Banana,1279.48,India_Average,National
2023-11-26,Banana,1217.27,India_Average,National
2023-11-27,Banana,1488.79,India_Average,National
2023-11-28,Banana,1275.53,India_Average,National
2023-11-29,Banana,1335.07,India_Average,National
2023-11-30,Banana,1331.32,India_Average,National
2023-12-01,Banana,1523.06,India_Average,National
2023-12-02,Banana,1561.18,India_Average,National
2023-12-03,Banana,1564.54,India_Average,National
2023-12-04,Banana,1456.27,India_Average,National
2023-12-05,Banana,1487.47,India_Average,National
2023-12-06,Banana,1521.19,India_Average,National
2023-12-07,Banana,1481.35,India_Average,National
2023-12-08,Banana,1620.55,India_Average,National
2023-12-09,Banana,1536.82,India_Average,National
2023-12-10,Banana,1555.12,India_Average,National
2023-12-11,Banana,1549.72,India_Average,National
2023-12-12,Banana,1588.01,India_Average,National
2023-12-13,Banana,1513.58,India_Average,National
2023-12-14,Banana,1402.74,India_Average,National
2023-12-15,Banana,1529.98,India_Average,National
2023-12-16,Banana,1451.15,India_Average,National
2023-12-17,Banana,1460.35,India_Average,National
2023-12-18,Banana,1543.98,India_Average,National
2023-12-19,Banana,1592.87,India_Average,National
2023-12-20,Banana,1501.6,India_Average,National
2023-12-21,Banana,1523.16,India_Average,National
2023-12-22,Banana,1627.67,India_Average,National
2023-12-23,Banana,1518.06,India_Average,National
2023-12-24,Banana,1695.13,India_Average,National
2023-12-25,Banana,1542.41,India_Average,National
2023-12-26,Banana,1367.94,India_Average,National
2023-12-27,Banana,1556.5,India_Average,National
2023-12-28,Banana,1528.59,India_Average,National
2023-12-29,Banana,1596.73,India_Average,National
2023-12-30,Banana,1550.49,India_Average,National
2023-12-31,Banana,1489.62,India_Average,National
2024-01-01,Banana,1549.0,India_Average,National
2022-01-01,Blackgram,4898.27,India_Average,National
2022-01-02,Blackgram,4739.5,India_Average,National
2022-01-03,Blackgram,4806.32,India_Average,National
2022-01-04,Blackgram,5095.67,India_Average,National
2022-01-05,Blackgram,5363.3,India_Average,National
2022-01-06,Blackgram,5047.68,India_Average,National
2022-01-07,Blackgram,4654.02,India_Average,National
2022-01-08,Blackgram,5060.04,India_Average,National
2022-01-09,Blackgram,5246.17,India_Average,National
2022-01-10,Blackgram,4799.08,India_Average,National
2022-01-11,Blackgram,4916.83,India_Average,National
2022-01-12,Blackgram,4953.64,India_Average,National
2022-01-13,Blackgram,4755.74,India_Average,National
2022-01-14,Blackgram,5110.45,India_Average,National
2022-01-15,Blackgram,4920.07,India_Average,National
2022-01-16,Blackgram,5053.83,India_Average,National
2022-01-17,Blackgram,4730.35,India_Average,National
2022-01-18,Blackgram,4841.73,India_Average,National
2022-01-19,Blackgram,5128.79,India_Average,National
2022-01-20,Blackgram,4857.72,India_Average,National
2022-01-21,Blackgram,5377.42,India_Average,National
2022-01-22,Blackgram,4851.09,India_Average,National
2022-01-23,Blackgram,5005.61,India_Average,National
2022-01-24,Blackgram,5180.82,India_Average,National
2022-01-25,Blackgram,4598.95,India_Average,National
2022-01-26,Blackgram,4514.2,India_Average,National
2022-01-27,Blackgram,4572.4,India_Average,National
2022-01-28,Blackgram,5262.49,India_Average,National
2022-01-29,Blackgram,4813.42,India_Average,National
2022-01-30,Blackgram,5583.15,India_Average,National
2022-01-31,Blackgram,4810.35,India_Average,National
2022-02-01,Blackgram,5328.14,India_Average,National
2022-02-02,Blackgram,5686.5,India_Average,National
2022-02-03,Blackgram,5808.97,India_Average,National
2022-02-04,Blackgram,5823.6,India_Average,National
2022-02-05,Blackgram,5598.4,India_Average,National
2022-02-06,Blackgram,5549.75,India_Average,National
2022-02-07,Blackgram,5435.83,India_Average,National
2022-02-08,Blackgram,5484.89,India_Average,National
2022-02-09,Blackgram,5133.93,India_Average,National
2022-02-10,Blackgram,5063.44,India_Average,National
2022-02-11,Blackgram,5278.53,India_Average,National
2022-02-12,Blackgram,5234.5,India_Average,National
2022-02-13,Blackgram,5159.78,India_Average,National
2022-02-14,Blackgram,5463.25,India_Average,National
2022-02-15,Blackgram,5531.6,India_Average,National
2022-02-16,Blackgram,5302.76,India_Average,National
2022-02-17,Blackgram,5669.45,India_Average,National
2022-02-18,Blackgram,4978.05,India_Average,National
2022-02-19,Blackgram,5228.3,India_Average,National
2022-02-20,Blackgram,5090.2,India_Average,National
2022-02-21,Blackgram,4786.71,India_Average,National
2022-02-22,Blackgram,5257.6,India_Average,National
2022-02-23,Blackgram,5247.29,India_Average,National
2022-02-24,Blackgram,5678.93,India_Average,National
2022-02-25,Blackgram,5445.94,India_Average,National
2022-02-26,Blackgram,5009.07,India_Average,National
2022-02-27,Blackgram,5768.85,India_Average,National
2022-02-28,Blackgram,5601.74,India_Average,National
2022-03-01,Blackgram,5557.17,India_Average,National
2022-03-02,Blackgram,5338.85,India_Average,National
2022-03-03,Blackgram,5140.95,India_Average,National
2022-03-04,Blackgram,5299.5,India_Average,National
2022-03-05,Blackgram,5693.96,India_Average,National
2022-03-06,Blackgram,5908.84,India_Average,National
2022-03-07,Blackgram,5816.68,India_Average,National
2022-03-08,Blackgram,5268.01,India_Average,National
2022-03-09,Blackgram,5097.7,India_Average,National
2022-03-10,Blackgram,5438.04,India_Average,National
2022-03-11,Blackgram,4922.52,India_Average,National
2022-03-12,Blackgram,5487.26,India_Average,National
2022-03-13,Blackgram,5360.15,India_Average,National
2022-03-14,Blackgram,5274.17,India_Average,National
2022-03-15,Blackgram,4969.43,India_Average,National
2022-03-16,Blackgram,5538.67,India_Average,National
2022-03-17,Blackgram,5256.17,India_Average,National
2022-03-18,Blackgram,5084.12,India_Average,National
2022-03-19,Blackgram,4624.49,India_Average,National
2022-03-20,Blackgram,5392.57,India_Average,National
2022-03-21,Blackgram,5878.51,India_Average,National
2022-03-22,Blackgram,5848.54,India_Average,National
2022-03-23,Blackgram,5276.58,India_Average,National
2022-03-24,Blackgram,5237.4,India_Average,National
2022-03-25,Blackgram,5526.57,India_Average,National
2022-03-26,Blackgram,5130.44,India_Average,National
2022-03-27,Blackgram,5481.48,India_Average,National
2022-03-28,Blackgram,5606.84,India_Average,National
2022-03-29,Blackgram,5731.27,India_Average,National
2022-03-30,Blackgram,5372.96,India_Average,National
2022-03-31,Blackgram,5345.01,India_Average,National
2022-04-01,Blackgram,5047.66,India_Average,National
2022-04-02,Blackgram,5061.15,India_Average,National
2022-04-03,Blackgram,5219.64,India_Average,National
2022-04-04,Blackgram,5376.4,India_Average,National
2022-04-05,Blackgram,5520.58,India_Average,National
2022-04-06,Blackgram,5067.41,India_Average,National
2022-04-07,Blackgram,5673.45,India_Average,National
2022-04-08,Blackgram,5207.85,India_Average,National
2022-04-09,Blackgram,5273.78,India_Average,National
2022-04-10,Blackgram,5082.18,India_Average,National
2022-04-11,Blackgram,4639.49,India_Average,National
2022-04-12,Blackgram,5512.79,India_Average,National
2022-04-13,Blackgram,5473.93,India_Average,National
2022-04-14,Blackgram,5205.16,India_Average,National
2022-04-15,Blackgram,5297.11,India_Average,National
2022-04-16,Blackgram,5415.62,India_Average,National
2022-04-17,Blackgram,4866.96,India_Average,National
2022-04-18,Blackgram,5139.77,India_Average,National
2022-04-19,Blackgram,5489.09,India_Average,National
2022-04-20,Blackgram,4948.33,India_Average,National
2022-04-21,Blackgram,5356.91,India_Average,National
2022-04-22,Blackgram,4921.32,India_Average,National
2022-04-23,Blackgram,5402.55,India_Average,National
2022-04-24,Blackgram,5270.01,India_Average,National
2022-04-25,Blackgram,4853.07,India_Average,National
2022-04-26,Blackgram,5586.88,India_Average,National
2022-04-27,Blackgram,5085.51,India_Average,National
2022-04-28,Blackgram,5065.54,India_Average,National
2022-04-29,Blackgram,5332.37,India_Average,National
2022-04-30,Blackgram,5582.63,India_Average,National
2022-05-01,Blackgram,4698.58,India_Average,National
2022-05-02,Blackgram,4965.27,India_Average,National
2022-05-03,Blackgram,5056.13,India_Average,National
2022-05-04,Blackgram,5121.54,India_Average,National
2022-05-05,Blackgram,4993.67,India_Average,National
2022-05-06,Blackgram,4859.16,India_Average,National
2022-05-07,Blackgram,4745.17,India_Average,National
2022-05-08,Blackgram,4971.32,India_Average,National
2022-05-09,Blackgram,4684.65,India_Average,National
2022-05-10,Blackgram,4226.97,India_Average,National
2022-05-11,Blackgram,5058.05,India_Average,National
2022-05-12,Blackgram,5173.72,India_Average,National
2022-05-13,Blackgram,4365.17,India_Average,National
2022-05-14,Blackgram,4700.09,India_Average,National
2022-05-15,Blackgram,5103.24,India_Average,National
2022-05-16,Blackgram,5459.23,India_Average,National
2022-05-17,Blackgram,4955.15,India_Average,National
2022-05-18,Blackgram,4769.82,India_Average,National
2022-05-19,Blackgram,4904.73,India_Average,National
2022-05-20,Blackgram,5290.28,India_Average,National
2022-05-21,Blackgram,4790.12,India_Average,National
2022-05-22,Blackgram,4752.2,India_Average,National
2022-05-23,Blackgram,4830.52,India_Average,National
2022-05-24,Blackgram,4714.05,India_Average,National
2022-05-25,Blackgram,4980.36,India_Average,National
2022-05-26,Blackgram,5352.11,India_Average,National
2022-05-27,Blackgram,5029.96,India_Average,National
2022-05-28,Blackgram,4887.54,India_Average,National
2022-05-29,Blackgram,4877.78,India_Average,National
2022-05-30,Blackgram,4563.11,India_Average,National
2022-05-31,Blackgram,5168.57,India_Average,National
2022-06-01,Blackgram,4482.49,India_Average,National
2022-06-02,Blackgram,4459.39,India_Average,National
2022-06-03,Blackgram,5218.45,India_Average,National
2022-06-04,Blackgram,4567.22,India_Average,National
2022-06-05,Blackgram,4330.85,India_Average,National
2022-06-06,Blackgram,4404.07,India_Average,National
2022-06-07,Blackgram,4758.4,India_Average,National
2022-06-08,Blackgram,4525.49,India_Average,National
2022-06-09,Blackgram,4176.39,India_Average,National
2022-06-10,Blackgram,4706.83,India_Average,National
2022-06-11,Blackgram,4349.67,India_Average,National
2022-06-12,Blackgram,4921.49,India_Average,National
2022-06-13,Blackgram,4743.01,India_Average,National
2022-06-14,Blackgram,4399.35,India_Average,National
2022-06-15,Blackgram,4788.23,India_Average,National
2022-06-16,Blackgram,4515.27,India_Average,National
2022-06-17,Blackgram,4691.87,India_Average,National
2022-06-18,Blackgram,4609.06,India_Average,National
2022-06-19,Blackgram,4309.57,India_Average,National
2022-06-20,Blackgram,4355.2,India_Average,National
2022-06-21,Blackgram,4731.74,India_Average,National
2022-06-22,Blackgram,4424.68,India_Average,National
2022-06-23,Blackgram,4409.18,India_Average,National
2022-06-24,Blackgram,4285.1,India_Average,National
2022-06-25,Blackgram,4595.31,India_Average,National
2022-06-26,Blackgram,4964.07,India_Average,National
2022-06-27,Blackgram,4259.81,India_Average,National
2022-06-28,Blackgram,4505.45,India_Average,National
2022-06-29,Blackgram,4817.75,India_Average,National
2022-06-30,Blackgram,4482.08,India_Average,National
2022-07-01,Blackgram,4141.61,India_Average,National
2022-07-02,Blackgram,3834.87,India_Average,National
2022-07-03,Blackgram,4136.73,India_Average,National
2022-07-04,Blackgram,4012.1,India_Average,National
2022-07-05,Blackgram,4249.61,India_Average,National
2022-07-06,Blackgram,4290.45,India_Average,National
2022-07-07,Blackgram,4574.39,India_Average,National
2022-07-08,Blackgram,4167.38,India_Average,National
2022-07-09,Blackgram,4115.97,India_Average,National
2022-07-10,Blackgram,4089.36,India_Average,National
2022-07-11,Blackgram,3978.48,India_Average,National
2022-07-12,Blackgram,4118.54,India_Average,National
2022-07-13,Blackgram,3990.18,India_Average,National
2022-07-14,Blackgram,4084.11,India_Average,National
2022-07-15,Blackgram,4316.81,India_Average,National
2022-07-16,Blackgram,3846.18,India_Average,National
2022-07-17,Blackgram,4280.83,India_Average,National
2022-07-18,Blackgram,4316.72,India_Average,National
2022-07-19,Blackgram,4026.09,India_Average,National
2022-07-20,Blackgram,3620.32,India_Average,National
2022-07-21,Blackgram,3926.92,India_Average,National
2022-07-22,Blackgram,4312.64,India_Average,National
2022-07-23,Blackgram,4045.37,India_Average,National
2022-07-24,Blackgram,3847.64,India_Average,National
2022-07-25,Blackgram,3947.78,India_Average,National
2022-07-26,Blackgram,4220.23,India_Average,National
2022-07-27,Blackgram,4160.71,India_Average,National
2022-07-28,Blackgram,4001.62,India_Average,National
2022-07-29,Blackgram,3975.72,India_Average,National
2022-07-30,Blackgram,3970.67,India_Average,National
2022-07-31,Blackgram,3863.21,India_Average,National
2022-08-01,Blackgram,4021.08,India_Average,National
2022-08-02,Blackgram,3660.62,India_Average,National
2022-08-03,Blackgram,3947.0,India_Average,National
2022-08-04,Blackgram,4003.59,India_Average,National
2022-08-05,Blackgram,3906.29,India_Average,National
2022-08-06,Blackgram,3640.28,India_Average,National
2022-08-07,Blackgram,3795.68,India_Average,National
2022-08-08,Blackgram,3716.08,India_Average,National
2022-08-09,Blackgram,3552.46,India_Average,National
2022-08-10,Blackgram,3780.92,India_Average,National
2022-08-11,Blackgram,3501.24,India_Average,National
2022-08-12,Blackgram,3941.52,India_Average,National
2022-08-13,Blackgram,3634.14,India_Average,National
2022-08-14,Blackgram,3758.0,India_Average,National
2022-08-15,Blackgram,3773.28,India_Average,National
2022-08-16,Blackgram,3672.41,India_Average,National
2022-08-17,Blackgram,3829.72,India_Average,National
2022-08-18,Blackgram,3632.23,India_Average,National
2022-08-19,Blackgram,3882.66,India_Average,National
2022-08-20,Blackgram,3470.19,India_Average,National
2022-08-21,Blackgram,3744.09,India_Average,National
2022-08-22,Blackgram,4081.27,India_Average,National
2022-08-23,Blackgram,3534.49,India_Average,National
2022-08-24,Blackgram,3594.5,India_Average,National
2022-08-25,Blackgram,3816.18,India_Average,National
2022-08-26,Blackgram,3753.98,India_Average,National
2022-08-27,Blackgram,3785.8,India_Average,National
2022-08-28,Blackgram,3811.58,India_Average,National
2022-08-29,Blackgram,3838.65,India_Average,National
2022-08-30,Blackgram,3927.01,India_Average,National
2022-08-31,Blackgram,3796.82,India_Average,National
2022-09-01,Blackgram,3556.57,India_Average,National
2022-09-02,Blackgram,3721.06,India_Average,National
2022-09-03,Blackgram,3941.98,India_Average,National
2022-09-04,Blackgram,3576.13,India_Average,National
2022-09-05,Blackgram,3424.58,India_Average,National
2022-09-06,Blackgram,3799.27,India_Average,National
2022-09-07,Blackgram,3578.33,India_Average,National
2022-09-08,Blackgram,3208.92,India_Average,National
2022-09-09,Blackgram,3752.54,India_Average,National
2022-09-10,Blackgram,3503.64,India_Average,National
2022-09-11,Blackgram,3583.7,India_Average,National
2022-09-12,Blackgram,3659.76,India_Average,National
2022-09-13,Blackgram,3634.29,India_Average,National
2022-09-14,Blackgram,3727.7,India_Average,National
2022-09-15,Blackgram,3521.61,India_Average,National
2022-09-16,Blackgram,3692.36,India_Average,National
2022-09-17,Blackgram,3553.28,India_Average,National
2022-09-18,Blackgram,3732.99,India_Average,National
2022-09-19,Blackgram,3710.77,India_Average,National
2022-09-20,Blackgram,3431.62,India_Average,National
2022-09-21,Blackgram,3795.48,India_Average,National
2022-09-22,Blackgram,3503.53,India_Average,National
2022-09-23,Blackgram,3745.45,India_Average,National
2022-09-24,Blackgram,3666.11,India_Average,National
2022-09-25,Blackgram,3930.87,India_Average,National
2022-09-26,Blackgram,3559.78,India_Average,National
2022-09-27,Blackgram,3537.12,India_Average,National
2022-09-28,Blackgram,3596.5,India_Average,National
2022-09-29,Blackgram,3545.43,India_Average,National
2022-09-30,Blackgram,3743.99,India_Average,National
2022-10-01,Blackgram,3419.9,India_Average,National
2022-10-02,Blackgram,3524.56,India_Average,National
2022-10-03,Blackgram,3521.93,India_Average,National
2022-10-04,Blackgram,3897.36,India_Average,National
2022-10-05,Blackgram,4038.8,India_Average,National
2022-10-06,Blackgram,3701.15,India_Average,National
2022-10-07,Blackgram,3689.17,India_Average,National
2022-10-08,Blackgram,3733.61,India_Average,National
2022-10-09,Blackgram,3936.72,India_Average,National
2022-10-10,Blackgram,3548.06,India_Average,National
2022-10-11,Blackgram,3764.92,India_Average,National
2022-10-12,Blackgram,3901.99,India_Average,National
2022-10-13,Blackgram,3813.8,India_Average,National
2022-10-14,Blackgram,3755.84,India_Average,National
2022-10-15,Blackgram,3906.8,India_Average,National
2022-10-16,Blackgram,3217.7,India_Average,National
2022-10-17,Blackgram,3846.68,India_Average,National
2022-10-18,Blackgram,3598.9,India_Average,National
2022-10-19,Blackgram,3380.03,India_Average,National
2022-10-20,Blackgram,3815.68,India_Average,National
2022-10-21,Blackgram,3976.12,India_Average,National
2022-10-22,Blackgram,3695.01,India_Average,National
2022-10-23,Blackgram,3897.84,India_Average,National
2022-10-24,Blackgram,4020.51,India_Average,National
2022-10-25,Blackgram,3965.19,India_Average,National
2022-10-26,Blackgram,4025.66,India_Average,National
2022-10-27,Blackgram,3858.63,India_Average,National
2022-10-28,Blackgram,3734.61,India_Average,National
2022-10-29,Blackgram,3422.57,India_Average,National
2022-10-30,Blackgram,3674.8,India_Average,National
2022-10-31,Blackgram,3563.71,India_Average,National
2022-11-01,Blackgram,4489.62,India_Average,National
2022-11-02,Blackgram,4014.38,India_Average,National
2022-11-03,Blackgram,4074.95,India_Average,National
2022-11-04,Blackgram,4161.68,India_Average,National
2022-11-05,Blackgram,4058.83,India_Average,National
2022-11-06,Blackgram,4393.25,India_Average,National
2022-11-07,Blackgram,3923.91,India_Average,National
2022-11-08,Blackgram,4089.41,India_Average,National
2022-11-09,Blackgram,3899.65,India_Average,National
2022-11-10,Blackgram,3782.7,India_Average,National
2022-11-11,Blackgram,3926.12,India_Average,National
2022-11-12,Blackgram,4042.5,India_Average,National
2022-11-13,Blackgram,3963.07,India_Average,National
2022-11-14,Blackgram,3909.78,India_Average,National
2022-11-15,Blackgram,3765.22,India_Average,National
2022-11-16,Blackgram,4033.17,India_Average,National
2022-11-17,Blackgram,3745.29,India_Average,National
2022-11-18,Blackgram,4203.91,India_Average,National
2022-11-19,Blackgram,4066.69,India_Average,National
2022-11-20,Blackgram,3754.85,India_Average,National
2022-11-21,Blackgram,3987.39,India_Average,National
2022-11-22,Blackgram,3897.69,India_Average,National
2022-11-23,Blackgram,4114.63,India_Average,National
2022-11-24,Blackgram,4321.44,India_Average,National
2022-11-25,Blackgram,3670.28,India_Average,National
2022-11-26,Blackgram,4073.29,India_Average,National
2022-11-27,Blackgram,4017.57,India_Average,National
2022-11-28,Blackgram,4185.95,India_Average,National
2022-11-29,Blackgram,4093.17,India_Average,National
2022-11-30,Blackgram,3897.73,India_Average,National
2022-12-01,Blackgram,4428.21,India_Average,National
2022-12-02,Blackgram,4320.89,India_Average,National
2022-12-03,Blackgram,4742.1,India_Average,National
2022-12-04,Blackgram,4504.8,India_Average,National
2022-12-05,Blackgram,4927.77,India_Average,National
2022-12-06,Blackgram,4486.35,India_Average,National
2022-12-07,Blackgram,4340.61,India_Average,National
2022-12-08,Blackgram,4159.41,India_Average,National
2022-12-09,Blackgram,4094.29,India_Average,National
2022-12-10,Blackgram,4143.57,India_Average,National
2022-12-11,Blackgram,4560.1,India_Average,National
2022-12-12,Blackgram,4614.46,India_Average,National
2022-12-13,Blackgram,4144.23,India_Average,National
2022-12-14,Blackgram,4701.38,India_Average,National
2022-12-15,Blackgram,4391.31,India_Average,National
2022-12-16,Blackgram,4533.03,India_Average,National
2022-12-17,Blackgram,4862.75,India_Average,National
2022-12-18,Blackgram,4701.79,India_Average,National
2022-12-19,Blackgram,4439.58,India_Average,National
2022-12-20,Blackgram,4299.48,India_Average,National
2022-12-21,Blackgram,4015.84,India_Average,National
2022-12-22,Blackgram,4338.19,India_Average,National
2022-12-23,Blackgram,4452.5,India_Average,National
2022-12-24,Blackgram,4277.88,India_Average,National
2022-12-25,Blackgram,4470.47,India_Average,National
2022-12-26,Blackgram,4517.29,India_Average,National
2022-12-27,Blackgram,4449.41,India_Average,National
2022-12-28,Blackgram,4353.75,India_Average,National
2022-12-29,Blackgram,4537.95,India_Average,National
2022-12-30,Blackgram,4599.44,India_Average,National
2022-12-31,Blackgram,4254.66,India_Average,National
2023-01-01,Blackgram,5299.21,India_Average,National
2023-01-02,Blackgram,4925.6,India_Average,National
2023-01-03,Blackgram,4954.67,India_Average,National
2023-01-04,Blackgram,5125.28,India_Average,National
2023-01-05,Blackgram,5007.72,India_Average,National
2023-01-06,Blackgram,5185.9,India_Average,National
2023-01-07,Blackgram,5021.06,India_Average,National
2023-01-08,Blackgram,4798.42,India_Average,National
2023-01-09,Blackgram,5039.47,India_Average,National
2023-01-10,Blackgram,4666.93,India_Average,National
2023-01-11,Blackgram,4976.87,India_Average,National
2023-01-12,Blackgram,4941.78,India_Average,National
2023-01-13,Blackgram,4898.49,India_Average,National
2023-01-14,Blackgram,4918.19,India_Average,National
2023-01-15,Blackgram,4484.24,India_Average,National
2023-01-16,Blackgram,4814.19,India_Average,National
2023-01-17,Blackgram,4972.98,India_Average,National
2023-01-18,Blackgram,4989.56,India_Average,National
2023-01-19,Blackgram,4695.65,India_Average,National
2023-01-20,Blackgram,5263.26,India_Average,National
2023-01-21,Blackgram,4735.62,India_Average,National
2023-01-22,Blackgram,5189.94,India_Average,National
2023-01-23,Blackgram,5055.73,India_Average,National
2023-01-24,Blackgram,4790.06,India_Average,National
2023-01-25,Blackgram,5389.39,India_Average,National
2023-01-26,Blackgram,4654.57,India_Average,National
2023-01-27,Blackgram,5177.49,India_Average,National
2023-01-28,Blackgram,5197.64,India_Average,National
2023-01-29,Blackgram,4784.02,India_Average,National
2023-01-30,Blackgram,5294.64,India_Average,National
2023-01-31,Blackgram,4888.11,India_Average,National
2023-02-01,Blackgram,5355.63,India_Average,National
2023-02-02,Blackgram,5348.14,India_Average,National
2023-02-03,Blackgram,5243.97,India_Average,National
2023-02-04,Blackgram,5493.45,India_Average,National
2023-02-05,Blackgram,5488.88,India_Average,National
2023-02-06,Blackgram,4817.86,India_Average,National
2023-02-07,Blackgram,5623.73,India_Average,National
2023-02-08,Blackgram,4840.57,India_Average,National
2023-02-09,Blackgram,5551.99,India_Average,National
2023-02-10,Blackgram,5576.84,India_Average,National
2023-02-11,Blackgram,4991.44,India_Average,National
2023-02-12,Blackgram,5170.98,India_Average,National
2023-02-13,Blackgram,4987.55,India_Average,National
2023-02-14,Blackgram,5222.69,India_Average,National
2023-02-15,Blackgram,5198.11,India_Average,National
2023-02-16,Blackgram,5485.23,India_Average,National
2023-02-17,Blackgram,5625.31,India_Average,National
2023-02-18,Blackgram,5647.84,India_Average,National
2023-02-19,Blackgram,5131.03,India_Average,National
2023-02-20,Blackgram,5224.19,India_Average,National
2023-02-21,Blackgram,4835.04,India_Average,National
2023-02-22,Blackgram,5066.7,India_Average,National
2023-02-23,Blackgram,5534.12,India_Average,National
2023-02-24,Blackgram,5705.89,India_Average,National
2023-02-25,Blackgram,4953.59,India_Average,National
2023-02-26,Blackgram,5123.03,India_Average,National
2023-02-27,Blackgram,5272.45,India_Average,National
2023-02-28,Blackgram,5353.38,India_Average,National
2023-03-01,Blackgram,5181.41,India_Average,National
2023-03-02,Blackgram,5514.5,India_Average,National
2023-03-03,Blackgram,5272.06,India_Average,National
2023-03-04,Blackgram,5396.1,India_Average,National
2023-03-05,Blackgram,5547.5,India_Average,National
2023-03-06,Blackgram,5401.73,India_Average,National
2023-03-07,Blackgram,5282.18,India_Average,National
2023-03-08,Blackgram,5370.41,India_Average,National
2023-03-09,Blackgram,5376.14,India_Average,National
2023-03-10,Blackgram,5300.1,India_Average,National
2023-03-11,Blackgram,5330.13,India_Average,National
2023-03-12,Blackgram,5831.63,India_Average,National
2023-03-13,Blackgram,5551.45,India_Average,National
2023-03-14,Blackgram,5320.22,India_Average,National
2023-03-15,Blackgram,5588.18,India_Average,National
2023-03-16,Blackgram,5309.87,India_Average,National
2023-03-17,Blackgram,5716.74,India_Average,National
2023-03-18,Blackgram,5499.8,India_Average,National
2023-03-19,Blackgram,5371.03,India_Average,National
2023-03-20,Blackgram,5520.88,India_Average,National
2023-03-21,Blackgram,4975.86,India_Average,National
2023-03-22,Blackgram,5095.77,India_Average,National
2023-03-23,Blackgram,5077.64,India_Average,National
2023-03-24,Blackgram,5438.59,India_Average,National
2023-03-25,Blackgram,5867.78,India_Average,National
2023-03-26,Blackgram,6002.45,India_Average,National
2023-03-27,Blackgram,5572.27,India_Average,National
2023-03-28,Blackgram,5535.23,India_Average,National
2023-03-29,Blackgram,4913.71,India_Average,National
2023-03-30,Blackgram,5253.48,India_Average,National
2023-03-31,Blackgram,5187.3,India_Average,National
2023-04-01,Blackgram,5115.54,India_Average,National
2023-04-02,Blackgram,5235.04,India_Average,National
2023-04-03,Blackgram,5154.8,India_Average,National
2023-04-04,Blackgram,4756.94,India_Average,National
2023-04-05,Blackgram,5476.85,India_Average,National
2023-04-06,Blackgram,4996.25,India_Average,National
2023-04-07,Blackgram,5342.58,India_Average,National
2023-04-08,Blackgram,5826.92,India_Average,National
2023-04-09,Blackgram,5036.73,India_Average,National
2023-04-10,Blackgram,4611.5,India_Average,National
2023-04-11,Blackgram,5203.93,India_Average,National
2023-04-12,Blackgram,5570.04,India_Average,National
2023-04-13,Blackgram,5796.37,India_Average,National
2023-04-14,Blackgram,4954.86,India_Average,National
2023-04-15,Blackgram,5410.54,India_Average,National
2023-04-16,Blackgram,5156.59,India_Average,National
2023-04-17,Blackgram,5251.46,India_Average,National
2023-04-18,Blackgram,5977.45,India_Average,National
2023-04-19,Blackgram,4882.68,India_Average,National
2023-04-20,Blackgram,5346.4,India_Average,National
2023-04-21,Blackgram,5402.88,India_Average,National
2023-04-22,Blackgram,5566.04,India_Average,National
2023-04-23,Blackgram,5305.29,India_Average,National
2023-04-24,Blackgram,5360.74,India_Average,National
2023-04-25,Blackgram,5176.04,India_Average,National
2023-04-26,Blackgram,5350.46,India_Average,National
2023-04-27,Blackgram,5188.83,India_Average,National
2023-04-28,Blackgram,5443.5,India_Average,National
2023-04-29,Blackgram,5181.86,India_Average,National
2023-04-30,Blackgram,5378.97,India_Average,National
2023-05-01,Blackgram,4942.76,India_Average,National
2023-05-02,Blackgram,5228.7,India_Average,National
2023-05-03,Blackgram,4937.28,India_Average,National
2023-05-04,Blackgram,4511.17,India_Average,National
2023-05-05,Blackgram,5262.33,India_Average,National
2023-05-06,Blackgram,4725.83,India_Average,National
2023-05-07,Blackgram,4788.19,India_Average,National
2023-05-08,Blackgram,4802.57,India_Average,National
2023-05-09,Blackgram,5290.17,India_Average,National
2023-05-10,Blackgram,4421.42,India_Average,National
2023-05-11,Blackgram,5726.59,India_Average,National
2023-05-12,Blackgram,5211.37,India_Average,National
2023-05-13,Blackgram,5005.25,India_Average,National
2023-05-14,Blackgram,4936.41,India_Average,National
2023-05-15,Blackgram,5020.67,India_Average,National
2023-05-16,Blackgram,5078.98,India_Average,National
2023-05-17,Blackgram,5109.69,India_Average,National
2023-05-18,Blackgram,5087.51,India_Average,National
2023-05-19,Blackgram,4972.17,India_Average,National
2023-05-20,Blackgram,4901.16,India_Average,National
2023-05-21,Blackgram,4912.56,India_Average,National
2023-05-22,Blackgram,4901.76,India_Average,National
2023-05-23,Blackgram,5230.61,India_Average,National
2023-05-24,Blackgram,5096.91,India_Average,National
2023-05-25,Blackgram,4222.25,India_Average,National
2023-05-26,Blackgram,5112.34,India_Average,National
2023-05-27,Blackgram,4998.2,India_Average,National
2023-05-28,Blackgram,4945.37,India_Average,National
2023-05-29,Blackgram,4853.84,India_Average,National
2023-05-30,Blackgram,5228.22,India_Average,National
2023-05-31,Blackgram,5184.51,India_Average,National
2023-06-01,Blackgram,4326.1,India_Average,National
2023-06-02,Blackgram,4591.59,India_Average,National
2023-06-03,Blackgram,4281.38,India_Average,National
2023-06-04,Blackgram,4189.59,India_Average,National
2023-06-05,Blackgram,4358.99,India_Average,National
2023-06-06,Blackgram,4694.04,India_Average,National
2023-06-07,Blackgram,4714.45,India_Average,National
2023-06-08,Blackgram,4615.44,India_Average,National
2023-06-09,Blackgram,4663.15,India_Average,National
2023-06-10,Blackgram,4616.14,India_Average,National
2023-06-11,Blackgram,4355.67,India_Average,National
2023-06-12,Blackgram,4597.18,India_Average,National
2023-06-13,Blackgram,4680.09,India_Average,National
2023-06-14,Blackgram,4669.72,India_Average,National
2023-06-15,Blackgram,4767.51,India_Average,National
2023-06-16,Blackgram,4659.37,India_Average,National
2023-06-17,Blackgram,4579.08,India_Average,National
2023-06-18,Blackgram,4740.78,India_Average,National
2023-06-19,Blackgram,4494.03,India_Average,National
2023-06-20,Blackgram,4301.58,India_Average,National
2023-06-21,Blackgram,4463.31,India_Average,National
2023-06-22,Blackgram,4332.4,India_Average,National
2023-06-23,Blackgram,4348.08,India_Average,National
2023-06-24,Blackgram,4467.48,India_Average,National
2023-06-25,Blackgram,4321.71,India_Average,National
2023-06-26,Blackgram,4430.71,India_Average,National
2023-06-27,Blackgram,4073.94,India_Average,National
2023-06-28,Blackgram,4547.99,India_Average,National
2023-06-29,Blackgram,4500.27,India_Average,National
2023-06-30,Blackgram,4316.16,India_Average,National
2023-07-01,Blackgram,4183.5,India_Average,National
2023-07-02,Blackgram,4239.86,India_Average,National
2023-07-03,Blackgram,3724.47,India_Average,National
2023-07-04,Blackgram,3895.55,India_Average,National
2023-07-05,Blackgram,3894.25,India_Average,National
2023-07-06,Blackgram,3859.67,India_Average,National
2023-07-07,Blackgram,4217.97,India_Average,National
2023-07-08,Blackgram,4010.75,India_Average,National
2023-07-09,Blackgram,3996.44,India_Average,National
2023-07-10,Blackgram,3644.22,India_Average,National
2023-07-11,Blackgram,4178.67,India_Average,National
2023-07-12,Blackgram,3799.05,India_Average,National
2023-07-13,Blackgram,4062.14,India_Average,National
2023-07-14,Blackgram,4106.17,India_Average,National
2023-07-15,Blackgram,4325.53,India_Average,National
2023-07-16,Blackgram,3784.96,India_Average,National
2023-07-17,Blackgram,3438.55,India_Average,National
2023-07-18,Blackgram,4087.23,India_Average,National
2023-07-19,Blackgram,4414.6,India_Average,National
2023-07-20,Blackgram,4300.89,India_Average,National
2023-07-21,Blackgram,4092.46,India_Average,National
2023-07-22,Blackgram,3950.44,India_Average,National
2023-07-23,Blackgram,4213.44,India_Average,National
2023-07-24,Blackgram,3852.86,India_Average,National
2023-07-25,Blackgram,4146.46,India_Average,National
2023-07-26,Blackgram,4152.36,India_Average,National
2023-07-27,Blackgram,4264.69,India_Average,National
2023-07-28,Blackgram,4608.83,India_Average,National
2023-07-29,Blackgram,4129.46,India_Average,National
2023-07-30,Blackgram,3946.93,India_Average,National
2023-07-31,Blackgram,4044.82,India_Average,National
2023-08-01,Blackgram,3391.48,India_Average,National
2023-08-02,Blackgram,3591.34,India_Average,National
2023-08-03,Blackgram,3644.44,India_Average,National
2023-08-04,Blackgram,3623.08,India_Average,National
2023-08-05,Blackgram,3748.92,India_Average,National
2023-08-06,Blackgram,3567.58,India_Average,National
2023-08-07,Blackgram,3929.12,India_Average,National
2023-08-08,Blackgram,3720.62,India_Average,National
2023-08-09,Blackgram,3718.85,India_Average,National
2023-08-10,Blackgram,3659.58,India_Average,National
2023-08-11,Blackgram,3749.45,India_Average,National
2023-08-12,Blackgram,3874.07,India_Average,National
2023-08-13,Blackgram,3559.27,India_Average,National
2023-08-14,Blackgram,3598.15,India_Average,National
2023-08-15,Blackgram,3664.08,India_Average,National
2023-08-16,Blackgram,3470.21,India_Average,National
2023-08-17,Blackgram,3568.17,India_Average,National
2023-08-18,Blackgram,3631.99,India_Average,National
2023-08-19,Blackgram,3883.24,India_Average,National
2023-08-20,Blackgram,3769.42,India_Average,National
2023-08-21,Blackgram,3756.59,India_Average,National
2023-08-22,Blackgram,3878.87,India_Average,National
2023-08-23,Blackgram,3695.02,India_Average,National
2023-08-24,Blackgram,3793.21,India_Average,National
2023-08-25,Blackgram,3701.37,India_Average,National
2023-08-26,Blackgram,3769.94,India_Average,National
2023-08-27,Blackgram,3612.17,India_Average,National
2023-08-28,Blackgram,3266.89,India_Average,National
2023-08-29,Blackgram,3695.6,India_Average,National
2023-08-30,Blackgram,3985.25,India_Average,National
2023-08-31,Blackgram,3892.88,India_Average,National
2023-09-01,Blackgram,3773.77,India_Average,National
2023-09-02,Blackgram,3822.5,India_Average,National
2023-09-03,Blackgram,3615.96,India_Average,National
2023-09-04,Blackgram,3635.52,India_Average,National
2023-09-05,Blackgram,3488.82,India_Average,National
2023-09-06,Blackgram,3543.11,India_Average,National
2023-09-07,Blackgram,3710.84,India_Average,National
2023-09-08,Blackgram,3816.7,India_Average,National
2023-09-09,Blackgram,3574.9,India_Average,National
2023-09-10,Blackgram,3518.97,India_Average,National
2023-09-11,Blackgram,3600.1,India_Average,National
2023-09-12,Blackgram,3708.22,India_Average,National
2023-09-13,Blackgram,3340.11,India_Average,National
2023-09-14,Blackgram,3186.69,India_Average,National
2023-09-15,Blackgram,3500.9,India_Average,National
2023-09-16,Blackgram,3380.27,India_Average,National
2023-09-17,Blackgram,3508.53,India_Average,National
2023-09-18,Blackgram,3573.4,India_Average,National
2023-09-19,Blackgram,3518.42,India_Average,National
2023-09-20,Blackgram,3861.44,India_Average,National
2023-09-21,Blackgram,3658.81,India_Average,National
2023-09-22,Blackgram,3654.09,India_Average,National
2023-09-23,Blackgram,3712.0,India_Average,National
2023-09-24,Blackgram,3395.01,India_Average,National
2023-09-25,Blackgram,3787.04,India_Average,National
2023-09-26,Blackgram,3586.36,India_Average,National
2023-09-27,Blackgram,3720.69,India_Average,National
2023-09-28,Blackgram,3407.07,India_Average,National
2023-09-29,Blackgram,3320.32,India_Average,National
2023-09-30,Blackgram,3747.22,India_Average,National
2023-10-01,Blackgram,3790.6,India_Average,National
2023-10-02,Blackgram,3552.77,India_Average,National
2023-10-03,Blackgram,3558.79,India_Average,National
2023-10-04,Blackgram,3929.94,India_Average,National
2023-10-05,Blackgram,3499.31,India_Average,National
2023-10-06,Blackgram,4026.16,India_Average,National
2023-10-07,Blackgram,3553.04,India_Average,National
2023-10-08,Blackgram,3839.34,India_Average,National
2023-10-09,Blackgram,3659.44,India_Average,National
2023-10-10,Blackgram,3832.79,India_Average,National
2023-10-11,Blackgram,3619.36,India_Average,National
2023-10-12,Blackgram,3690.29,India_Average,National
2023-10-13,Blackgram,3728.19,India_Average,National
2023-10-14,Blackgram,3534.14,India_Average,National
2023-10-15,Blackgram,3858.39,India_Average,National
2023-10-16,Blackgram,3625.1,India_Average,National
2023-10-17,Blackgram,3678.05,India_Average,National
2023-10-18,Blackgram,3535.6,India_Average,National
2023-10-19,Blackgram,3243.91,India_Average,National
2023-10-20,Blackgram,3685.04,India_Average,National
2023-10-21,Blackgram,4169.39,India_Average,National
2023-10-22,Blackgram,3866.54,India_Average,National
2023-10-23,Blackgram,3716.99,India_Average,National
2023-10-24,Blackgram,3671.67,India_Average,National
2023-10-25,Blackgram,3724.76,India_Average,National
2023-10-26,Blackgram,3822.36,India_Average,National
2023-10-27,Blackgram,3500.91,India_Average,National
2023-10-28,Blackgram,3927.87,India_Average,National
2023-10-29,Blackgram,3853.66,India_Average,National
2023-10-30,Blackgram,3854.18,India_Average,National
2023-10-31,Blackgram,3802.15,India_Average,National
2023-11-01,Blackgram,4053.97,India_Average,National
2023-11-02,Blackgram,4186.25,India_Average,National
2023-11-03,Blackgram,4169.84,India_Average,National
2023-11-04,Blackgram,3978.31,India_Average,National
2023-11-05,Blackgram,3933.85,India_Average,National
2023-11-06,Blackgram,4070.63,India_Average,National
2023-11-07,Blackgram,4363.68,India_Average,National
2023-11-08,Blackgram,3799.08,India_Average,National
2023-11-09,Blackgram,3752.83,India_Average,National
2023-11-10,Blackgram,4083.36,India_Average,National
2023-11-11,Blackgram,4060.3,India_Average,National
2023-11-12,Blackgram,4085.1,India_Average,National
2023-11-13,Blackgram,4099.4,India_Average,National
2023-11-14,Blackgram,4004.8,India_Average,National
2023-11-15,Blackgram,4351.7,India_Average,National
2023-11-16,Blackgram,3725.82,India_Average,National
2023-11-17,Blackgram,3882.23,India_Average,National
2023-11-18,Blackgram,4029.09,India_Average,National
2023-11-19,Blackgram,3717.25,India_Average,National
2023-11-20,Blackgram,4014.39,India_Average,National
2023-11-21,Blackgram,4386.45,India_Average,National
2023-11-22,Blackgram,4054.23,India_Average,National
2023-11-23,Blackgram,4096.72,India_Average,National
2023-11-24,Blackgram,3794.82,India_Average,National
2023-11-25,Blackgram,3925.19,India_Average,National
2023-11-26,Blackgram,3974.02,India_Average,National
2023-11-27,Blackgram,3985.66,India_Average,National
2023-11-28,Blackgram,4309.53,India_Average,National
2023-11-29,Blackgram,4162.93,India_Average,National
2023-11-30,Blackgram,3824.93,India_Average,National
2023-12-01,Blackgram,4555.46,India_Average,National
2023-12-02,Blackgram,4612.1,India_Average,National
2023-12-03,Blackgram,4756.53,India_Average,National
2023-12-04,Blackgram,4855.62,India_Average,National
2023-12-05,Blackgram,4271.6,India_Average,National
2023-12-06,Blackgram,4317.56,India_Average,National
2023-12-07,Blackgram,4217.04,India_Average,National
2023-12-08,Blackgram,4447.35,India_Average,National
2023-12-09,Blackgram,4604.93,India_Average,National
2023-12-10,Blackgram,4722.15,India_Average,National
2023-12-11,Blackgram,4482.91,India_Average,National
2023-12-12,Blackgram,4428.03,India_Average,National
2023-12-13,Blackgram,4534.15,India_Average,National
2023-12-14,Blackgram,4312.09,India_Average,National
2023-12-15,Blackgram,4970.15,India_Average,National
2023-12-16,Blackgram,4138.28,India_Average,National
2023-12-17,Blackgram,4541.57,India_Average,National
2023-12-18,Blackgram,4955.31,India_Average,National
2023-12-19,Blackgram,4501.53,India_Average,National
2023-12-20,Blackgram,4457.24,India_Average,National
2023-12-21,Blackgram,4419.57,India_Average,National
2023-12-22,Blackgram,4459.41,India_Average,National
2023-12-23,Blackgram,4808.89,India_Average,National
2023-12-24,Blackgram,4002.33,India_Average,National
2023-12-25,Blackgram,4845.02,India_Average,National
2023-12-26,Blackgram,4179.61,India_Average,National
2023-12-27,Blackgram,4440.0,India_Average,National
2023-12-28,Blackgram,4403.42,India_Average,National
2023-12-29,Blackgram,4632.42,India_Average,National
2023-12-30,Blackgram,4140.42,India_Average,National
2023-12-31,Blackgram,4603.99,India_Average,National
2024-01-01,Blackgram,5451.02,India_Average,National
2022-01-01,Chickpea,4612.61,India_Average,National
2022-01-02,Chickpea,4996.95,India_Average,National
2022-01-03,Chickpea,4786.16,India_Average,National
2022-01-04,Chickpea,5055.41,India_Average,National
2022-01-05,Chickpea,4954.74,India_Average,National
2022-01-06,Chickpea,4791.23,India_Average,National
2022-01-07,Chickpea,5070.75,India_Average,National
2022-01-08,Chickpea,5396.58,India_Average,National
2022-01-09,Chickpea,4902.75,India_Average,National
2022-01-10,Chickpea,5128.14,India_Average,National
2022-01-11,Chickpea,4629.91,India_Average,National
2022-01-12,Chickpea,4713.28,India_Average,National
2022-01-13,Chickpea,5066.92,India_Average,National
2022-01-14,Chickpea,5317.32,India_Average,National
2022-01-15,Chickpea,5038.01,India_Average,National
2022-01-16,Chickpea,4872.52,India_Average,National
2022-01-17,Chickpea,4949.82,India_Average,National
2022-01-18,Chickpea,4640.52,India_Average,National
2022-01-19,Chickpea,5099.62,India_Average,National
2022-01-20,Chickpea,5168.38,India_Average,National
2022-01-21,Chickpea,4838.11,India_Average,National
2022-01-22,Chickpea,4833.66,India_Average,National
2022-01-23,Chickpea,5015.8,India_Average,National
2022-01-24,Chickpea,4841.91,India_Average,National
2022-01-25,Chickpea,4933.63,India_Average,National
2022-01-26,Chickpea,5469.68,India_Average,National
2022-01-27,Chickpea,4888.86,India_Average,National
2022-01-28,Chickpea,4861.31,India_Average,National
2022-01-29,Chickpea,4789.73,India_Average,National
2022-01-30,Chickpea,5134.19,India_Average,National
2022-01-31,Chickpea,4905.15,India_Average,National
2022-02-01,Chickpea,5108.01,India_Average,National
2022-02-02,Chickpea,5628.21,India_Average,National
2022-02-03,Chickpea,5654.16,India_Average,National
2022-02-04,Chickpea,5120.93,India_Average,National
2022-02-05,Chickpea,4786.71,India_Average,National
2022-02-06,Chickpea,5545.38,India_Average,National
2022-02-07,Chickpea,5098.7,India_Average,National
2022-02-08,Chickpea,5488.13,India_Average,National
2022-02-09,Chickpea,4759.37,India_Average,National
2022-02-10,Chickpea,5515.04,India_Average,National
2022-02-11,Chickpea,4959.71,India_Average,National
2022-02-12,Chickpea,5472.32,India_Average,National
2022-02-13,Chickpea,5283.19,India_Average,National
2022-02-14,Chickpea,5027.61,India_Average,National
2022-02-15,Chickpea,5171.98,India_Average,National
2022-02-16,Chickpea,5460.59,India_Average,National
2022-02-17,Chickpea,5307.38,India_Average,National
2022-02-18,Chickpea,5433.69,India_Average,National
2022-02-19,Chickpea,5801.15,India_Average,National
2022-02-20,Chickpea,4866.51,India_Average,National
2022-02-21,Chickpea,5706.32,India_Average,National
2022-02-22,Chickpea,5306.97,India_Average,National
2022-02-23,Chickpea,5042.17,India_Average,National
2022-02-24,Chickpea,4928.26,India_Average,National
2022-02-25,Chickpea,5229.5,India_Average,National
2022-02-26,Chickpea,5522.71,India_Average,National
2022-02-27,Chickpea,5245.75,India_Average,National
2022-02-28,Chickpea,5678.32,India_Average,National
2022-03-01,Chickpea,5008.18,India_Average,National
2022-03-02,Chickpea,5396.74,India_Average,National
2022-03-03,Chickpea,5061.85,India_Average,National
2022-03-04,Chickpea,5498.18,India_Average,National
2022-03-05,Chickpea,5639.46,India_Average,National
2022-03-06,Chickpea,5286.39,India_Average,National
2022-03-07,Chickpea,4696.86,India_Average,National
2022-03-08,Chickpea,5453.72,India_Average,National
2022-03-09,Chickpea,5517.92,India_Average,National
2022-03-10,Chickpea,5509.16,India_Average,National
2022-03-11,Chickpea,5733.66,India_Average,National
2022-03-12,Chickpea,5110.82,India_Average,National
2022-03-13,Chickpea,5583.66,India_Average,National
2022-03-14,Chickpea,5721.98,India_Average,National
2022-03-15,Chickpea,4919.78,India_Average,National
2022-03-16,Chickpea,5486.31,India_Average,National
2022-03-17,Chickpea,5263.87,India_Average,National
2022-03-18,Chickpea,5377.99,India_Average,National
2022-03-19,Chickpea,5493.87,India_Average,National
2022-03-20,Chickpea,5268.45,India_Average,National
2022-03-21,Chickpea,5217.56,India_Average,National
2022-03-22,Chickpea,5409.22,India_Average,National
2022-03-23,Chickpea,5106.44,India_Average,National
2022-03-24,Chickpea,5106.83,India_Average,National
2022-03-25,Chickpea,5583.43,India_Average,National
2022-03-26,Chickpea,5089.83,India_Average,National
2022-03-27,Chickpea,5579.9,India_Average,National
2022-03-28,Chickpea,5524.9,India_Average,National
2022-03-29,Chickpea,4934.03,India_Average,National
2022-03-30,Chickpea,5217.06,India_Average,National
2022-03-31,Chickpea,5722.41,India_Average,National
2022-04-01,Chickpea,5020.42,India_Average,National
2022-04-02,Chickpea,5156.83,India_Average,National
2022-04-03,Chickpea,5401.39,India_Average,National
2022-04-04,Chickpea,5486.22,India_Average,National
2022-04-05,Chickpea,5213.02,India_Average,National
2022-04-06,Chickpea,5121.7,India_Average,National
2022-04-07,Chickpea,5654.89,India_Average,National
2022-04-08,Chickpea,5738.44,India_Average,National
2022-04-09,Chickpea,5537.81,India_Average,National
2022-04-10,Chickpea,5301.94,India_Average,National
2022-04-11,Chickpea,5066.06,India_Average,National
2022-04-12,Chickpea,5060.21,India_Average,National
2022-04-13,Chickpea,5417.35,India_Average,National
2022-04-14,Chickpea,5389.87,India_Average,National
2022-04-15,Chickpea,5649.4,India_Average,National
2022-04-16,Chickpea,5451.12,India_Average,National
2022-04-17,Chickpea,4882.65,India_Average,National
2022-04-18,Chickpea,5557.11,India_Average,National
2022-04-19,Chickpea,5015.96,India_Average,National
2022-04-20,Chickpea,5178.07,India_Average,National
2022-04-21,Chickpea,5345.47,India_Average,National
2022-04-22,Chickpea,5806.22,India_Average,National
2022-04-23,Chickpea,6100.35,India_Average,National
2022-04-24,Chickpea,5439.58,India_Average,National
2022-04-25,Chickpea,5231.06,India_Average,National
2022-04-26,Chickpea,5420.52,India_Average,National
2022-04-27,Chickpea,5513.74,India_Average,National
2022-04-28,Chickpea,5194.78,India_Average,National
2022-04-29,Chickpea,5753.31,India_Average,National
2022-04-30,Chickpea,5340.15,India_Average,National
2022-05-01,Chickpea,5073.19,India_Average,National
2022-05-02,Chickpea,5114.82,India_Average,National
2022-05-03,Chickpea,5054.34,India_Average,National
2022-05-04,Chickpea,5157.64,India_Average,National
2022-05-05,Chickpea,4797.23,India_Average,National
2022-05-06,Chickpea,4811.82,India_Average,National
2022-05-07,Chickpea,4677.71,India_Average,National
2022-05-08,Chickpea,5058.78,India_Average,National
2022-05-09,Chickpea,5142.79,India_Average,National
2022-05-10,Chickpea,5063.3,India_Average,National
2022-05-11,Chickpea,5364.44,India_Average,National
2022-05-12,Chickpea,4948.61,India_Average,National
2022-05-13,Chickpea,5115.51,India_Average,National
2022-05-14,Chickpea,4679.8,India_Average,National
2022-05-15,Chickpea,4854.19,India_Average,National
2022-05-16,Chickpea,5122.15,India_Average,National
2022-05-17,Chickpea,5160.15,India_Average,National
2022-05-18,Chickpea,4877.24,India_Average,National
2022-05-19,Chickpea,4932.28,India_Average,National
2022-05-20,Chickpea,4574.33,India_Average,National
2022-05-21,Chickpea,4861.64,India_Average,National
2022-05-22,Chickpea,5170.37,India_Average,National
2022-05-23,Chickpea,5092.36,India_Average,National
2022-05-24,Chickpea,5073.91,India_Average,National
2022-05-25,Chickpea,4962.32,India_Average,National
2022-05-26,Chickpea,4951.75,India_Average,National
2022-05-27,Chickpea,4786.57,India_Average,National
2022-05-28,Chickpea,5122.96,India_Average,National
2022-05-29,Chickpea,5054.19,India_Average,National
2022-05-30,Chickpea,5071.77,India_Average,National
2022-05-31,Chickpea,4819.81,India_Average,National
2022-06-01,Chickpea,4015.5,India_Average,National
2022-06-02,Chickpea,4746.86,India_Average,National
2022-06-03,Chickpea,4392.26,India_Average,National
2022-06-04,Chickpea,4305.88,India_Average,National
2022-06-05,Chickpea,4656.03,India_Average,National
2022-06-06,Chickpea,4411.8,India_Average,National
2022-06-07,Chickpea,4738.49,India_Average,National
2022-06-08,Chickpea,4638.83,India_Average,National
2022-06-09,Chickpea,4653.8,India_Average,National
2022-06-10,Chickpea,4192.66,India_Average,National
2022-06-11,Chickpea,4772.69,India_Average,National
2022-06-12,Chickpea,4558.78,India_Average,National
2022-06-13,Chickpea,4416.91,India_Average,National
2022-06-14,Chickpea,4532.26,India_Average,National
2022-06-15,Chickpea,4100.35,India_Average,National
2022-06-16,Chickpea,4591.95,India_Average,National
2022-06-17,Chickpea,4268.39,India_Average,National
2022-06-18,Chickpea,4195.65,India_Average,National
2022-06-19,Chickpea,4157.47,India_Average,National
2022-06-20,Chickpea,4750.35,India_Average,National
2022-06-21,Chickpea,4358.42,India_Average,National
2022-06-22,Chickpea,4845.09,India_Average,National
2022-06-23,Chickpea,4379.44,India_Average,National
2022-06-24,Chickpea,4115.84,India_Average,National
2022-06-25,Chickpea,4248.78,India_Average,National
2022-06-26,Chickpea,4778.06,India_Average,National
2022-06-27,Chickpea,4464.92,India_Average,National
2022-06-28,Chickpea,4376.64,India_Average,National
2022-06-29,Chickpea,4536.0,India_Average,National
2022-06-30,Chickpea,4612.9,India_Average,National
2022-07-01,Chickpea,4276.27,India_Average,National
2022-07-02,Chickpea,4343.32,India_Average,National
2022-07-03,Chickpea,3977.15,India_Average,National
2022-07-04,Chickpea,3781.48,India_Average,National
2022-07-05,Chickpea,3966.27,India_Average,National
2022-07-06,Chickpea,4102.71,India_Average,National
2022-07-07,Chickpea,3854.84,India_Average,National
2022-07-08,Chickpea,3856.18,India_Average,National
2022-07-09,Chickpea,4119.62,India_Average,National
2022-07-10,Chickpea,4040.15,India_Average,National
2022-07-11,Chickpea,4056.64,India_Average,National
2022-07-12,Chickpea,3896.4,India_Average,National
2022-07-13,Chickpea,4003.34,India_Average,National
2022-07-14,Chickpea,3862.84,India_Average,National
2022-07-15,Chickpea,4230.27,India_Average,National
2022-07-16,Chickpea,4259.64,India_Average,National
2022-07-17,Chickpea,3676.15,India_Average,National
2022-07-18,Chickpea,3861.77,India_Average,National
2022-07-19,Chickpea,3746.95,India_Average,National
2022-07-20,Chickpea,3918.37,India_Average,National
2022-07-21,Chickpea,4033.1,India_Average,National
2022-07-22,Chickpea,3756.45,India_Average,National
2022-07-23,Chickpea,3863.32,India_Average,National
2022-07-24,Chickpea,3846.7,India_Average,National
2022-07-25,Chickpea,4091.97,India_Average,National
2022-07-26,Chickpea,4064.04,India_Average,National
2022-07-27,Chickpea,3903.85,India_Average,National
2022-07-28,Chickpea,4085.81,India_Average,National
2022-07-29,Chickpea,3939.3,India_Average,National
2022-07-30,Chickpea,3994.99,India_Average,National
2022-07-31,Chickpea,4388.87,India_Average,National
2022-08-01,Chickpea,3969.94,India_Average,National
2022-08-02,Chickpea,3478.82,India_Average,National
2022-08-03,Chickpea,3874.93,India_Average,National
2022-08-04,Chickpea,3871.52,India_Average,National
2022-08-05,Chickpea,3506.97,India_Average,National
2022-08-06,Chickpea,3872.89,India_Average,National
2022-08-07,Chickpea,4006.68,India_Average,National
2022-08-08,Chickpea,3511.75,India_Average,National
2022-08-09,Chickpea,3549.9,India_Average,National
2022-08-10,Chickpea,3909.89,India_Average,National
2022-08-11,Chickpea,3771.08,India_Average,National
2022-08-12,Chickpea,3823.17,India_Average,National
2022-08-13,Chickpea,3783.94,India_Average,National
2022-08-14,Chickpea,3793.26,India_Average,National
2022-08-15,Chickpea,3473.82,India_Average,National
2022-08-16,Chickpea,3915.41,India_Average,National
2022-08-17,Chickpea,3938.15,India_Average,National
2022-08-18,Chickpea,3677.9,India_Average,National
2022-08-19,Chickpea,3712.49,India_Average,National
2022-08-20,Chickpea,3435.75,India_Average,National
2022-08-21,Chickpea,3816.24,India_Average,National
2022-08-22,Chickpea,3827.0,India_Average,National
2022-08-23,Chickpea,3709.01,India_Average,National
2022-08-24,Chickpea,3929.74,India_Average,National
2022-08-25,Chickpea,3658.43,India_Average,National
2022-08-26,Chickpea,3825.61,India_Average,National
2022-08-27,Chickpea,3530.89,India_Average,National
2022-08-28,Chickpea,3716.2,India_Average,National
2022-08-29,Chickpea,3688.14,India_Average,National
2022-08-30,Chickpea,3762.49,India_Average,National
2022-08-31,Chickpea,3651.83,India_Average,National
2022-09-01,Chickpea,3576.33,India_Average,National
2022-09-02,Chickpea,3748.69,India_Average,National
2022-09-03,Chickpea,3521.38,India_Average,National
2022-09-04,Chickpea,3310.82,India_Average,National
2022-09-05,Chickpea,3914.93,India_Average,National
2022-09-06,Chickpea,3848.66,India_Average,National
2022-09-07,Chickpea,3367.39,India_Average,National
2022-09-08,Chickpea,3724.15,India_Average,National
2022-09-09,Chickpea,3509.46,India_Average,National
2022-09-10,Chickpea,3647.43,India_Average,National
2022-09-11,Chickpea,3652.96,India_Average,National
2022-09-12,Chickpea,3557.81,India_Average,National
2022-09-13,Chickpea,3458.92,India_Average,National
2022-09-14,Chickpea,3475.7,India_Average,National
2022-09-15,Chickpea,3435.09,India_Average,National
2022-09-16,Chickpea,3450.27,India_Average,National
2022-09-17,Chickpea,3587.91,India_Average,National
2022-09-18,Chickpea,3471.16,India_Average,National
2022-09-19,Chickpea,3722.77,India_Average,National
2022-09-20,Chickpea,3867.7,India_Average,National
2022-09-21,Chickpea,3495.59,India_Average,National
2022-09-22,Chickpea,3643.09,India_Average,National
2022-09-23,Chickpea,3689.94,India_Average,National
2022-09-24,Chickpea,3684.96,India_Average,National
2022-09-25,Chickpea,3613.67,India_Average,National
2022-09-26,Chickpea,3733.68,India_Average,National
2022-09-27,Chickpea,3686.8,India_Average,National
2022-09-28,Chickpea,3377.22,India_Average,National
2022-09-29,Chickpea,3756.45,India_Average,National
2022-09-30,Chickpea,3759.71,India_Average,National
2022-10-01,Chickpea,3578.58,India_Average,National
2022-10-02,Chickpea,3727.63,India_Average,National
2022-10-03,Chickpea,3847.7,India_Average,National
2022-10-04,Chickpea,3681.64,India_Average,National
2022-10-05,Chickpea,3920.18,India_Average,National
2022-10-06,Chickpea,4160.33,India_Average,National
2022-10-07,Chickpea,3574.36,India_Average,National
2022-10-08,Chickpea,3463.66,India_Average,National
2022-10-09,Chickpea,3777.1,India_Average,National
2022-10-10,Chickpea,3854.81,India_Average,National
2022-10-11,Chickpea,3677.63,India_Average,National
2022-10-12,Chickpea,3990.93,India_Average,National
2022-10-13,Chickpea,3471.56,India_Average,National
2022-10-14,Chickpea,3849.48,India_Average,National
2022-10-15,Chickpea,3607.87,India_Average,National
2022-10-16,Chickpea,4040.43,India_Average,National
2022-10-17,Chickpea,4091.24,India_Average,National
2022-10-18,Chickpea,3577.96,India_Average,National
2022-10-19,Chickpea,3618.34,India_Average,National
2022-10-20,Chickpea,3880.49,India_Average,National
2022-10-21,Chickpea,3648.56,India_Average,National
2022-10-22,Chickpea,3712.13,India_Average,National
2022-10-23,Chickpea,3725.3,India_Average,National
2022-10-24,Chickpea,3363.46,India_Average,National
2022-10-25,Chickpea,3718.0,India_Average,National
2022-10-26,Chickpea,3592.27,India_Average,National
2022-10-27,Chickpea,3628.84,India_Average,National
2022-10-28,Chickpea,3989.13,India_Average,National
2022-10-29,Chickpea,3486.83,India_Average,National
2022-10-30,Chickpea,3871.86,India_Average,National
2022-10-31,Chickpea,3668.68,India_Average,National
2022-11-01,Chickpea,3993.35,India_Average,National
2022-11-02,Chickpea,4210.05,India_Average,National
2022-11-03,Chickpea,4118.86,India_Average,National
2022-11-04,Chickpea,4165.55,India_Average,National
2022-11-05,Chickpea,4246.06,India_Average,National
2022-11-06,Chickpea,3982.91,India_Average,National
2022-11-07,Chickpea,3926.02,India_Average,National
2022-11-08,Chickpea,3830.26,India_Average,National
2022-11-09,Chickpea,3882.85,India_Average,National
2022-11-10,Chickpea,4647.19,India_Average,National
2022-11-11,Chickpea,4302.05,India_Average,National
2022-11-12,Chickpea,3776.41,India_Average,National
2022-11-13,Chickpea,3782.2,India_Average,National
2022-11-14,Chickpea,4147.58,India_Average,National
2022-11-15,Chickpea,4160.82,India_Average,National
2022-11-16,Chickpea,4161.15,India_Average,National
2022-11-17,Chickpea,3998.37,India_Average,National
2022-11-18,Chickpea,4024.6,India_Average,National
2022-11-19,Chickpea,4116.4,India_Average,National
2022-11-20,Chickpea,4067.39,India_Average,National
2022-11-21,Chickpea,3600.59,India_Average,National
2022-11-22,Chickpea,4003.47,India_Average,National
2022-11-23,Chickpea,3877.59,India_Average,National
2022-11-24,Chickpea,4085.48,India_Average,National
2022-11-25,Chickpea,4654.51,India_Average,National
2022-11-26,Chickpea,4124.42,India_Average,National
2022-11-27,Chickpea,3986.51,India_Average,National
2022-11-28,Chickpea,4236.66,India_Average,National
2022-11-29,Chickpea,4147.74,India_Average,National
2022-11-30,Chickpea,4135.07,India_Average,National
2022-12-01,Chickpea,4636.54,India_Average,National
2022-12-02,Chickpea,4962.72,India_Average,National
2022-12-03,Chickpea,4245.55,India_Average,National
2022-12-04,Chickpea,4606.57,India_Average,National
2022-12-05,Chickpea,4291.56,India_Average,National
2022-12-06,Chickpea,4624.99,India_Average,National
2022-12-07,Chickpea,4293.3,India_Average,National
2022-12-08,Chickpea,4406.09,India_Average,National
2022-12-09,Chickpea,4433.6,India_Average,National
2022-12-10,Chickpea,4719.56,India_Average,National
2022-12-11,Chickpea,4706.65,India_Average,National
2022-12-12,Chickpea,4219.71,India_Average,National
2022-12-13,Chickpea,4512.36,India_Average,National
2022-12-14,Chickpea,4340.34,India_Average,National
2022-12-15,Chickpea,4216.84,India_Average,National
2022-12-16,Chickpea,4451.17,India_Average,National
2022-12-17,Chickpea,4430.59,India_Average,National
2022-12-18,Chickpea,5046.01,India_Average,National
2022-12-19,Chickpea,4597.42,India_Average,National
2022-12-20,Chickpea,4190.04,India_Average,National
2022-12-21,Chickpea,4372.93,India_Average,National
2022-12-22,Chickpea,4729.81,India_Average,National
2022-12-23,Chickpea,4969.9,India_Average,National
2022-12-24,Chickpea,4143.15,India_Average,National
2022-12-25,Chickpea,4077.02,India_Average,National
2022-12-26,Chickpea,4920.97,India_Average,National
2022-12-27,Chickpea,4587.66,India_Average,National
2022-12-28,Chickpea,4304.63,India_Average,National
2022-12-29,Chickpea,4620.29,India_Average,National
2022-12-30,Chickpea,3906.96,India_Average,National
2022-12-31,Chickpea,4500.76,India_Average,National
2023-01-01,Chickpea,5031.14,India_Average,National
2023-01-02,Chickpea,5178.76,India_Average,National
2023-01-03,Chickpea,4699.06,India_Average,National
2023-01-04,Chickpea,4971.21,India_Average,National
2023-01-05,Chickpea,4720.96,India_Average,National
2023-01-06,Chickpea,5013.21,India_Average,National
2023-01-07,Chickpea,4728.4,India_Average,National
2023-01-08,Chickpea,4849.0,India_Average,National
2023-01-09,Chickpea,4703.54,India_Average,National
2023-01-10,Chickpea,5111.16,India_Average,National
2023-01-11,Chickpea,5162.47,India_Average,National
2023-01-12,Chickpea,4891.93,India_Average,National
2023-01-13,Chickpea,4959.46,India_Average,National
2023-01-14,Chickpea,4591.47,India_Average,National
2023-01-15,Chickpea,4875.83,India_Average,National
2023-01-16,Chickpea,4937.57,India_Average,National
2023-01-17,Chickpea,5598.65,India_Average,National
2023-01-18,Chickpea,4674.79,India_Average,National
2023-01-19,Chickpea,5312.38,India_Average,National
2023-01-20,Chickpea,5196.72,India_Average,National
2023-01-21,Chickpea,5019.46,India_Average,National
2023-01-22,Chickpea,5385.26,India_Average,National
2023-01-23,Chickpea,5042.1,India_Average,National
2023-01-24,Chickpea,5046.32,India_Average,National
2023-01-25,Chickpea,4936.85,India_Average,National
2023-01-26,Chickpea,5252.83,India_Average,National
2023-01-27,Chickpea,5221.38,India_Average,National
2023-01-28,Chickpea,4795.14,India_Average,National
2023-01-29,Chickpea,4623.49,India_Average,National
2023-01-30,Chickpea,4899.76,India_Average,National
2023-01-31,Chickpea,4751.99,India_Average,National
2023-02-01,Chickpea,5262.65,India_Average,National
2023-02-02,Chickpea,5606.07,India_Average,National
2023-02-03,Chickpea,5158.71,India_Average,National
2023-02-04,Chickpea,5268.12,India_Average,National
2023-02-05,Chickpea,5294.74,India_Average,National
2023-02-06,Chickpea,5503.38,India_Average,National
2023-02-07,Chickpea,4686.31,India_Average,National
2023-02-08,Chickpea,5119.27,India_Average,National
2023-02-09,Chickpea,5335.2,India_Average,National
2023-02-10,Chickpea,5596.21,India_Average,National
2023-02-11,Chickpea,5149.57,India_Average,National
2023-02-12,Chickpea,4784.07,India_Average,National
2023-02-13,Chickpea,5443.01,India_Average,National
2023-02-14,Chickpea,5111.71,India_Average,National
2023-02-15,Chickpea,4965.39,India_Average,National
2023-02-16,Chickpea,5114.61,India_Average,National
2023-02-17,Chickpea,5230.71,India_Average,National
2023-02-18,Chickpea,5119.79,India_Average,National
2023-02-19,Chickpea,4697.22,India_Average,National
2023-02-20,Chickpea,5516.22,India_Average,National
2023-02-21,Chickpea,5615.95,India_Average,National
2023-02-22,Chickpea,5451.41,India_Average,National
2023-02-23,Chickpea,4979.11,India_Average,National
2023-02-24,Chickpea,5226.23,India_Average,National
2023-02-25,Chickpea,5277.7,India_Average,National
2023-02-26,Chickpea,5437.49,India_Average,National
2023-02-27,Chickpea,5455.85,India_Average,National
2023-02-28,Chickpea,5085.62,India_Average,National
2023-03-01,Chickpea,5422.14,India_Average,National
2023-03-02,Chickpea,5523.47,India_Average,National
2023-03-03,Chickpea,5793.07,India_Average,National
2023-03-04,Chickpea,5590.22,India_Average,National
2023-03-05,Chickpea,5613.05,India_Average,National
2023-03-06,Chickpea,5422.63,India_Average,National
2023-03-07,Chickpea,5780.82,India_Average,National
2023-03-08,Chickpea,5510.64,India_Average,National
2023-03-09,Chickpea,5167.51,India_Average,National
2023-03-10,Chickpea,5778.91,India_Average,National
2023-03-11,Chickpea,5588.43,India_Average,National
2023-03-12,Chickpea,5280.38,India_Average,National
2023-03-13,Chickpea,5270.54,India_Average,National
2023-03-14,Chickpea,5480.08,India_Average,National
2023-03-15,Chickpea,5525.06,India_Average,National
2023-03-16,Chickpea,5453.27,India_Average,National
2023-03-17,Chickpea,5484.05,India_Average,National
2023-03-18,Chickpea,5858.99,India_Average,National
2023-03-19,Chickpea,5689.32,India_Average,National
2023-03-20,Chickpea,5451.47,India_Average,National
2023-03-21,Chickpea,5654.15,India_Average,National
2023-03-22,Chickpea,5121.22,India_Average,National
2023-03-23,Chickpea,5507.44,India_Average,National
2023-03-24,Chickpea,5888.51,India_Average,National
2023-03-25,Chickpea,5341.13,India_Average,National
2023-03-26,Chickpea,5171.14,India_Average,National
2023-03-27,Chickpea,5223.94,India_Average,National
2023-03-28,Chickpea,5105.8,India_Average,National
2023-03-29,Chickpea,5188.11,India_Average,National
2023-03-30,Chickpea,5299.96,India_Average,National
2023-03-31,Chickpea,5020.5,India_Average,National
2023-04-01,Chickpea,5283.55,India_Average,National
2023-04-02,Chickpea,5517.6,India_Average,National
2023-04-03,Chickpea,5039.8,India_Average,National
2023-04-04,Chickpea,5680.47,India_Average,National
2023-04-05,Chickpea,5414.26,India_Average,National
2023-04-06,Chickpea,5551.47,India_Average,National
2023-04-07,Chickpea,5105.77,India_Average,National
2023-04-08,Chickpea,5504.99,India_Average,National
2023-04-09,Chickpea,4991.18,India_Average,National
2023-04-10,Chickpea,5514.42,India_Average,National
2023-04-11,Chickpea,5324.78,India_Average,National
2023-04-12,Chickpea,5425.47,India_Average,National
2023-04-13,Chickpea,4969.1,India_Average,National
2023-04-14,Chickpea,5043.15,India_Average,National
2023-04-15,Chickpea,5437.07,India_Average,National
2023-04-16,Chickpea,5029.09,India_Average,National
2023-04-17,Chickpea,5401.7,India_Average,National
2023-04-18,Chickpea,4918.54,India_Average,National
2023-04-19,Chickpea,5503.32,India_Average,National
2023-04-20,Chickpea,4954.07,India_Average,National
2023-04-21,Chickpea,5425.21,India_Average,National
2023-04-22,Chickpea,5444.57,India_Average,National
2023-04-23,Chickpea,5095.5,India_Average,National
2023-04-24,Chickpea,5433.06,India_Average,National
2023-04-25,Chickpea,5348.17,India_Average,National
2023-04-26,Chickpea,5137.18,India_Average,National
2023-04-27,Chickpea,5013.19,India_Average,National
2023-04-28,Chickpea,4761.35,India_Average,National
2023-04-29,Chickpea,5371.72,India_Average,National
2023-04-30,Chickpea,4866.36,India_Average,National
2023-05-01,Chickpea,4973.6,India_Average,National
2023-05-02,Chickpea,4884.8,India_Average,National
2023-05-03,Chickpea,5118.09,India_Average,National
2023-05-04,Chickpea,4875.24,India_Average,National
2023-05-05,Chickpea,4868.46,India_Average,National
2023-05-06,Chickpea,5131.14,India_Average,National
2023-05-07,Chickpea,5032.93,India_Average,National
2023-05-08,Chickpea,5028.25,India_Average,National
2023-05-09,Chickpea,5066.14,India_Average,National
2023-05-10,Chickpea,4569.95,India_Average,National
2023-05-11,Chickpea,5137.31,India_Average,National
2023-05-12,Chickpea,5101.59,India_Average,National
2023-05-13,Chickpea,4698.37,India_Average,National
2023-05-14,Chickpea,4889.59,India_Average,National
2023-05-15,Chickpea,4940.27,India_Average,National
2023-05-16,Chickpea,4916.71,India_Average,National
2023-05-17,Chickpea,5032.63,India_Average,National
2023-05-18,Chickpea,5304.26,India_Average,National
2023-05-19,Chickpea,5217.74,India_Average,National
2023-05-20,Chickpea,4625.23,India_Average,National
2023-05-21,Chickpea,5103.96,India_Average,National
2023-05-22,Chickpea,5278.91,India_Average,National
2023-05-23,Chickpea,5045.74,India_Average,National
2023-05-24,Chickpea,5220.02,India_Average,National
2023-05-25,Chickpea,5448.04,India_Average,National
2023-05-26,Chickpea,5203.37,India_Average,National
2023-05-27,Chickpea,5011.7,India_Average,National
2023-05-28,Chickpea,5208.66,India_Average,National
2023-05-29,Chickpea,4985.86,India_Average,National
2023-05-30,Chickpea,4955.92,India_Average,National
2023-05-31,Chickpea,4863.02,India_Average,National
2023-06-01,Chickpea,4851.77,India_Average,National
2023-06-02,Chickpea,4315.85,India_Average,National
2023-06-03,Chickpea,4844.78,India_Average,National
2023-06-04,Chickpea,4612.47,India_Average,National
2023-06-05,Chickpea,4185.16,India_Average,National
2023-06-06,Chickpea,4582.72,India_Average,National
2023-06-07,Chickpea,4027.49,India_Average,National
2023-06-08,Chickpea,4640.74,India_Average,National
2023-06-09,Chickpea,4699.18,India_Average,National
2023-06-10,Chickpea,4366.72,India_Average,National
2023-06-11,Chickpea,4527.8,India_Average,National
2023-06-12,Chickpea,4939.69,India_Average,National
2023-06-13,Chickpea,4386.21,India_Average,National
2023-06-14,Chickpea,4261.75,India_Average,National
2023-06-15,Chickpea,4833.37,India_Average,National
2023-06-16,Chickpea,4941.58,India_Average,National
2023-06-17,Chickpea,4500.83,India_Average,National
2023-06-18,Chickpea,4727.58,India_Average,National
2023-06-19,Chickpea,4801.83,India_Average,National
2023-06-20,Chickpea,4332.94,India_Average,National
2023-06-21,Chickpea,4390.81,India_Average,National
2023-06-22,Chickpea,4776.95,India_Average,National
2023-06-23,Chickpea,4879.13,India_Average,National
2023-06-24,Chickpea,4626.65,India_Average,National
2023-06-25,Chickpea,4302.04,India_Average,National
2023-06-26,Chickpea,4947.09,India_Average,National
2023-06-27,Chickpea,4380.53,India_Average,National
2023-06-28,Chickpea,4424.59,India_Average,National
2023-06-29,Chickpea,4577.03,India_Average,National
2023-06-30,Chickpea,4849.69,India_Average,National
2023-07-01,Chickpea,4222.93,India_Average,National
2023-07-02,Chickpea,4134.01,India_Average,National
2023-07-03,Chickpea,4143.82,India_Average,National
2023-07-04,Chickpea,4058.81,India_Average,National
2023-07-05,Chickpea,4163.02,India_Average,National
2023-07-06,Chickpea,3537.76,India_Average,National
2023-07-07,Chickpea,3989.94,India_Average,National
2023-07-08,Chickpea,4098.87,India_Average,National
2023-07-09,Chickpea,3816.92,India_Average,National
2023-07-10,Chickpea,4128.23,India_Average,National
2023-07-11,Chickpea,4008.59,India_Average,National
2023-07-12,Chickpea,4405.48,India_Average,National
2023-07-13,Chickpea,4368.54,India_Average,National
2023-07-14,Chickpea,3955.67,India_Average,National
2023-07-15,Chickpea,4019.46,India_Average,National
2023-07-16,Chickpea,4035.03,India_Average,National
2023-07-17,Chickpea,3958.54,India_Average,National
2023-07-18,Chickpea,4089.49,India_Average,National
2023-07-19,Chickpea,3896.45,India_Average,National
2023-07-20,Chickpea,3821.05,India_Average,National
2023-07-21,Chickpea,4176.1,India_Average,National
2023-07-22,Chickpea,4177.48,India_Average,National
2023-07-23,Chickpea,3887.13,India_Average,National
2023-07-24,Chickpea,4231.31,India_Average,National
2023-07-25,Chickpea,3922.11,India_Average,National
2023-07-26,Chickpea,4101.27,India_Average,National
2023-07-27,Chickpea,4216.12,India_Average,National
2023-07-28,Chickpea,4043.19,India_Average,National
2023-07-29,Chickpea,4142.09,India_Average,National
2023-07-30,Chickpea,3945.42,India_Average,National
2023-07-31,Chickpea,4010.22,India_Average,National
2023-08-01,Chickpea,3682.28,India_Average,National
2023-08-02,Chickpea,3581.69,India_Average,National
2023-08-03,Chickpea,3687.69,India_Average,National
2023-08-04,Chickpea,3432.49,India_Average,National
2023-08-05,Chickpea,3629.21,India_Average,National
2023-08-06,Chickpea,3667.58,India_Average,National
2023-08-07,Chickpea,3672.92,India_Average,National
2023-08-08,Chickpea,3675.65,India_Average,National
2023-08-09,Chickpea,3709.09,India_Average,National
2023-08-10,Chickpea,3809.77,India_Average,National
2023-08-11,Chickpea,3883.26,India_Average,National
2023-08-12,Chickpea,3599.7,India_Average,National
2023-08-13,Chickpea,3496.75,India_Average,National
2023-08-14,Chickpea,3526.73,India_Average,National
2023-08-15,Chickpea,3629.94,India_Average,National
2023-08-16,Chickpea,3655.11,India_Average,National
2023-08-17,Chickpea,3577.34,India_Average,National
2023-08-18,Chickpea,3479.46,India_Average,National
2023-08-19,Chickpea,3635.73,India_Average,National
2023-08-20,Chickpea,3754.33,India_Average,National
2023-08-21,Chickpea,3831.27,India_Average,National
2023-08-22,Chickpea,3616.88,India_Average,National
2023-08-23,Chickpea,3643.75,India_Average,National
2023-08-24,Chickpea,3548.18,India_Average,National
2023-08-25,Chickpea,3714.73,India_Average,National
2023-08-26,Chickpea,3562.74,India_Average,National
2023-08-27,Chickpea,3827.2,India_Average,National
2023-08-28,Chickpea,3388.35,India_Average,National
2023-08-29,Chickpea,3653.68,India_Average,National
2023-08-30,Chickpea,3776.59,India_Average,National
2023-08-31,Chickpea,3754.78,India_Average,National
2023-09-01,Chickpea,4084.75,India_Average,National
2023-09-02,Chickpea,3662.96,India_Average,National
2023-09-03,Chickpea,3419.27,India_Average,National
2023-09-04,Chickpea,3582.82,India_Average,National
2023-09-05,Chickpea,3280.28,India_Average,National
2023-09-06,Chickpea,3585.49,India_Average,National
2023-09-07,Chickpea,3450.05,India_Average,National
2023-09-08,Chickpea,3764.77,India_Average,National
2023-09-09,Chickpea,3501.08,India_Average,National
2023-09-10,Chickpea,3578.98,India_Average,National
2023-09-11,Chickpea,3485.6,India_Average,National
2023-09-12,Chickpea,3912.99,India_Average,National
2023-09-13,Chickpea,3542.18,India_Average,National
2023-09-14,Chickpea,3929.86,India_Average,National
2023-09-15,Chickpea,3746.55,India_Average,National
2023-09-16,Chickpea,3686.77,India_Average,National
2023-09-17,Chickpea,3666.37,India_Average,National
2023-09-18,Chickpea,3670.88,India_Average,National
2023-09-19,Chickpea,3253.02,India_Average,National
2023-09-20,Chickpea,3549.8,India_Average,National
2023-09-21,Chickpea,3752.13,India_Average,National
2023-09-22,Chickpea,3591.2,India_Average,National
2023-09-23,Chickpea,3347.07,India_Average,National
2023-09-24,Chickpea,3590.57,India_Average,National
2023-09-25,Chickpea,3906.74,India_Average,National
2023-09-26,Chickpea,3824.44,India_Average,National
2023-09-27,Chickpea,3588.84,India_Average,National
2023-09-28,Chickpea,3771.26,India_Average,National
2023-09-29,Chickpea,3534.03,India_Average,National
2023-09-30,Chickpea,3293.3,India_Average,National
2023-10-01,Chickpea,3548.6,India_Average,National
2023-10-02,Chickpea,4011.32,India_Average,National
2023-10-03,Chickpea,3669.61,India_Average,National
2023-10-04,Chickpea,3675.3,India_Average,National
2023-10-05,Chickpea,3664.8,India_Average,National
2023-10-06,Chickpea,4074.8,India_Average,National
2023-10-07,Chickpea,4023.05,India_Average,National
2023-10-08,Chickpea,4133.33,India_Average,National
2023-10-09,Chickpea,3690.99,India_Average,National
2023-10-10,Chickpea,3775.57,India_Average,National
2023-10-11,Chickpea,3438.44,India_Average,National
2023-10-12,Chickpea,3995.33,India_Average,National
2023-10-13,Chickpea,3503.34,India_Average,National
2023-10-14,Chickpea,3760.9,India_Average,National
2023-10-15,Chickpea,3516.45,India_Average,National
2023-10-16,Chickpea,3611.03,India_Average,National
2023-10-17,Chickpea,3564.82,India_Average,National
2023-10-18,Chickpea,3607.49,India_Average,National
2023-10-19,Chickpea,3620.28,India_Average,National
2023-10-20,Chickpea,3618.58,India_Average,National
2023-10-21,Chickpea,3875.6,India_Average,National
2023-10-22,Chickpea,3515.04,India_Average,National
2023-10-23,Chickpea,3761.6,India_Average,National
2023-10-24,Chickpea,3947.15,India_Average,National
2023-10-25,Chickpea,3625.11,India_Average,National
2023-10-26,Chickpea,3587.02,India_Average,National
2023-10-27,Chickpea,3677.69,India_Average,National
2023-10-28,Chickpea,3940.04,India_Average,National
2023-10-29,Chickpea,3756.69,India_Average,National
2023-10-30,Chickpea,3621.76,India_Average,National
2023-10-31,Chickpea,3810.59,India_Average,National
2023-11-01,Chickpea,3826.79,India_Average,National
2023-11-02,Chickpea,4187.98,India_Average,National
2023-11-03,Chickpea,4132.74,India_Average,National
2023-11-04,Chickpea,3987.67,India_Average,National
2023-11-05,Chickpea,3880.19,India_Average,National
2023-11-06,Chickpea,3870.45,India_Average,National
2023-11-07,Chickpea,4158.3,India_Average,National
2023-11-08,Chickpea,4298.87,India_Average,National
2023-11-09,Chickpea,3920.95,India_Average,National
2023-11-10,Chickpea,4142.82,India_Average,National
2023-11-11,Chickpea,3627.38,India_Average,National
2023-11-12,Chickpea,3931.61,India_Average,National
2023-11-13,Chickpea,4043.71,India_Average,National
2023-11-14,Chickpea,3865.79,India_Average,National
2023-11-15,Chickpea,3860.36,India_Average,National
2023-11-16,Chickpea,3914.77,India_Average,National
2023-11-17,Chickpea,4109.17,India_Average,National
2023-11-18,Chickpea,4012.07,India_Average,National
2023-11-19,Chickpea,3596.76,India_Average,National
2023-11-20,Chickpea,3620.56,India_Average,National
2023-11-21,Chickpea,3927.11,India_Average,National
2023-11-22,Chickpea,4142.68,India_Average,National
2023-11-23,Chickpea,3493.63,India_Average,National
2023-11-24,Chickpea,3948.8,India_Average,National
2023-11-25,Chickpea,3943.43,India_Average,National
2023-11-26,Chickpea,4331.14,India_Average,National
2023-11-27,Chickpea,3972.03,India_Average,National
2023-11-28,Chickpea,4127.56,India_Average,National
2023-11-29,Chickpea,4078.6,India_Average,National
2023-11-30,Chickpea,3618.56,India_Average,National
2023-12-01,Chickpea,4672.85,India_Average,National
2023-12-02,Chickpea,4548.46,India_Average,National
2023-12-03,Chickpea,4614.36,India_Average,National
2023-12-04,Chickpea,5383.4,India_Average,National
2023-12-05,Chickpea,4031.07,India_Average,National
2023-12-06,Chickpea,4888.06,India_Average,National
2023-12-07,Chickpea,4435.32,India_Average,National
2023-12-08,Chickpea,4564.65,India_Average,National
2023-12-09,Chickpea,4489.76,India_Average,National
2023-12-10,Chickpea,4404.55,India_Average,National
2023-12-11,Chickpea,4371.79,India_Average,National
2023-12-12,Chickpea,4574.14,India_Average,National
2023-12-13,Chickpea,4158.64,India_Average,National
2023-12-14,Chickpea,4668.88,India_Average,National
2023-12-15,Chickpea,4406.36,India_Average,National
2023-12-16,Chickpea,4245.73,India_Average,National
2023-12-17,Chickpea,4398.75,India_Average,National
2023-12-18,Chickpea,4782.86,India_Average,National
2023-12-19,Chickpea,4379.55,India_Average,National
2023-12-20,Chickpea,4580.65,India_Average,National
2023-12-21,Chickpea,4335.53,India_Average,National
2023-12-22,Chickpea,4670.53,India_Average,National
2023-12-23,Chickpea,4654.24,India_Average,National
2023-12-24,Chickpea,4915.94,India_Average,National
2023-12-25,Chickpea,4460.5,India_Average,National
2023-12-26,Chickpea,4650.45,India_Average,National
2023-12-27,Chickpea,4522.07,India_Average,National
2023-12-28,Chickpea,4791.57,India_Average,National
2023-12-29,Chickpea,4338.26,India_Average,National
2023-12-30,Chickpea,4667.63,India_Average,National
2023-12-31,Chickpea,4456.19,India_Average,National
2024-01-01,Chickpea,4934.11,India_Average,National
2022-01-01,Coconut,5525.23,India_Average,National
2022-01-02,Coconut,5569.37,India_Average,National
2022-01-03,Coconut,5468.04,India_Average,National
2022-01-04,Coconut,5559.05,India_Average,National
2022-01-05,Coconut,5933.98,India_Average,National
2022-01-06,Coconut,5771.0,India_Average,National
2022-01-07,Coconut,5739.02,India_Average,National
2022-01-08,Coconut,5374.73,India_Average,National
2022-01-09,Coconut,5255.46,India_Average,National
2022-01-10,Coconut,5762.71,India_Average,National
2022-01-11,Coconut,5740.91,India_Average,National
2022-01-12,Coconut,5904.98,India_Average,National
2022-01-13,Coconut,5333.91,India_Average,National
2022-01-14,Coconut,5436.87,India_Average,National
2022-01-15,Coconut,5049.14,India_Average,National
2022-01-16,Coconut,5392.07,India_Average,National
2022-01-17,Coconut,5774.06,India_Average,National
2022-01-18,Coconut,5371.71,India_Average,National
2022-01-19,Coconut,5676.13,India_Average,National
2022-01-20,Coconut,5447.61,India_Average,National
2022-01-21,Coconut,5589.12,India_Average,National
2022-01-22,Coconut,5184.38,India_Average,National
2022-01-23,Coconut,5523.43,India_Average,National
2022-01-24,Coconut,4677.44,India_Average,National
2022-01-25,Coconut,5448.6,India_Average,National
2022-01-26,Coconut,5051.62,India_Average,National
2022-01-27,Coconut,5831.65,India_Average,National
2022-01-28,Coconut,5713.79,India_Average,National
2022-01-29,Coconut,5628.33,India_Average,National
2022-01-30,Coconut,5918.28,India_Average,National
2022-01-31,Coconut,5239.05,India_Average,National
2022-02-01,Coconut,6378.53,India_Average,National
2022-02-02,Coconut,6139.44,India_Average,National
2022-02-03,Coconut,5796.64,India_Average,National
2022-02-04,Coconut,6199.1,India_Average,National
2022-02-05,Coconut,5541.55,India_Average,National
2022-02-06,Coconut,5624.19,India_Average,National
2022-02-07,Coconut,5687.53,India_Average,National
2022-02-08,Coconut,5710.88,India_Average,National
2022-02-09,Coconut,5556.14,India_Average,National
2022-02-10,Coconut,6224.76,India_Average,National
2022-02-11,Coconut,5790.1,India_Average,National
2022-02-12,Coconut,5969.42,India_Average,National
2022-02-13,Coconut,5698.74,India_Average,National
2022-02-14,Coconut,5332.04,India_Average,National
2022-02-15,Coconut,5945.23,India_Average,National
2022-02-16,Coconut,5305.16,India_Average,National
2022-02-17,Coconut,5845.89,India_Average,National
2022-02-18,Coconut,5464.7,India_Average,National
2022-02-19,Coconut,6448.9,India_Average,National
2022-02-20,Coconut,6133.33,India_Average,National
2022-02-21,Coconut,5897.04,India_Average,National
2022-02-22,Coconut,6236.67,India_Average,National
2022-02-23,Coconut,5617.8,India_Average,National
2022-02-24,Coconut,6025.43,India_Average,National
2022-02-25,Coconut,5924.63,India_Average,National
2022-02-26,Coconut,5943.46,India_Average,National
2022-02-27,Coconut,6239.21,India_Average,National
2022-02-28,Coconut,6080.87,India_Average,National
2022-03-01,Coconut,6086.62,India_Average,National
2022-03-02,Coconut,5503.53,India_Average,National
2022-03-03,Coconut,5711.99,India_Average,National
2022-03-04,Coconut,5963.19,India_Average,National
2022-03-05,Coconut,6028.01,India_Average,National
2022-03-06,Coconut,5660.94,India_Average,National
2022-03-07,Coconut,6723.5,India_Average,National
2022-03-08,Coconut,6454.92,India_Average,National
2022-03-09,Coconut,6180.64,India_Average,National
2022-03-10,Coconut,6021.61,India_Average,National
2022-03-11,Coconut,5936.34,India_Average,National
2022-03-12,Coconut,5714.42,India_Average,National
2022-03-13,Coconut,6023.24,India_Average,National
2022-03-14,Coconut,6077.33,India_Average,National
2022-03-15,Coconut,5627.47,India_Average,National
2022-03-16,Coconut,6100.25,India_Average,National
2022-03-17,Coconut,5953.42,India_Average,National
2022-03-18,Coconut,5427.66,India_Average,National
2022-03-19,Coconut,5741.88,India_Average,National
2022-03-20,Coconut,5875.92,India_Average,National
2022-03-21,Coconut,6566.31,India_Average,National
2022-03-22,Coconut,6166.97,India_Average,National
2022-03-23,Coconut,5599.36,India_Average,National
2022-03-24,Coconut,6145.81,India_Average,National
2022-03-25,Coconut,5535.81,India_Average,National
2022-03-26,Coconut,6324.81,India_Average,National
2022-03-27,Coconut,5858.66,India_Average,National
2022-03-28,Coconut,5971.91,India_Average,National
2022-03-29,Coconut,6397.74,India_Average,National
2022-03-30,Coconut,5613.85,India_Average,National
2022-03-31,Coconut,5580.86,India_Average,National
2022-04-01,Coconut,5694.85,India_Average,National
2022-04-02,Coconut,6170.58,India_Average,National
2022-04-03,Coconut,5420.4,India_Average,National
2022-04-04,Coconut,5035.35,India_Average,National
2022-04-05,Coconut,5733.7,India_Average,National
2022-04-06,Coconut,6027.85,India_Average,National
2022-04-07,Coconut,6218.06,India_Average,National
2022-04-08,Coconut,5730.18,India_Average,National
2022-04-09,Coconut,5745.35,India_Average,National
2022-04-10,Coconut,6204.47,India_Average,National
2022-04-11,Coconut,5317.63,India_Average,National
2022-04-12,Coconut,5752.07,India_Average,National
2022-04-13,Coconut,5921.88,India_Average,National
2022-04-14,Coconut,5997.78,India_Average,National
2022-04-15,Coconut,5716.5,India_Average,National
2022-04-16,Coconut,5876.13,India_Average,National
2022-04-17,Coconut,5136.2,India_Average,National
2022-04-18,Coconut,5672.96,India_Average,National
2022-04-19,Coconut,5999.04,India_Average,National
2022-04-20,Coconut,5577.92,India_Average,National
2022-04-21,Coconut,5883.33,India_Average,National
2022-04-22,Coconut,5997.09,India_Average,National
2022-04-23,Coconut,5765.56,India_Average,National
2022-04-24,Coconut,5916.02,India_Average,National
2022-04-25,Coconut,5583.65,India_Average,National
2022-04-26,Coconut,5805.43,India_Average,National
2022-04-27,Coconut,6045.0,India_Average,National
2022-04-28,Coconut,5912.07,India_Average,National
2022-04-29,Coconut,5694.0,India_Average,National
2022-04-30,Coconut,5931.79,India_Average,National
2022-05-01,Coconut,5696.52,India_Average,National
2022-05-02,Coconut,4936.27,India_Average,National
2022-05-03,Coconut,5818.75,India_Average,National
2022-05-04,Coconut,5407.53,India_Average,National
2022-05-05,Coconut,5617.01,India_Average,National
2022-05-06,Coconut,5829.24,India_Average,National
2022-05-07,Coconut,5122.79,India_Average,National
2022-05-08,Coconut,5304.9,India_Average,National
2022-05-09,Coconut,5420.65,India_Average,National
2022-05-10,Coconut,5284.47,India_Average,National
2022-05-11,Coconut,5977.11,India_Average,National
2022-05-12,Coconut,5264.39,India_Average,National
2022-05-13,Coconut,5347.22,India_Average,National
2022-05-14,Coconut,5556.21,India_Average,National
2022-05-15,Coconut,5169.41,India_Average,National
2022-05-16,Coconut,5391.19,India_Average,National
2022-05-17,Coconut,5587.3,India_Average,National
2022-05-18,Coconut,5408.46,India_Average,National
2022-05-19,Coconut,5474.32,India_Average,National
2022-05-20,Coconut,5354.43,India_Average,National
2022-05-21,Coconut,5083.52,India_Average,National
2022-05-22,Coconut,5588.44,India_Average,National
2022-05-23,Coconut,5982.61,India_Average,National
2022-05-24,Coconut,5505.06,India_Average,National
2022-05-25,Coconut,5561.95,India_Average,National
2022-05-26,Coconut,5690.5,India_Average,National
2022-05-27,Coconut,5150.93,India_Average,National
2022-05-28,Coconut,5968.19,India_Average,National
2022-05-29,Coconut,5555.64,India_Average,National
2022-05-30,Coconut,5948.76,India_Average,National
2022-05-31,Coconut,5298.42,India_Average,National
2022-06-01,Coconut,5454.52,India_Average,National
2022-06-02,Coconut,5193.79,India_Average,National
2022-06-03,Coconut,5138.26,India_Average,National
2022-06-04,Coconut,5058.51,India_Average,National
2022-06-05,Coconut,4937.87,India_Average,National
2022-06-06,Coconut,5300.13,India_Average,National
2022-06-07,Coconut,5035.09,India_Average,National
2022-06-08,Coconut,4508.23,India_Average,National
2022-06-09,Coconut,4720.7,India_Average,National
2022-06-10,Coconut,4953.54,India_Average,National
2022-06-11,Coconut,5077.5,India_Average,National
2022-06-12,Coconut,4985.85,India_Average,National
2022-06-13,Coconut,5304.74,India_Average,National
2022-06-14,Coconut,4512.22,India_Average,National
2022-06-15,Coconut,5035.9,India_Average,National
2022-06-16,Coconut,4545.51,India_Average,National
2022-06-17,Coconut,5189.93,India_Average,National
2022-06-18,Coconut,4976.39,India_Average,National
2022-06-19,Coconut,5104.9,India_Average,National
2022-06-20,Coconut,4784.03,India_Average,National
2022-06-21,Coconut,5319.87,India_Average,National
2022-06-22,Coconut,5260.43,India_Average,National
2022-06-23,Coconut,5145.89,India_Average,National
2022-06-24,Coconut,4967.62,India_Average,National
2022-06-25,Coconut,5144.96,India_Average,National
2022-06-26,Coconut,4823.28,India_Average,National
2022-06-27,Coconut,5213.89,India_Average,National
2022-06-28,Coconut,5412.37,India_Average,National
2022-06-29,Coconut,5267.65,India_Average,National
2022-06-30,Coconut,4817.6,India_Average,National
2022-07-01,Coconut,4581.32,India_Average,National
2022-07-02,Coconut,4209.04,India_Average,National
2022-07-03,Coconut,4628.79,India_Average,National
2022-07-04,Coconut,4601.39,India_Average,National
2022-07-05,Coconut,4079.29,India_Average,National
2022-07-06,Coconut,4238.6,India_Average,National
2022-07-07,Coconut,4436.29,India_Average,National
2022-07-08,Coconut,4432.31,India_Average,National
2022-07-09,Coconut,4227.87,India_Average,National
2022-07-10,Coconut,4587.52,India_Average,National
2022-07-11,Coconut,4556.58,India_Average,National
2022-07-12,Coconut,4456.29,India_Average,National
2022-07-13,Coconut,4329.95,India_Average,National
2022-07-14,Coconut,4735.96,India_Average,National
2022-07-15,Coconut,4872.47,India_Average,National
2022-07-16,Coconut,4391.2,India_Average,National
2022-07-17,Coconut,4362.26,India_Average,National
2022-07-18,Coconut,4610.52,India_Average,National
2022-07-19,Coconut,4419.44,India_Average,National
2022-07-20,Coconut,4468.64,India_Average,National
2022-07-21,Coconut,4666.42,India_Average,National
2022-07-22,Coconut,4070.39,India_Average,National
2022-07-23,Coconut,4796.62,India_Average,National
2022-07-24,Coconut,4516.35,India_Average,National
2022-07-25,Coconut,4407.41,India_Average,National
2022-07-26,Coconut,4479.92,India_Average,National
2022-07-27,Coconut,4491.55,India_Average,National
2022-07-28,Coconut,4110.48,India_Average,National
2022-07-29,Coconut,4836.36,India_Average,National
2022-07-30,Coconut,4509.3,India_Average,National
2022-07-31,Coconut,4599.68,India_Average,National
2022-08-01,Coconut,4330.66,India_Average,National
2022-08-02,Coconut,3922.9,India_Average,National
2022-08-03,Coconut,4231.84,India_Average,National
2022-08-04,Coconut,4078.65,India_Average,National
2022-08-05,Coconut,4309.0,India_Average,National
2022-08-06,Coconut,3694.28,India_Average,National
2022-08-07,Coconut,4113.49,India_Average,National
2022-08-08,Coconut,4009.37,India_Average,National
2022-08-09,Coconut,4223.32,India_Average,National
2022-08-10,Coconut,4231.13,India_Average,National
2022-08-11,Coconut,3987.71,India_Average,National
2022-08-12,Coconut,3986.77,India_Average,National
2022-08-13,Coconut,4111.1,India_Average,National
2022-08-14,Coconut,3948.64,India_Average,National
2022-08-15,Coconut,4308.01,India_Average,National
2022-08-16,Coconut,4057.66,India_Average,National
2022-08-17,Coconut,3533.1,India_Average,National
2022-08-18,Coconut,4056.5,India_Average,National
2022-08-19,Coconut,3919.31,India_Average,National
2022-08-20,Coconut,3796.79,India_Average,National
2022-08-21,Coconut,3878.2,India_Average,National
2022-08-22,Coconut,4156.59,India_Average,National
2022-08-23,Coconut,4408.6,India_Average,National
2022-08-24,Coconut,4198.71,India_Average,National
2022-08-25,Coconut,4008.61,India_Average,National
2022-08-26,Coconut,4228.21,India_Average,National
2022-08-27,Coconut,4039.08,India_Average,National
2022-08-28,Coconut,3990.4,India_Average,National
2022-08-29,Coconut,3895.37,India_Average,National
2022-08-30,Coconut,3771.87,India_Average,National
2022-08-31,Coconut,4053.38,India_Average,National
2022-09-01,Coconut,4031.61,India_Average,National
2022-09-02,Coconut,3980.68,India_Average,National
2022-09-03,Coconut,3916.81,India_Average,National
2022-09-04,Coconut,3810.85,India_Average,National
2022-09-05,Coconut,4121.65,India_Average,National
2022-09-06,Coconut,3736.57,India_Average,National
2022-09-07,Coconut,4155.21,India_Average,National
2022-09-08,Coconut,3799.56,India_Average,National
2022-09-09,Coconut,3849.51,India_Average,National
2022-09-10,Coconut,3706.64,India_Average,National
2022-09-11,Coconut,3899.72,India_Average,National
2022-09-12,Coconut,4195.06,India_Average,National
2022-09-13,Coconut,4103.13,India_Average,National
2022-09-14,Coconut,4195.68,India_Average,National
2022-09-15,Coconut,4104.43,India_Average,National
2022-09-16,Coconut,3779.27,India_Average,National
2022-09-17,Coconut,3933.84,India_Average,National
2022-09-18,Coconut,3843.96,India_Average,National
2022-09-19,Coconut,4266.11,India_Average,National
2022-09-20,Coconut,3760.64,India_Average,National
2022-09-21,Coconut,4178.74,India_Average,National
2022-09-22,Coconut,4178.59,India_Average,National
2022-09-23,Coconut,4365.92,India_Average,National
2022-09-24,Coconut,3918.06,India_Average,National
2022-09-25,Coconut,4142.46,India_Average,National
2022-09-26,Coconut,4456.33,India_Average,National
2022-09-27,Coconut,3876.47,India_Average,National
2022-09-28,Coconut,3692.99,India_Average,National
2022-09-29,Coconut,3624.0,India_Average,National
2022-09-30,Coconut,4142.54,India_Average,National
2022-10-01,Coconut,3744.73,India_Average,National
2022-10-02,Coconut,4057.02,India_Average,National
2022-10-03,Coconut,4224.37,India_Average,National
2022-10-04,Coconut,4172.25,India_Average,National
2022-10-05,Coconut,4221.91,India_Average,National
2022-10-06,Coconut,4179.92,India_Average,National
2022-10-07,Coconut,4398.31,India_Average,National
2022-10-08,Coconut,3937.13,India_Average,National
2022-10-09,Coconut,3994.04,India_Average,National
2022-10-10,Coconut,3974.27,India_Average,National
2022-10-11,Coconut,4305.57,India_Average,National
2022-10-12,Coconut,4320.09,India_Average,National
2022-10-13,Coconut,4227.24,India_Average,National
2022-10-14,Coconut,4378.6,India_Average,National
2022-10-15,Coconut,3890.48,India_Average,National
2022-10-16,Coconut,4478.59,India_Average,National
2022-10-17,Coconut,4448.83,India_Average,National
2022-10-18,Coconut,4286.03,India_Average,National
2022-10-19,Coconut,4502.27,India_Average,National
2022-10-20,Coconut,3791.55,India_Average,National
2022-10-21,Coconut,4025.57,India_Average,National
2022-10-22,Coconut,3981.99,India_Average,National
2022-10-23,Coconut,4283.1,India_Average,National
2022-10-24,Coconut,3916.91,India_Average,National
2022-10-25,Coconut,4290.55,India_Average,National
2022-10-26,Coconut,4417.26,India_Average,National
2022-10-27,Coconut,4277.67,India_Average,National
2022-10-28,Coconut,4192.63,India_Average,National
2022-10-29,Coconut,3929.78,India_Average,National
2022-10-30,Coconut,3958.93,India_Average,National
2022-10-31,Coconut,4392.27,India_Average,National
2022-11-01,Coconut,4675.35,India_Average,National
2022-11-02,Coconut,4491.22,India_Average,National
2022-11-03,Coconut,4405.97,India_Average,National
2022-11-04,Coconut,4044.19,India_Average,National
2022-11-05,Coconut,4259.06,India_Average,National
2022-11-06,Coconut,4930.07,India_Average,National
2022-11-07,Coconut,4211.9,India_Average,National
2022-11-08,Coconut,4542.63,India_Average,National
2022-11-09,Coconut,4726.67,India_Average,National
2022-11-10,Coconut,4217.64,India_Average,National
2022-11-11,Coconut,4541.56,India_Average,National
2022-11-12,Coconut,4711.03,India_Average,National
2022-11-13,Coconut,4502.81,India_Average,National
2022-11-14,Coconut,5145.39,India_Average,National
2022-11-15,Coconut,4124.57,India_Average,National
2022-11-16,Coconut,4738.21,India_Average,National
2022-11-17,Coconut,4461.12,India_Average,National
2022-11-18,Coconut,4673.68,India_Average,National
2022-11-19,Coconut,4599.29,India_Average,National
2022-11-20,Coconut,4335.04,India_Average,National
2022-11-21,Coconut,4551.52,India_Average,National
2022-11-22,Coconut,4081.97,India_Average,National
2022-11-23,Coconut,4635.73,India_Average,National
2022-11-24,Coconut,4567.09,India_Average,National
2022-11-25,Coconut,4643.7,India_Average,National
2022-11-26,Coconut,4738.08,India_Average,National
2022-11-27,Coconut,4582.71,India_Average,National
2022-11-28,Coconut,4533.32,India_Average,National
2022-11-29,Coconut,4301.76,India_Average,National
2022-11-30,Coconut,4339.75,India_Average,National
2022-12-01,Coconut,5296.68,India_Average,National
2022-12-02,Coconut,5359.08,India_Average,National
2022-12-03,Coconut,4940.47,India_Average,National
2022-12-04,Coconut,5011.5,India_Average,National
2022-12-05,Coconut,4773.85,India_Average,National
2022-12-06,Coconut,5293.19,India_Average,National
2022-12-07,Coconut,5166.35,India_Average,National
2022-12-08,Coconut,5485.3,India_Average,National
2022-12-09,Coconut,4780.42,India_Average,National
2022-12-10,Coconut,4905.5,India_Average,National
2022-12-11,Coconut,5057.86,India_Average,National
2022-12-12,Coconut,5161.62,India_Average,National
2022-12-13,Coconut,4946.08,India_Average,National
2022-12-14,Coconut,4781.76,India_Average,National
2022-12-15,Coconut,5220.35,India_Average,National
2022-12-16,Coconut,5180.28,India_Average,National
2022-12-17,Coconut,4770.93,India_Average,National
2022-12-18,Coconut,5338.86,India_Average,National
2022-12-19,Coconut,5292.55,India_Average,National
2022-12-20,Coconut,5033.57,India_Average,National
2022-12-21,Coconut,5019.9,India_Average,National
2022-12-22,Coconut,5138.51,India_Average,National
2022-12-23,Coconut,4784.57,India_Average,National
2022-12-24,Coconut,5007.51,India_Average,National
2022-12-25,Coconut,4461.9,India_Average,National
2022-12-26,Coconut,5219.11,India_Average,National
2022-12-27,Coconut,4609.63,India_Average,National
2022-12-28,Coconut,5375.85,India_Average,National
2022-12-29,Coconut,4917.47,India_Average,National
2022-12-30,Coconut,4947.08,India_Average,National
2022-12-31,Coconut,4843.07,India_Average,National
2023-01-01,Coconut,5420.79,India_Average,National
2023-01-02,Coconut,5890.1,India_Average,National
2023-01-03,Coconut,4815.85,India_Average,National
2023-01-04,Coconut,5851.17,India_Average,National
2023-01-05,Coconut,5592.96,India_Average,National
2023-01-06,Coconut,5168.07,India_Average,National
2023-01-07,Coconut,5204.29,India_Average,National
2023-01-08,Coconut,5961.01,India_Average,National
2023-01-09,Coconut,5239.99,India_Average,National
2023-01-10,Coconut,5182.83,India_Average,National
2023-01-11,Coconut,5812.76,India_Average,National
2023-01-12,Coconut,5593.1,India_Average,National
2023-01-13,Coconut,5242.07,India_Average,National
2023-01-14,Coconut,5559.57,India_Average,National
2023-01-15,Coconut,5217.92,India_Average,National
2023-01-16,Coconut,5802.73,India_Average,National
2023-01-17,Coconut,5791.88,India_Average,National
2023-01-18,Coconut,5646.3,India_Average,National
2023-01-19,Coconut,5599.46,India_Average,National
2023-01-20,Coconut,5984.33,India_Average,National
2023-01-21,Coconut,5499.91,India_Average,National
2023-01-22,Coconut,5174.98,India_Average,National
2023-01-23,Coconut,5623.61,India_Average,National
2023-01-24,Coconut,6073.66,India_Average,National
2023-01-25,Coconut,5220.94,India_Average,National
2023-01-26,Coconut,5400.6,India_Average,National
2023-01-27,Coconut,5614.52,India_Average,National
2023-01-28,Coconut,5485.18,India_Average,National
2023-01-29,Coconut,5229.87,India_Average,National
2023-01-30,Coconut,5808.51,India_Average,National
2023-01-31,Coconut,6138.01,India_Average,National
2023-02-01,Coconut,5923.55,India_Average,National
2023-02-02,Coconut,5600.86,India_Average,National
2023-02-03,Coconut,5411.71,India_Average,National
2023-02-04,Coconut,5941.69,India_Average,National
2023-02-05,Coconut,6189.79,India_Average,National
2023-02-06,Coconut,6005.39,India_Average,National
2023-02-07,Coconut,5865.32,India_Average,National
2023-02-08,Coconut,5693.19,India_Average,National
2023-02-09,Coconut,5545.69,India_Average,National
2023-02-10,Coconut,6110.86,India_Average,National
2023-02-11,Coconut,6134.04,India_Average,National
2023-02-12,Coconut,5412.66,India_Average,National
2023-02-13,Coconut,6332.33,India_Average,National
2023-02-14,Coconut,6034.4,India_Average,National
2023-02-15,Coconut,6276.53,India_Average,National
2023-02-16,Coconut,5472.38,India_Average,National
2023-02-17,Coconut,5465.43,India_Average,National
2023-02-18,Coconut,5822.33,India_Average,National
2023-02-19,Coconut,6013.49,India_Average,National
2023-02-20,Coconut,6392.9,India_Average,National
2023-02-21,Coconut,6073.12,India_Average,National
2023-02-22,Coconut,5794.85,India_Average,National
2023-02-23,Coconut,5564.99,India_Average,National
2023-02-24,Coconut,6226.79,India_Average,National
2023-02-25,Coconut,5583.08,India_Average,National
2023-02-26,Coconut,6343.66,India_Average,National
2023-02-27,Coconut,5782.62,India_Average,National
2023-02-28,Coconut,6332.55,India_Average,National
2023-03-01,Coconut,6203.68,India_Average,National
2023-03-02,Coconut,5958.9,India_Average,National
2023-03-03,Coconut,5844.18,India_Average,National
2023-03-04,Coconut,5897.73,India_Average,National
2023-03-05,Coconut,6128.5,India_Average,National
2023-03-06,Coconut,6023.15,India_Average,National
2023-03-07,Coconut,5821.86,India_Average,National
2023-03-08,Coconut,5950.31,India_Average,National
2023-03-09,Coconut,6023.57,India_Average,National
2023-03-10,Coconut,5361.38,India_Average,National
2023-03-11,Coconut,6137.45,India_Average,National
2023-03-12,Coconut,5706.08,India_Average,National
2023-03-13,Coconut,5654.0,India_Average,National
2023-03-14,Coconut,5493.8,India_Average,National
2023-03-15,Coconut,5461.83,India_Average,National
2023-03-16,Coconut,5593.37,India_Average,National
2023-03-17,Coconut,5787.29,India_Average,National
2023-03-18,Coconut,6585.98,India_Average,National
2023-03-19,Coconut,5842.24,India_Average,National
2023-03-20,Coconut,6053.33,India_Average,National
2023-03-21,Coconut,6120.14,India_Average,National
2023-03-22,Coconut,6039.32,India_Average,National
2023-03-23,Coconut,5976.77,India_Average,National
2023-03-24,Coconut,5641.41,India_Average,National
2023-03-25,Coconut,6435.28,India_Average,National
2023-03-26,Coconut,6542.16,India_Average,National
2023-03-27,Coconut,5495.2,India_Average,National
2023-03-28,Coconut,5692.79,India_Average,National
2023-03-29,Coconut,5916.06,India_Average,National
2023-03-30,Coconut,5710.64,India_Average,National
2023-03-31,Coconut,6151.79,India_Average,National
2023-04-01,Coconut,5652.42,India_Average,National
2023-04-02,Coconut,6501.04,India_Average,National
2023-04-03,Coconut,6215.21,India_Average,National
2023-04-04,Coconut,5928.37,India_Average,National
2023-04-05,Coconut,6167.24,India_Average,National
2023-04-06,Coconut,6190.39,India_Average,National
2023-04-07,Coconut,5700.62,India_Average,National
2023-04-08,Coconut,5626.63,India_Average,National
2023-04-09,Coconut,5888.94,India_Average,National
2023-04-10,Coconut,6118.74,India_Average,National
2023-04-11,Coconut,5906.81,India_Average,National
2023-04-12,Coconut,5403.49,India_Average,National
2023-04-13,Coconut,5630.56,India_Average,National
2023-04-14,Coconut,5844.33,India_Average,National
2023-04-15,Coconut,5843.83,India_Average,National
2023-04-16,Coconut,6444.57,India_Average,National
2023-04-17,Coconut,5459.51,India_Average,National
2023-04-18,Coconut,6014.32,India_Average,National
2023-04-19,Coconut,6302.78,India_Average,National
2023-04-20,Coconut,6532.24,India_Average,National
2023-04-21,Coconut,5747.42,India_Average,National
2023-04-22,Coconut,6010.16,India_Average,National
2023-04-23,Coconut,6033.14,India_Average,National
2023-04-24,Coconut,5923.36,India_Average,National
2023-04-25,Coconut,5837.03,India_Average,National
2023-04-26,Coconut,5993.9,India_Average,National
2023-04-27,Coconut,5123.31,India_Average,National
2023-04-28,Coconut,6066.08,India_Average,National
2023-04-29,Coconut,5903.03,India_Average,National
2023-04-30,Coconut,5800.77,India_Average,National
2023-05-01,Coconut,6062.89,India_Average,National
2023-05-02,Coconut,5314.39,India_Average,National
2023-05-03,Coconut,5389.15,India_Average,National
2023-05-04,Coconut,6047.68,India_Average,National
2023-05-05,Coconut,5271.18,India_Average,National
2023-05-06,Coconut,5348.72,India_Average,National
2023-05-07,Coconut,5459.57,India_Average,National
2023-05-08,Coconut,5731.2,India_Average,National
2023-05-09,Coconut,5557.15,India_Average,National
2023-05-10,Coconut,5144.53,India_Average,National
2023-05-11,Coconut,5353.65,India_Average,National
2023-05-12,Coconut,5332.98,India_Average,National
2023-05-13,Coconut,5478.76,India_Average,National
2023-05-14,Coconut,5617.11,India_Average,National
2023-05-15,Coconut,5615.01,India_Average,National
2023-05-16,Coconut,5011.6,India_Average,National
2023-05-17,Coconut,5792.58,India_Average,National
2023-05-18,Coconut,5569.46,India_Average,National
2023-05-19,Coconut,5880.75,India_Average,National
2023-05-20,Coconut,5622.15,India_Average,National
2023-05-21,Coconut,5802.86,India_Average,National
2023-05-22,Coconut,5628.3,India_Average,National
2023-05-23,Coconut,5870.21,India_Average,National
2023-05-24,Coconut,5643.62,India_Average,National
2023-05-25,Coconut,5473.07,India_Average,National
2023-05-26,Coconut,6124.92,India_Average,National
2023-05-27,Coconut,5744.49,India_Average,National
2023-05-28,Coconut,5657.78,India_Average,National
2023-05-29,Coconut,5149.02,India_Average,National
2023-05-30,Coconut,5145.72,India_Average,National
2023-05-31,Coconut,5580.5,India_Average,National
2023-06-01,Coconut,5036.38,India_Average,National
2023-06-02,Coconut,4846.47,India_Average,National
2023-06-03,Coconut,5035.25,India_Average,National
2023-06-04,Coconut,5397.16,India_Average,National
2023-06-05,Coconut,5173.85,India_Average,National
2023-06-06,Coconut,4714.75,India_Average,National
2023-06-07,Coconut,4972.12,India_Average,National
2023-06-08,Coconut,4798.76,India_Average,National
2023-06-09,Coconut,4903.08,India_Average,National
2023-06-10,Coconut,4896.6,India_Average,National
2023-06-11,Coconut,4880.59,India_Average,National
2023-06-12,Coconut,4686.22,India_Average,National
2023-06-13,Coconut,4968.09,India_Average,National
2023-06-14,Coconut,4859.85,India_Average,National
2023-06-15,Coconut,4267.64,India_Average,National
2023-06-16,Coconut,5513.24,India_Average,National
2023-06-17,Coconut,5272.19,India_Average,National
2023-06-18,Coconut,4905.92,India_Average,National
2023-06-19,Coconut,5004.7,India_Average,National
2023-06-20,Coconut,4707.09,India_Average,National
2023-06-21,Coconut,5423.93,India_Average,National
2023-06-22,Coconut,5474.32,India_Average,National
2023-06-23,Coconut,5039.17,India_Average,National
2023-06-24,Coconut,5255.88,India_Average,National
2023-06-25,Coconut,5043.82,India_Average,National
2023-06-26,Coconut,4665.82,India_Average,National
2023-06-27,Coconut,4897.04,India_Average,National
2023-06-28,Coconut,5032.98,India_Average,National
2023-06-29,Coconut,4886.36,India_Average,National
2023-06-30,Coconut,4945.34,India_Average,National
2023-07-01,Coconut,4479.44,India_Average,National
2023-07-02,Coconut,4481.8,India_Average,National
2023-07-03,Coconut,4511.76,India_Average,National
2023-07-04,Coconut,4261.36,India_Average,National
2023-07-05,Coconut,4338.67,India_Average,National
2023-07-06,Coconut,4210.97,India_Average,National
2023-07-07,Coconut,4720.01,India_Average,National
2023-07-08,Coconut,4026.23,India_Average,National
2023-07-09,Coconut,4759.56,India_Average,National
2023-07-10,Coconut,4811.93,India_Average,National
2023-07-11,Coconut,4432.01,India_Average,National
2023-07-12,Coconut,3914.29,India_Average,National
2023-07-13,Coconut,4418.71,India_Average,National
2023-07-14,Coconut,4485.56,India_Average,National
2023-07-15,Coconut,4272.62,India_Average,National
2023-07-16,Coconut,4384.08,India_Average,National
2023-07-17,Coconut,4844.29,India_Average,National
2023-07-18,Coconut,4649.61,India_Average,National
2023-07-19,Coconut,4291.97,India_Average,National
2023-07-20,Coconut,4140.54,India_Average,National
2023-07-21,Coconut,4426.42,India_Average,National
2023-07-22,Coconut,4451.97,India_Average,National
2023-07-23,Coconut,4611.64,India_Average,National
2023-07-24,Coconut,4379.55,India_Average,National
2023-07-25,Coconut,4615.09,India_Average,National
2023-07-26,Coconut,4935.41,India_Average,National
2023-07-27,Coconut,4683.49,India_Average,National
2023-07-28,Coconut,4489.18,India_Average,National
2023-07-29,Coconut,4458.79,India_Average,National
2023-07-30,Coconut,4419.75,India_Average,National
2023-07-31,Coconut,4765.64,India_Average,National
2023-08-01,Coconut,4004.31,India_Average,National
2023-08-02,Coconut,4143.32,India_Average,National
2023-08-03,Coconut,4144.56,India_Average,National
2023-08-04,Coconut,4030.26,India_Average,National
2023-08-05,Coconut,3850.29,India_Average,National
2023-08-06,Coconut,4200.73,India_Average,National
2023-08-07,Coconut,4121.37,India_Average,National
2023-08-08,Coconut,4237.37,India_Average,National
2023-08-09,Coconut,4023.68,India_Average,National
2023-08-10,Coconut,4386.32,India_Average,National
2023-08-11,Coconut,3952.75,India_Average,National
2023-08-12,Coconut,4487.85,India_Average,National
2023-08-13,Coconut,3772.74,India_Average,National
2023-08-14,Coconut,4223.84,India_Average,National
2023-08-15,Coconut,4232.25,India_Average,National
2023-08-16,Coconut,3969.53,India_Average,National
2023-08-17,Coconut,4221.7,India_Average,National
2023-08-18,Coconut,4398.45,India_Average,National
2023-08-19,Coconut,3675.76,India_Average,National
2023-08-20,Coconut,4237.89,India_Average,National
2023-08-21,Coconut,3618.62,India_Average,National
2023-08-22,Coconut,3934.37,India_Average,National
2023-08-23,Coconut,4470.72,India_Average,National
2023-08-24,Coconut,4013.72,India_Average,National
2023-08-25,Coconut,3891.34,India_Average,National
2023-08-26,Coconut,4093.06,India_Average,National
2023-08-27,Coconut,4561.41,India_Average,National
2023-08-28,Coconut,3755.37,India_Average,National
2023-08-29,Coconut,3916.67,India_Average,National
2023-08-30,Coconut,4443.49,India_Average,National
2023-08-31,Coconut,4517.96,India_Average,National
2023-09-01,Coconut,3979.31,India_Average,National
2023-09-02,Coconut,3752.19,India_Average,National
2023-09-03,Coconut,4419.17,India_Average,National
2023-09-04,Coconut,4318.89,India_Average,National
2023-09-05,Coconut,4135.79,India_Average,National
2023-09-06,Coconut,3837.52,India_Average,National
2023-09-07,Coconut,3990.19,India_Average,National
2023-09-08,Coconut,3967.93,India_Average,National
2023-09-09,Coconut,4066.17,India_Average,National
2023-09-10,Coconut,4290.2,India_Average,National
2023-09-11,Coconut,4175.88,India_Average,National
2023-09-12,Coconut,3784.52,India_Average,National
2023-09-13,Coconut,4275.3,India_Average,National
2023-09-14,Coconut,4062.63,India_Average,National
2023-09-15,Coconut,4137.41,India_Average,National
2023-09-16,Coconut,4293.31,India_Average,National
2023-09-17,Coconut,3777.68,India_Average,National
2023-09-18,Coconut,3992.83,India_Average,National
2023-09-19,Coconut,3893.71,India_Average,National
2023-09-20,Coconut,3686.43,India_Average,National
2023-09-21,Coconut,4069.34,India_Average,National
2023-09-22,Coconut,4502.31,India_Average,National
2023-09-23,Coconut,3631.98,India_Average,National
2023-09-24,Coconut,3993.54,India_Average,National
2023-09-25,Coconut,4128.11,India_Average,National
2023-09-26,Coconut,4024.62,India_Average,National
2023-09-27,Coconut,3977.37,India_Average,National
2023-09-28,Coconut,3740.16,India_Average,National
2023-09-29,Coconut,4046.56,India_Average,National
2023-09-30,Coconut,3848.65,India_Average,National
2023-10-01,Coconut,3681.32,India_Average,National
2023-10-02,Coconut,4380.9,India_Average,National
2023-10-03,Coconut,4332.07,India_Average,National
2023-10-04,Coconut,4144.65,India_Average,National
2023-10-05,Coconut,4181.32,India_Average,National
2023-10-06,Coconut,4356.03,India_Average,National
2023-10-07,Coconut,4180.35,India_Average,National
2023-10-08,Coconut,4320.83,India_Average,National
2023-10-09,Coconut,4072.49,India_Average,National
2023-10-10,Coconut,4405.16,India_Average,National
2023-10-11,Coconut,4200.28,India_Average,National
2023-10-12,Coconut,4174.08,India_Average,National
2023-10-13,Coconut,3871.45,India_Average,National
2023-10-14,Coconut,4193.29,India_Average,National
2023-10-15,Coconut,3962.01,India_Average,National
2023-10-16,Coconut,4002.04,India_Average,National
2023-10-17,Coconut,3965.44,India_Average,National
2023-10-18,Coconut,3913.59,India_Average,National
2023-10-19,Coconut,4573.16,India_Average,National
2023-10-20,Coconut,4409.16,India_Average,National
2023-10-21,Coconut,4530.91,India_Average,National
2023-10-22,Coconut,3881.2,India_Average,National
2023-10-23,Coconut,4148.7,India_Average,National
2023-10-24,Coconut,3866.61,India_Average,National
2023-10-25,Coconut,3990.18,India_Average,National
2023-10-26,Coconut,3944.2,India_Average,National
2023-10-27,Coconut,4390.2,India_Average,National
2023-10-28,Coconut,4052.07,India_Average,National
2023-10-29,Coconut,4354.81,India_Average,National
2023-10-30,Coconut,4258.85,India_Average,National
2023-10-31,Coconut,4610.13,India_Average,National
2023-11-01,Coconut,4167.13,India_Average,National
2023-11-02,Coconut,4783.33,India_Average,National
2023-11-03,Coconut,4757.95,India_Average,National
2023-11-04,Coconut,4280.99,India_Average,National
2023-11-05,Coconut,4726.61,India_Average,National
2023-11-06,Coconut,4575.63,India_Average,National
2023-11-07,Coconut,4448.82,India_Average,National
2023-11-08,Coconut,4314.61,India_Average,National
2023-11-09,Coconut,4338.2,India_Average,National
2023-11-10,Coconut,4961.21,India_Average,National
2023-11-11,Coconut,4500.15,India_Average,National
2023-11-12,Coconut,4675.98,India_Average,National
2023-11-13,Coconut,4322.05,India_Average,National
2023-11-14,Coconut,4324.53,India_Average,National
2023-11-15,Coconut,4743.45,India_Average,National
2023-11-16,Coconut,4196.35,India_Average,National
2023-11-17,Coconut,4406.58,India_Average,National
2023-11-18,Coconut,4507.66,India_Average,National
2023-11-19,Coconut,4525.06,India_Average,National
2023-11-20,Coconut,4459.7,India_Average,National
2023-11-21,Coconut,4589.06,India_Average,National
2023-11-22,Coconut,4655.89,India_Average,National
2023-11-23,Coconut,4665.29,India_Average,National
2023-11-24,Coconut,4278.19,India_Average,National
2023-11-25,Coconut,4436.07,India_Average,National
2023-11-26,Coconut,4768.82,India_Average,National
2023-11-27,Coconut,4701.3,India_Average,National
2023-11-28,Coconut,4191.11,India_Average,National
2023-11-29,Coconut,4579.08,India_Average,National
2023-11-30,Coconut,4054.9,India_Average,National
2023-12-01,Coconut,5011.73,India_Average,National
2023-12-02,Coconut,5474.44,India_Average,National
2023-12-03,Coconut,4763.03,India_Average,National
2023-12-04,Coconut,4791.42,India_Average,National
2023-12-05,Coconut,5191.01,India_Average,National
2023-12-06,Coconut,4614.3,India_Average,National
2023-12-07,Coconut,4841.81,India_Average,National
2023-12-08,Coconut,5149.11,India_Average,National
2023-12-09,Coconut,4841.43,India_Average,National
2023-12-10,Coconut,4941.01,India_Average,National
2023-12-11,Coconut,5186.05,India_Average,National
2023-12-12,Coconut,5105.39,India_Average,National
2023-12-13,Coconut,5066.7,India_Average,National
2023-12-14,Coconut,4915.22,India_Average,National
2023-12-15,Coconut,5092.52,India_Average,National
2023-12-16,Coconut,4969.07,India_Average,National
2023-12-17,Coconut,5114.45,India_Average,National
2023-12-18,Coconut,4875.77,India_Average,National
2023-12-19,Coconut,4954.36,India_Average,National
2023-12-20,Coconut,4752.51,India_Average,National
2023-12-21,Coconut,4991.25,India_Average,National
2023-12-22,Coconut,4797.25,India_Average,National
2023-12-23,Coconut,4721.49,India_Average,National
2023-12-24,Coconut,5064.67,India_Average,National
2023-12-25,Coconut,5053.18,India_Average,National
2023-12-26,Coconut,5195.72,India_Average,National
2023-12-27,Coconut,4892.22,India_Average,National
2023-12-28,Coconut,5102.01,India_Average,National
2023-12-29,Coconut,5137.7,India_Average,National
2023-12-30,Coconut,5111.19,India_Average,National
2023-12-31,Coconut,4793.59,India_Average,National
2024-01-01,Coconut,5541.07,India_Average,National
2022-01-01,Coffee,16800.42,India_Average,National
2022-01-02,Coffee,16505.92,India_Average,National
2022-01-03,Coffee,14778.66,India_Average,National
2022-01-04,Coffee,16632.4,India_Average,National
2022-01-05,Coffee,18325.34,India_Average,National
2022-01-06,Coffee,16202.97,India_Average,National
2022-01-07,Coffee,15899.34,India_Average,National
2022-01-08,Coffee,16808.01,India_Average,National
2022-01-09,Coffee,16757.71,India_Average,National
2022-01-10,Coffee,17484.01,India_Average,National
2022-01-11,Coffee,15462.26,India_Average,National
2022-01-12,Coffee,17103.39,India_Average,National
2022-01-13,Coffee,16987.1,India_Average,National
2022-01-14,Coffee,16382.73,India_Average,National
2022-01-15,Coffee,16779.42,India_Average,National
2022-01-16,Coffee,17349.3,India_Average,National
2022-01-17,Coffee,17219.66,India_Average,National
2022-01-18,Coffee,15557.01,India_Average,National
2022-01-19,Coffee,17176.63,India_Average,National
2022-01-20,Coffee,16446.63,India_Average,National
2022-01-21,Coffee,16560.12,India_Average,National
2022-01-22,Coffee,16560.39,India_Average,National
2022-01-23,Coffee,16376.05,India_Average,National
2022-01-24,Coffee,17483.16,India_Average,National
2022-01-25,Coffee,16430.93,India_Average,National
2022-01-26,Coffee,15576.37,India_Average,National
2022-01-27,Coffee,16175.34,India_Average,National
2022-01-28,Coffee,16647.42,India_Average,National
2022-01-29,Coffee,17514.1,India_Average,National
2022-01-30,Coffee,16997.55,India_Average,National
2022-01-31,Coffee,15798.31,India_Average,National
2022-02-01,Coffee,19784.8,India_Average,National
2022-02-02,Coffee,17831.05,India_Average,National
2022-02-03,Coffee,18720.3,India_Average,National
2022-02-04,Coffee,17464.58,India_Average,National
2022-02-05,Coffee,18067.38,India_Average,National
2022-02-06,Coffee,18336.73,India_Average,National
2022-02-07,Coffee,18669.97,India_Average,National
2022-02-08,Coffee,18528.46,India_Average,National
2022-02-09,Coffee,18365.53,India_Average,National
2022-02-10,Coffee,17320.83,India_Average,National
2022-02-11,Coffee,17094.99,India_Average,National
2022-02-12,Coffee,17890.74,India_Average,National
2022-02-13,Coffee,18419.14,India_Average,National
2022-02-14,Coffee,17402.1,India_Average,National
2022-02-15,Coffee,18535.33,India_Average,National
2022-02-16,Coffee,18876.24,India_Average,National
2022-02-17,Coffee,16791.8,India_Average,National
2022-02-18,Coffee,16861.67,India_Average,National
2022-02-19,Coffee,17474.56,India_Average,National
2022-02-20,Coffee,17868.75,India_Average,National
2022-02-21,Coffee,17136.51,India_Average,National
2022-02-22,Coffee,18787.88,India_Average,National
2022-02-23,Coffee,17971.21,India_Average,National
2022-02-24,Coffee,17632.79,India_Average,National
2022-02-25,Coffee,16334.61,India_Average,National
2022-02-26,Coffee,16440.28,India_Average,National
2022-02-27,Coffee,17845.34,India_Average,National
2022-02-28,Coffee,15721.6,India_Average,National
2022-03-01,Coffee,18911.37,India_Average,National
2022-03-02,Coffee,17857.66,India_Average,National
2022-03-03,Coffee,20918.78,India_Average,National
2022-03-04,Coffee,20077.12,India_Average,National
2022-03-05,Coffee,17836.7,India_Average,National
2022-03-06,Coffee,17904.3,India_Average,National
2022-03-07,Coffee,18896.02,India_Average,National
2022-03-08,Coffee,19532.86,India_Average,National
2022-03-09,Coffee,16525.77,India_Average,National
2022-03-10,Coffee,16392.26,India_Average,National
2022-03-11,Coffee,17440.17,India_Average,National
2022-03-12,Coffee,18524.46,India_Average,National
2022-03-13,Coffee,18447.19,India_Average,National
2022-03-14,Coffee,18962.79,India_Average,National
2022-03-15,Coffee,16920.27,India_Average,National
2022-03-16,Coffee,15915.47,India_Average,National
2022-03-17,Coffee,18772.21,India_Average,National
2022-03-18,Coffee,17254.62,India_Average,National
2022-03-19,Coffee,16183.36,India_Average,National
2022-03-20,Coffee,18130.56,India_Average,National
2022-03-21,Coffee,18713.86,India_Average,National
2022-03-22,Coffee,17890.15,India_Average,National
2022-03-23,Coffee,17587.94,India_Average,National
2022-03-24,Coffee,17856.57,India_Average,National
2022-03-25,Coffee,17666.48,India_Average,National
2022-03-26,Coffee,16786.76,India_Average,National
2022-03-27,Coffee,17356.79,India_Average,National
2022-03-28,Coffee,18469.15,India_Average,National
2022-03-29,Coffee,18289.51,India_Average,National
2022-03-30,Coffee,18151.25,India_Average,National
2022-03-31,Coffee,17104.37,India_Average,National
2022-04-01,Coffee,17438.37,India_Average,National
2022-04-02,Coffee,15682.47,India_Average,National
2022-04-03,Coffee,17755.12,India_Average,National
2022-04-04,Coffee,18855.33,India_Average,National
2022-04-05,Coffee,16300.98,India_Average,National
2022-04-06,Coffee,17082.52,India_Average,National
2022-04-07,Coffee,17887.66,India_Average,National
2022-04-08,Coffee,18700.46,India_Average,National
2022-04-09,Coffee,17203.68,India_Average,National
2022-04-10,Coffee,16988.96,India_Average,National
2022-04-11,Coffee,15865.61,India_Average,National
2022-04-12,Coffee,17689.09,India_Average,National
2022-04-13,Coffee,19394.91,India_Average,National
2022-04-14,Coffee,17842.12,India_Average,National
2022-04-15,Coffee,17578.47,India_Average,National
2022-04-16,Coffee,17881.48,India_Average,National
2022-04-17,Coffee,17588.32,India_Average,National
2022-04-18,Coffee,16882.7,India_Average,National
2022-04-19,Coffee,18322.48,India_Average,National
2022-04-20,Coffee,17796.72,India_Average,National
2022-04-21,Coffee,17613.57,India_Average,National
2022-04-22,Coffee,16739.85,India_Average,National
2022-04-23,Coffee,18745.04,India_Average,National
2022-04-24,Coffee,18182.95,India_Average,National
2022-04-25,Coffee,17111.56,India_Average,National
2022-04-26,Coffee,18479.59,India_Average,National
2022-04-27,Coffee,17160.26,India_Average,National
2022-04-28,Coffee,16909.99,India_Average,National
2022-04-29,Coffee,16929.61,India_Average,National
2022-04-30,Coffee,16039.71,India_Average,National
2022-05-01,Coffee,16889.02,India_Average,National
2022-05-02,Coffee,14989.31,India_Average,National
2022-05-03,Coffee,15486.53,India_Average,National
2022-05-04,Coffee,14787.64,India_Average,National
2022-05-05,Coffee,16428.99,India_Average,National
2022-05-06,Coffee,16375.99,India_Average,National
2022-05-07,Coffee,16230.48,India_Average,National
2022-05-08,Coffee,15639.87,India_Average,National
2022-05-09,Coffee,15532.91,India_Average,National
2022-05-10,Coffee,16883.11,India_Average,National
2022-05-11,Coffee,16045.79,India_Average,National
2022-05-12,Coffee,16761.0,India_Average,National
2022-05-13,Coffee,15769.67,India_Average,National
2022-05-14,Coffee,16649.38,India_Average,National
2022-05-15,Coffee,17575.2,India_Average,National
2022-05-16,Coffee,16983.59,India_Average,National
2022-05-17,Coffee,16159.76,India_Average,National
2022-05-18,Coffee,16712.19,India_Average,National
2022-05-19,Coffee,16301.45,India_Average,National
2022-05-20,Coffee,16506.5,India_Average,National
2022-05-21,Coffee,16231.37,India_Average,National
2022-05-22,Coffee,16364.42,India_Average,National
2022-05-23,Coffee,16674.98,India_Average,National
2022-05-24,Coffee,15680.48,India_Average,National
2022-05-25,Coffee,15661.9,India_Average,National
2022-05-26,Coffee,15354.45,India_Average,National
2022-05-27,Coffee,15179.78,India_Average,National
2022-05-28,Coffee,15495.74,India_Average,National
2022-05-29,Coffee,16631.56,India_Average,National
2022-05-30,Coffee,15763.45,India_Average,National
2022-05-31,Coffee,16923.73,India_Average,National
2022-06-01,Coffee,15026.04,India_Average,National
2022-06-02,Coffee,13523.62,India_Average,National
2022-06-03,Coffee,15491.23,India_Average,National
2022-06-04,Coffee,15608.1,India_Average,National
2022-06-05,Coffee,14254.6,India_Average,National
2022-06-06,Coffee,15315.14,India_Average,National
2022-06-07,Coffee,14357.63,India_Average,National
2022-06-08,Coffee,15073.25,India_Average,National
2022-06-09,Coffee,14051.63,India_Average,National
2022-06-10,Coffee,13655.17,India_Average,National
2022-06-11,Coffee,14712.89,India_Average,National
2022-06-12,Coffee,14907.2,India_Average,National
2022-06-13,Coffee,14701.74,India_Average,National
2022-06-14,Coffee,14111.98,India_Average,National
2022-06-15,Coffee,14700.08,India_Average,National
2022-06-16,Coffee,15201.97,India_Average,National
2022-06-17,Coffee,14966.33,India_Average,National
2022-06-18,Coffee,15136.88,India_Average,National
2022-06-19,Coffee,14497.41,India_Average,National
2022-06-20,Coffee,15878.79,India_Average,National
2022-06-21,Coffee,14117.87,India_Average,National
2022-06-22,Coffee,15365.67,India_Average,National
2022-06-23,Coffee,15886.42,India_Average,National
2022-06-24,Coffee,15360.68,India_Average,National
2022-06-25,Coffee,14848.11,India_Average,National
2022-06-26,Coffee,14603.78,India_Average,National
2022-06-27,Coffee,15777.07,India_Average,National
2022-06-28,Coffee,13932.77,India_Average,National
2022-06-29,Coffee,14272.41,India_Average,National
2022-06-30,Coffee,14701.83,India_Average,National
2022-07-01,Coffee,14335.42,India_Average,National
2022-07-02,Coffee,13756.34,India_Average,National
2022-07-03,Coffee,12846.57,India_Average,National
2022-07-04,Coffee,13290.54,India_Average,National
2022-07-05,Coffee,13085.33,India_Average,National
2022-07-06,Coffee,13020.89,India_Average,National
2022-07-07,Coffee,14160.75,India_Average,National
2022-07-08,Coffee,12574.07,India_Average,National
2022-07-09,Coffee,14585.93,India_Average,National
2022-07-10,Coffee,14059.06,India_Average,National
2022-07-11,Coffee,14236.33,India_Average,National
2022-07-12,Coffee,13187.52,India_Average,National
2022-07-13,Coffee,13398.79,India_Average,National
2022-07-14,Coffee,12532.62,India_Average,National
2022-07-15,Coffee,13145.85,India_Average,National
2022-07-16,Coffee,13833.22,India_Average,National
2022-07-17,Coffee,14374.84,India_Average,National
2022-07-18,Coffee,12752.67,India_Average,National
2022-07-19,Coffee,13253.28,India_Average,National
2022-07-20,Coffee,13397.87,India_Average,National
2022-07-21,Coffee,12557.84,India_Average,National
2022-07-22,Coffee,13899.16,India_Average,National
2022-07-23,Coffee,13011.31,India_Average,National
2022-07-24,Coffee,13368.11,India_Average,National
2022-07-25,Coffee,13194.93,India_Average,National
2022-07-26,Coffee,12967.2,India_Average,National
2022-07-27,Coffee,13495.24,India_Average,National
2022-07-28,Coffee,13354.46,India_Average,National
2022-07-29,Coffee,13249.0,India_Average,National
2022-07-30,Coffee,13008.29,India_Average,National
2022-07-31,Coffee,13715.68,India_Average,National
2022-08-01,Coffee,13427.33,India_Average,National
2022-08-02,Coffee,12488.67,India_Average,National
2022-08-03,Coffee,13019.61,India_Average,National
2022-08-04,Coffee,11539.85,India_Average,National
2022-08-05,Coffee,12499.75,India_Average,National
2022-08-06,Coffee,11721.45,India_Average,National
2022-08-07,Coffee,11486.09,India_Average,National
2022-08-08,Coffee,11943.44,India_Average,National
2022-08-09,Coffee,13141.02,India_Average,National
2022-08-10,Coffee,12991.02,India_Average,National
2022-08-11,Coffee,12552.61,India_Average,National
2022-08-12,Coffee,11451.5,India_Average,National
2022-08-13,Coffee,12280.21,India_Average,National
2022-08-14,Coffee,12589.01,India_Average,National
2022-08-15,Coffee,12510.77,India_Average,National
2022-08-16,Coffee,11258.59,India_Average,National
2022-08-17,Coffee,11849.84,India_Average,National
2022-08-18,Coffee,12362.19,India_Average,National
2022-08-19,Coffee,12734.48,India_Average,National
2022-08-20,Coffee,11040.11,India_Average,National
2022-08-21,Coffee,12301.39,India_Average,National
2022-08-22,Coffee,12490.63,India_Average,National
2022-08-23,Coffee,12928.76,India_Average,National
2022-08-24,Coffee,12831.56,India_Average,National
2022-08-25,Coffee,12763.17,India_Average,National
2022-08-26,Coffee,11905.88,India_Average,National
2022-08-27,Coffee,11218.78,India_Average,National
2022-08-28,Coffee,12158.19,India_Average,National
2022-08-29,Coffee,13023.03,India_Average,National
2022-08-30,Coffee,13266.0,India_Average,National
2022-08-31,Coffee,12842.53,India_Average,National
2022-09-01,Coffee,12257.6,India_Average,National
2022-09-02,Coffee,12227.78,India_Average,National
2022-09-03,Coffee,11666.33,India_Average,National
2022-09-04,Coffee,11921.96,India_Average,National
2022-09-05,Coffee,13001.44,India_Average,National
2022-09-06,Coffee,11434.47,India_Average,National
2022-09-07,Coffee,12968.87,India_Average,National
2022-09-08,Coffee,11806.78,India_Average,National
2022-09-09,Coffee,12795.26,India_Average,National
2022-09-10,Coffee,11155.91,India_Average,National
2022-09-11,Coffee,12351.54,India_Average,National
2022-09-12,Coffee,11557.94,India_Average,National
2022-09-13,Coffee,11150.84,India_Average,National
2022-09-14,Coffee,12131.12,India_Average,National
2022-09-15,Coffee,12605.68,India_Average,National
2022-09-16,Coffee,11493.04,India_Average,National
2022-09-17,Coffee,11100.59,India_Average,National
2022-09-18,Coffee,11944.89,India_Average,National
2022-09-19,Coffee,11947.54,India_Average,National
2022-09-20,Coffee,12328.99,India_Average,National
2022-09-21,Coffee,12569.76,India_Average,National
2022-09-22,Coffee,11964.35,India_Average,National
2022-09-23,Coffee,13113.3,India_Average,National
2022-09-24,Coffee,12134.54,India_Average,National
2022-09-25,Coffee,11792.14,India_Average,National
2022-09-26,Coffee,11033.06,India_Average,National
2022-09-27,Coffee,11842.4,India_Average,National
2022-09-28,Coffee,11798.17,India_Average,National
2022-09-29,Coffee,12576.18,India_Average,National
2022-09-30,Coffee,12277.49,India_Average,National
2022-10-01,Coffee,11670.6,India_Average,National
2022-10-02,Coffee,12508.74,India_Average,National
2022-10-03,Coffee,12818.34,India_Average,National
2022-10-04,Coffee,13349.45,India_Average,National
2022-10-05,Coffee,12952.26,India_Average,National
2022-10-06,Coffee,12873.72,India_Average,National
2022-10-07,Coffee,12439.18,India_Average,National
2022-10-08,Coffee,12642.71,India_Average,National
2022-10-09,Coffee,13176.74,India_Average,National
2022-10-10,Coffee,11575.47,India_Average,National
2022-10-11,Coffee,12185.24,India_Average,National
2022-10-12,Coffee,11922.86,India_Average,National
2022-10-13,Coffee,12637.04,India_Average,National
2022-10-14,Coffee,13164.78,India_Average,National
2022-10-15,Coffee,12031.74,India_Average,National
2022-10-16,Coffee,10919.71,India_Average,National
2022-10-17,Coffee,12146.31,India_Average,National
2022-10-18,Coffee,12968.37,India_Average,National
2022-10-19,Coffee,12735.31,India_Average,National
2022-10-20,Coffee,12667.44,India_Average,National
2022-10-21,Coffee,12228.3,India_Average,National
2022-10-22,Coffee,11608.8,India_Average,National
2022-10-23,Coffee,12721.46,India_Average,National
2022-10-24,Coffee,11884.59,India_Average,National
2022-10-25,Coffee,13756.27,India_Average,National
2022-10-26,Coffee,12755.69,India_Average,National
2022-10-27,Coffee,12041.87,India_Average,National
2022-10-28,Coffee,12022.81,India_Average,National
2022-10-29,Coffee,12344.29,India_Average,National
2022-10-30,Coffee,12253.41,India_Average,National
2022-10-31,Coffee,13094.47,India_Average,National
2022-11-01,Coffee,13625.83,India_Average,National
2022-11-02,Coffee,13006.15,India_Average,National
2022-11-03,Coffee,14776.05,India_Average,National
2022-11-04,Coffee,13533.28,India_Average,National
2022-11-05,Coffee,14018.97,India_Average,National
2022-11-06,Coffee,13089.45,India_Average,National
2022-11-07,Coffee,13745.1,India_Average,National
2022-11-08,Coffee,13710.0,India_Average,National
2022-11-09,Coffee,12224.49,India_Average,National
2022-11-10,Coffee,14860.31,India_Average,National
2022-11-11,Coffee,14371.19,India_Average,National
2022-11-12,Coffee,13231.89,India_Average,National
2022-11-13,Coffee,12755.97,India_Average,National
2022-11-14,Coffee,13734.6,India_Average,National
2022-11-15,Coffee,13558.52,India_Average,National
2022-11-16,Coffee,13740.08,India_Average,National
2022-11-17,Coffee,13629.31,India_Average,National
2022-11-18,Coffee,13841.71,India_Average,National
2022-11-19,Coffee,14476.93,India_Average,National
2022-11-20,Coffee,13883.47,India_Average,National
2022-11-21,Coffee,12791.48,India_Average,National
2022-11-22,Coffee,14419.73,India_Average,National
2022-11-23,Coffee,14607.41,India_Average,National
2022-11-24,Coffee,15627.64,India_Average,National
2022-11-25,Coffee,12741.64,India_Average,National
2022-11-26,Coffee,13663.95,India_Average,National
2022-11-27,Coffee,12094.58,India_Average,National
2022-11-28,Coffee,13873.38,India_Average,National
2022-11-29,Coffee,13129.96,India_Average,National
2022-11-30,Coffee,14798.33,India_Average,National
2022-12-01,Coffee,14419.04,India_Average,National
2022-12-02,Coffee,13733.11,India_Average,National
2022-12-03,Coffee,14646.55,India_Average,National
2022-12-04,Coffee,13518.38,India_Average,National
2022-12-05,Coffee,15563.32,India_Average,National
2022-12-06,Coffee,13451.19,India_Average,National
2022-12-07,Coffee,15021.34,India_Average,National
2022-12-08,Coffee,13441.64,India_Average,National
2022-12-09,Coffee,14759.78,India_Average,National
2022-12-10,Coffee,16232.53,India_Average,National
2022-12-11,Coffee,15270.49,India_Average,National
2022-12-12,Coffee,14352.38,India_Average,National
2022-12-13,Coffee,14976.6,India_Average,National
2022-12-14,Coffee,15013.51,India_Average,National
2022-12-15,Coffee,15354.47,India_Average,National
2022-12-16,Coffee,13974.86,India_Average,National
2022-12-17,Coffee,15444.43,India_Average,National
2022-12-18,Coffee,12971.71,India_Average,National
2022-12-19,Coffee,14527.59,India_Average,National
2022-12-20,Coffee,14633.79,India_Average,National
2022-12-21,Coffee,15475.0,India_Average,National
2022-12-22,Coffee,15016.97,India_Average,National
2022-12-23,Coffee,13945.83,India_Average,National
2022-12-24,Coffee,14261.26,India_Average,National
2022-12-25,Coffee,15149.01,India_Average,National
2022-12-26,Coffee,14940.7,India_Average,National
2022-12-27,Coffee,14565.66,India_Average,National
2022-12-28,Coffee,14639.37,India_Average,National
2022-12-29,Coffee,15522.13,India_Average,National
2022-12-30,Coffee,14611.73,India_Average,National
2022-12-31,Coffee,14933.93,India_Average,National
2023-01-01,Coffee,18290.2,India_Average,National
2023-01-02,Coffee,15325.46,India_Average,National
2023-01-03,Coffee,14972.23,India_Average,National
2023-01-04,Coffee,17146.46,India_Average,National
2023-01-05,Coffee,15940.12,India_Average,National
2023-01-06,Coffee,16237.45,India_Average,National
2023-01-07,Coffee,15855.55,India_Average,National
2023-01-08,Coffee,16285.66,India_Average,National
2023-01-09,Coffee,17818.79,India_Average,National
2023-01-10,Coffee,17161.76,India_Average,National
2023-01-11,Coffee,17211.33,India_Average,National
2023-01-12,Coffee,15331.61,India_Average,National
2023-01-13,Coffee,15550.3,India_Average,National
2023-01-14,Coffee,14157.76,India_Average,National
2023-01-15,Coffee,15832.26,India_Average,National
2023-01-16,Coffee,17289.28,India_Average,National
2023-01-17,Coffee,16926.48,India_Average,National
2023-01-18,Coffee,16317.25,India_Average,National
2023-01-19,Coffee,16481.6,India_Average,National
2023-01-20,Coffee,15931.67,India_Average,National
2023-01-21,Coffee,16668.93,India_Average,National
2023-01-22,Coffee,17131.85,India_Average,National
2023-01-23,Coffee,15166.89,India_Average,National
2023-01-24,Coffee,16747.21,India_Average,National
2023-01-25,Coffee,17269.26,India_Average,National
2023-01-26,Coffee,16157.54,India_Average,National
2023-01-27,Coffee,17078.08,India_Average,National
2023-01-28,Coffee,18822.09,India_Average,National
2023-01-29,Coffee,16413.92,India_Average,National
2023-01-30,Coffee,16824.48,India_Average,National
2023-01-31,Coffee,15891.1,India_Average,National
2023-02-01,Coffee,17757.56,India_Average,National
2023-02-02,Coffee,18003.07,India_Average,National
2023-02-03,Coffee,17769.52,India_Average,National
2023-02-04,Coffee,16700.84,India_Average,National
2023-02-05,Coffee,17779.65,India_Average,National
2023-02-06,Coffee,18884.67,India_Average,National
2023-02-07,Coffee,17992.83,India_Average,National
2023-02-08,Coffee,18444.53,India_Average,National
2023-02-09,Coffee,17389.53,India_Average,National
2023-02-10,Coffee,18257.92,India_Average,National
2023-02-11,Coffee,17843.81,India_Average,National
2023-02-12,Coffee,16761.37,India_Average,National
2023-02-13,Coffee,17878.34,India_Average,National
2023-02-14,Coffee,16725.48,India_Average,National
2023-02-15,Coffee,17041.2,India_Average,National
2023-02-16,Coffee,17764.67,India_Average,National
2023-02-17,Coffee,17859.62,India_Average,National
2023-02-18,Coffee,16551.67,India_Average,National
2023-02-19,Coffee,18525.48,India_Average,National
2023-02-20,Coffee,18101.39,India_Average,National
2023-02-21,Coffee,16977.98,India_Average,National
2023-02-22,Coffee,16245.15,India_Average,National
2023-02-23,Coffee,17470.57,India_Average,National
2023-02-24,Coffee,17205.69,India_Average,National
2023-02-25,Coffee,17697.63,India_Average,National
2023-02-26,Coffee,17278.57,India_Average,National
2023-02-27,Coffee,15831.71,India_Average,National
2023-02-28,Coffee,17256.37,India_Average,National
2023-03-01,Coffee,17724.94,India_Average,National
2023-03-02,Coffee,18570.29,India_Average,National
2023-03-03,Coffee,17371.62,India_Average,National
2023-03-04,Coffee,19510.81,India_Average,National
2023-03-05,Coffee,16279.52,India_Average,National
2023-03-06,Coffee,19180.05,India_Average,National
2023-03-07,Coffee,17798.11,India_Average,National
2023-03-08,Coffee,18773.63,India_Average,National
2023-03-09,Coffee,18071.82,India_Average,National
2023-03-10,Coffee,19025.6,India_Average,National
2023-03-11,Coffee,17651.37,India_Average,National
2023-03-12,Coffee,17011.24,India_Average,National
2023-03-13,Coffee,19278.45,India_Average,National
2023-03-14,Coffee,17897.87,India_Average,National
2023-03-15,Coffee,18199.4,India_Average,National
2023-03-16,Coffee,19111.28,India_Average,National
2023-03-17,Coffee,17071.24,India_Average,National
2023-03-18,Coffee,18535.94,India_Average,National
2023-03-19,Coffee,17469.09,India_Average,National
2023-03-20,Coffee,17881.05,India_Average,National
2023-03-21,Coffee,18065.05,India_Average,National
2023-03-22,Coffee,16649.8,India_Average,National
2023-03-23,Coffee,17299.05,India_Average,National
2023-03-24,Coffee,19215.97,India_Average,National
2023-03-25,Coffee,18797.57,India_Average,National
2023-03-26,Coffee,17943.62,India_Average,National
2023-03-27,Coffee,18218.81,India_Average,National
2023-03-28,Coffee,17735.18,India_Average,National
2023-03-29,Coffee,19220.93,India_Average,National
2023-03-30,Coffee,17819.68,India_Average,National
2023-03-31,Coffee,18208.66,India_Average,National
2023-04-01,Coffee,18606.47,India_Average,National
2023-04-02,Coffee,16914.06,India_Average,National
2023-04-03,Coffee,18969.66,India_Average,National
2023-04-04,Coffee,16251.42,India_Average,National
2023-04-05,Coffee,19032.0,India_Average,National
2023-04-06,Coffee,17270.16,India_Average,National
2023-04-07,Coffee,17384.52,India_Average,National
2023-04-08,Coffee,15935.05,India_Average,National
2023-04-09,Coffee,17197.9,India_Average,National
2023-04-10,Coffee,16683.15,India_Average,National
2023-04-11,Coffee,17063.41,India_Average,National
2023-04-12,Coffee,17477.26,India_Average,National
2023-04-13,Coffee,18440.84,India_Average,National
2023-04-14,Coffee,17780.75,India_Average,National
2023-04-15,Coffee,17868.8,India_Average,National
2023-04-16,Coffee,16634.12,India_Average,National
2023-04-17,Coffee,16823.1,India_Average,National
2023-04-18,Coffee,19180.78,India_Average,National
2023-04-19,Coffee,16951.17,India_Average,National
2023-04-20,Coffee,19055.38,India_Average,National
2023-04-21,Coffee,17384.21,India_Average,National
2023-04-22,Coffee,17600.09,India_Average,National
2023-04-23,Coffee,18539.89,India_Average,National
2023-04-24,Coffee,18717.22,India_Average,National
2023-04-25,Coffee,17500.57,India_Average,National
2023-04-26,Coffee,17256.46,India_Average,National
2023-04-27,Coffee,17548.87,India_Average,National
2023-04-28,Coffee,17895.45,India_Average,National
2023-04-29,Coffee,18382.34,India_Average,National
2023-04-30,Coffee,17601.8,India_Average,National
2023-05-01,Coffee,17010.58,India_Average,National
2023-05-02,Coffee,17851.65,India_Average,National
2023-05-03,Coffee,16814.58,India_Average,National
2023-05-04,Coffee,16757.11,India_Average,National
2023-05-05,Coffee,15246.9,India_Average,National
2023-05-06,Coffee,14329.65,India_Average,National
2023-05-07,Coffee,16820.41,India_Average,National
2023-05-08,Coffee,16421.77,India_Average,National
2023-05-09,Coffee,16075.3,India_Average,National
2023-05-10,Coffee,16700.91,India_Average,National
2023-05-11,Coffee,16450.17,India_Average,National
2023-05-12,Coffee,17430.42,India_Average,National
2023-05-13,Coffee,16571.04,India_Average,National
2023-05-14,Coffee,15883.79,India_Average,National
2023-05-15,Coffee,17316.89,India_Average,National
2023-05-16,Coffee,16320.87,India_Average,National
2023-05-17,Coffee,16934.39,India_Average,National
2023-05-18,Coffee,16106.14,India_Average,National
2023-05-19,Coffee,15963.89,India_Average,National
2023-05-20,Coffee,16569.44,India_Average,National
2023-05-21,Coffee,16510.58,India_Average,National
2023-05-22,Coffee,16895.86,India_Average,National
2023-05-23,Coffee,16278.37,India_Average,National
2023-05-24,Coffee,14985.0,India_Average,National
2023-05-25,Coffee,16142.96,India_Average,National
2023-05-26,Coffee,17154.9,India_Average,National
2023-05-27,Coffee,16254.66,India_Average,National
2023-05-28,Coffee,16296.73,India_Average,National
2023-05-29,Coffee,17313.76,India_Average,National
2023-05-30,Coffee,15912.62,India_Average,National
2023-05-31,Coffee,15227.19,India_Average,National
2023-06-01,Coffee,14879.53,India_Average,National
2023-06-02,Coffee,14636.87,India_Average,National
2023-06-03,Coffee,14275.32,India_Average,National
2023-06-04,Coffee,14868.47,India_Average,National
2023-06-05,Coffee,15368.63,India_Average,National
2023-06-06,Coffee,14993.03,India_Average,National
2023-06-07,Coffee,15230.24,India_Average,National
2023-06-08,Coffee,16360.06,India_Average,National
2023-06-09,Coffee,14742.84,India_Average,National
2023-06-10,Coffee,15208.76,India_Average,National
2023-06-11,Coffee,14618.09,India_Average,National
2023-06-12,Coffee,14365.23,India_Average,National
2023-06-13,Coffee,14561.32,India_Average,National
2023-06-14,Coffee,14640.93,India_Average,National
2023-06-15,Coffee,15269.61,India_Average,National
2023-06-16,Coffee,16761.81,India_Average,National
2023-06-17,Coffee,14462.97,India_Average,National
2023-06-18,Coffee,14687.53,India_Average,National
2023-06-19,Coffee,14952.66,India_Average,National
2023-06-20,Coffee,15296.85,India_Average,National
2023-06-21,Coffee,15197.66,India_Average,National
2023-06-22,Coffee,15963.07,India_Average,National
2023-06-23,Coffee,13180.21,India_Average,National
2023-06-24,Coffee,13209.8,India_Average,National
2023-06-25,Coffee,14628.09,India_Average,National
2023-06-26,Coffee,15822.98,India_Average,National
2023-06-27,Coffee,13825.76,India_Average,National
2023-06-28,Coffee,12744.28,India_Average,National
2023-06-29,Coffee,15428.38,India_Average,National
2023-06-30,Coffee,15182.74,India_Average,National
2023-07-01,Coffee,12764.11,India_Average,National
2023-07-02,Coffee,12834.76,India_Average,National
2023-07-03,Coffee,12845.42,India_Average,National
2023-07-04,Coffee,13574.61,India_Average,National
2023-07-05,Coffee,13077.24,India_Average,National
2023-07-06,Coffee,13833.49,India_Average,National
2023-07-07,Coffee,11573.13,India_Average,National
2023-07-08,Coffee,12921.62,India_Average,National
2023-07-09,Coffee,12739.91,India_Average,National
2023-07-10,Coffee,13326.97,India_Average,National
2023-07-11,Coffee,13136.82,India_Average,National
2023-07-12,Coffee,14038.54,India_Average,National
2023-07-13,Coffee,12244.95,India_Average,National
2023-07-14,Coffee,13530.71,India_Average,National
2023-07-15,Coffee,13876.88,India_Average,National
2023-07-16,Coffee,14753.24,India_Average,National
2023-07-17,Coffee,13174.81,India_Average,National
2023-07-18,Coffee,13719.01,India_Average,National
2023-07-19,Coffee,12282.39,India_Average,National
2023-07-20,Coffee,11885.43,India_Average,National
2023-07-21,Coffee,14070.22,India_Average,National
2023-07-22,Coffee,13496.25,India_Average,National
2023-07-23,Coffee,14295.5,India_Average,National
2023-07-24,Coffee,12572.95,India_Average,National
2023-07-25,Coffee,13850.93,India_Average,National
2023-07-26,Coffee,14761.45,India_Average,National
2023-07-27,Coffee,13783.3,India_Average,National
2023-07-28,Coffee,13686.69,India_Average,National
2023-07-29,Coffee,13505.78,India_Average,National
2023-07-30,Coffee,12439.66,India_Average,National
2023-07-31,Coffee,14415.01,India_Average,National
2023-08-01,Coffee,12023.13,India_Average,National
2023-08-02,Coffee,12714.75,India_Average,National
2023-08-03,Coffee,11432.69,India_Average,National
2023-08-04,Coffee,11670.55,India_Average,National
2023-08-05,Coffee,13291.82,India_Average,National
2023-08-06,Coffee,12186.56,India_Average,National
2023-08-07,Coffee,13303.09,India_Average,National
2023-08-08,Coffee,12353.41,India_Average,National
2023-08-09,Coffee,11259.77,India_Average,National
2023-08-10,Coffee,12955.09,India_Average,National
2023-08-11,Coffee,12036.13,India_Average,National
2023-08-12,Coffee,12835.18,India_Average,National
2023-08-13,Coffee,12417.56,India_Average,National
2023-08-14,Coffee,11445.04,India_Average,National
2023-08-15,Coffee,12503.8,India_Average,National
2023-08-16,Coffee,13763.79,India_Average,National
2023-08-17,Coffee,12707.62,India_Average,National
2023-08-18,Coffee,12366.26,India_Average,National
2023-08-19,Coffee,13068.74,India_Average,National
2023-08-20,Coffee,12532.56,India_Average,National
2023-08-21,Coffee,12531.86,India_Average,National
2023-08-22,Coffee,11725.01,India_Average,National
2023-08-23,Coffee,12546.93,India_Average,National
2023-08-24,Coffee,13044.0,India_Average,National
2023-08-25,Coffee,11883.48,India_Average,National
2023-08-26,Coffee,13285.25,India_Average,National
2023-08-27,Coffee,12345.06,India_Average,National
2023-08-28,Coffee,11851.42,India_Average,National
2023-08-29,Coffee,13020.55,India_Average,National
2023-08-30,Coffee,12224.08,India_Average,National
2023-08-31,Coffee,12872.9,India_Average,National
2023-09-01,Coffee,11824.94,India_Average,National
2023-09-02,Coffee,11964.1,India_Average,National
2023-09-03,Coffee,12296.14,India_Average,National
2023-09-04,Coffee,12174.54,India_Average,National
2023-09-05,Coffee,10802.68,India_Average,National
2023-09-06,Coffee,11327.25,India_Average,National
2023-09-07,Coffee,12557.65,India_Average,National
2023-09-08,Coffee,11920.72,India_Average,National
2023-09-09,Coffee,11685.76,India_Average,National
2023-09-10,Coffee,11184.86,India_Average,National
2023-09-11,Coffee,11352.16,India_Average,National
2023-09-12,Coffee,10786.92,India_Average,National
2023-09-13,Coffee,11939.23,India_Average,National
2023-09-14,Coffee,11640.94,India_Average,National
2023-09-15,Coffee,11420.05,India_Average,National
2023-09-16,Coffee,11959.13,India_Average,National
2023-09-17,Coffee,12218.38,India_Average,National
2023-09-18,Coffee,13255.92,India_Average,National
2023-09-19,Coffee,11092.87,India_Average,National
2023-09-20,Coffee,12695.63,India_Average,National
2023-09-21,Coffee,12583.86,India_Average,National
2023-09-22,Coffee,11532.54,India_Average,National
2023-09-23,Coffee,12121.94,India_Average,National
2023-09-24,Coffee,11725.42,India_Average,National
2023-09-25,Coffee,12111.41,India_Average,National
2023-09-26,Coffee,12905.48,India_Average,National
2023-09-27,Coffee,12363.36,India_Average,National
2023-09-28,Coffee,12305.17,India_Average,National
2023-09-29,Coffee,11741.81,India_Average,National
2023-09-30,Coffee,11109.57,India_Average,National
2023-10-01,Coffee,12272.65,India_Average,National
2023-10-02,Coffee,13150.14,India_Average,National
2023-10-03,Coffee,11454.93,India_Average,National
2023-10-04,Coffee,11747.67,India_Average,National
2023-10-05,Coffee,12480.22,India_Average,National
2023-10-06,Coffee,11791.34,India_Average,National
2023-10-07,Coffee,11910.48,India_Average,National
2023-10-08,Coffee,12139.25,India_Average,National
2023-10-09,Coffee,11555.11,India_Average,National
2023-10-10,Coffee,11797.87,India_Average,National
2023-10-11,Coffee,12838.12,India_Average,National
2023-10-12,Coffee,11591.23,India_Average,National
2023-10-13,Coffee,11411.09,India_Average,National
2023-10-14,Coffee,12011.25,India_Average,National
2023-10-15,Coffee,12855.81,India_Average,National
2023-10-16,Coffee,12279.81,India_Average,National
2023-10-17,Coffee,12113.84,India_Average,National
2023-10-18,Coffee,12429.43,India_Average,National
2023-10-19,Coffee,11319.42,India_Average,National
2023-10-20,Coffee,12708.69,India_Average,National
2023-10-21,Coffee,12639.69,India_Average,National
2023-10-22,Coffee,12148.11,India_Average,National
2023-10-23,Coffee,13025.69,India_Average,National
2023-10-24,Coffee,11702.77,India_Average,National
2023-10-25,Coffee,13101.34,India_Average,National
2023-10-26,Coffee,12497.72,India_Average,National
2023-10-27,Coffee,12193.23,India_Average,National
2023-10-28,Coffee,12389.6,India_Average,National
2023-10-29,Coffee,12335.41,India_Average,National
2023-10-30,Coffee,13158.62,India_Average,National
2023-10-31,Coffee,11734.28,India_Average,National
2023-11-01,Coffee,12985.3,India_Average,National
2023-11-02,Coffee,14199.5,India_Average,National
2023-11-03,Coffee,13098.01,India_Average,National
2023-11-04,Coffee,14107.86,India_Average,National
2023-11-05,Coffee,14647.12,India_Average,National
2023-11-06,Coffee,13228.79,India_Average,National
2023-11-07,Coffee,13959.92,India_Average,National
2023-11-08,Coffee,12721.26,India_Average,National
2023-11-09,Coffee,14009.44,India_Average,National
2023-11-10,Coffee,13634.61,India_Average,National
2023-11-11,Coffee,13819.3,India_Average,National
2023-11-12,Coffee,13064.24,India_Average,National
2023-11-13,Coffee,12378.77,India_Average,National
2023-11-14,Coffee,13839.7,India_Average,National
2023-11-15,Coffee,12107.2,India_Average,National
2023-11-16,Coffee,13285.79,India_Average,National
2023-11-17,Coffee,14135.3,India_Average,National
2023-11-18,Coffee,13629.53,India_Average,National
2023-11-19,Coffee,14815.13,India_Average,National
2023-11-20,Coffee,14191.95,India_Average,National
2023-11-21,Coffee,13058.62,India_Average,National
2023-11-22,Coffee,13518.44,India_Average,National
2023-11-23,Coffee,13468.02,India_Average,National
2023-11-24,Coffee,12432.03,India_Average,National
2023-11-25,Coffee,12865.23,India_Average,National
2023-11-26,Coffee,13121.49,India_Average,National
2023-11-27,Coffee,12125.55,India_Average,National
2023-11-28,Coffee,13532.06,India_Average,National
2023-11-29,Coffee,13331.88,India_Average,National
2023-11-30,Coffee,12370.8,India_Average,National
2023-12-01,Coffee,15303.16,India_Average,National
2023-12-02,Coffee,15536.9,India_Average,National
2023-12-03,Coffee,15170.28,India_Average,National
2023-12-04,Coffee,14756.95,India_Average,National
2023-12-05,Coffee,15443.58,India_Average,National
2023-12-06,Coffee,15510.17,India_Average,National
2023-12-07,Coffee,15230.55,India_Average,National
2023-12-08,Coffee,14381.54,India_Average,National
2023-12-09,Coffee,15207.45,India_Average,National
2023-12-10,Coffee,15896.61,India_Average,National
2023-12-11,Coffee,14552.53,India_Average,National
2023-12-12,Coffee,16573.45,India_Average,National
2023-12-13,Coffee,14605.78,India_Average,National
2023-12-14,Coffee,15024.31,India_Average,National
2023-12-15,Coffee,14495.64,India_Average,National
2023-12-16,Coffee,15167.45,India_Average,National
2023-12-17,Coffee,13693.33,India_Average,National
2023-12-18,Coffee,14590.47,India_Average,National
2023-12-19,Coffee,14180.91,India_Average,National
2023-12-20,Coffee,15101.5,India_Average,National
2023-12-21,Coffee,15745.84,India_Average,National
2023-12-22,Coffee,15484.5,India_Average,National
2023-12-23,Coffee,13221.26,India_Average,National
2023-12-24,Coffee,16531.55,India_Average,National
2023-12-25,Coffee,15221.46,India_Average,National
2023-12-26,Coffee,14417.63,India_Average,National
2023-12-27,Coffee,15117.85,India_Average,National
2023-12-28,Coffee,15132.14,India_Average,National
2023-12-29,Coffee,14499.86,India_Average,National
2023-12-30,Coffee,15148.44,India_Average,National
2023-12-31,Coffee,14544.4,India_Average,National
2024-01-01,Coffee,16166.4,India_Average,National
2022-01-01,Cotton,8498.04,India_Average,National
2022-01-02,Cotton,8169.62,India_Average,National
2022-01-03,Cotton,8864.17,India_Average,National
2022-01-04,Cotton,9057.53,India_Average,National
2022-01-05,Cotton,9026.55,India_Average,National
2022-01-06,Cotton,9160.77,India_Average,National
2022-01-07,Cotton,8942.71,India_Average,National
2022-01-08,Cotton,8565.6,India_Average,National
2022-01-09,Cotton,9169.45,India_Average,National
2022-01-10,Cotton,8202.69,India_Average,National
2022-01-11,Cotton,8403.7,India_Average,National
2022-01-12,Cotton,8375.75,India_Average,National
2022-01-13,Cotton,9275.22,India_Average,National
2022-01-14,Cotton,9214.83,India_Average,National
2022-01-15,Cotton,9014.41,India_Average,National
2022-01-16,Cotton,9271.65,India_Average,National
2022-01-17,Cotton,8413.12,India_Average,National
2022-01-18,Cotton,8953.38,India_Average,National
2022-01-19,Cotton,8744.92,India_Average,National
2022-01-20,Cotton,9172.63,India_Average,National
2022-01-21,Cotton,8749.3,India_Average,National
2022-01-22,Cotton,8630.63,India_Average,National
2022-01-23,Cotton,9038.0,India_Average,National
2022-01-24,Cotton,9185.51,India_Average,National
2022-01-25,Cotton,8505.93,India_Average,National
2022-01-26,Cotton,8773.13,India_Average,National
2022-01-27,Cotton,8334.29,India_Average,National
2022-01-28,Cotton,7700.85,India_Average,National
2022-01-29,Cotton,8888.2,India_Average,National
2022-01-30,Cotton,9067.92,India_Average,National
2022-01-31,Cotton,8915.31,India_Average,National
2022-02-01,Cotton,8470.75,India_Average,National
2022-02-02,Cotton,9220.99,India_Average,National
2022-02-03,Cotton,8344.61,India_Average,National
2022-02-04,Cotton,10028.42,India_Average,National
2022-02-05,Cotton,8875.97,India_Average,National
2022-02-06,Cotton,9974.78,India_Average,National
2022-02-07,Cotton,9829.52,India_Average,National
2022-02-08,Cotton,8963.01,India_Average,National
2022-02-09,Cotton,8854.05,India_Average,National
2022-02-10,Cotton,9550.06,India_Average,National
2022-02-11,Cotton,8989.41,India_Average,National
2022-02-12,Cotton,9433.73,India_Average,National
2022-02-13,Cotton,9159.06,India_Average,National
2022-02-14,Cotton,8549.78,India_Average,National
2022-02-15,Cotton,8338.92,India_Average,National
2022-02-16,Cotton,9492.02,India_Average,National
2022-02-17,Cotton,9122.11,India_Average,National
2022-02-18,Cotton,9126.09,India_Average,National
2022-02-19,Cotton,9712.2,India_Average,National
2022-02-20,Cotton,9936.32,India_Average,National
2022-02-21,Cotton,9257.74,India_Average,National
2022-02-22,Cotton,9225.8,India_Average,National
2022-02-23,Cotton,9620.35,India_Average,National
2022-02-24,Cotton,8748.86,India_Average,National
2022-02-25,Cotton,9490.36,India_Average,National
2022-02-26,Cotton,9644.63,India_Average,National
2022-02-27,Cotton,9704.86,India_Average,National
2022-02-28,Cotton,8476.76,India_Average,National
2022-03-01,Cotton,9234.55,India_Average,National
2022-03-02,Cotton,9178.43,India_Average,National
2022-03-03,Cotton,9647.95,India_Average,National
2022-03-04,Cotton,9830.76,India_Average,National
2022-03-05,Cotton,10318.42,India_Average,National
2022-03-06,Cotton,9362.42,India_Average,National
2022-03-07,Cotton,9361.17,India_Average,National
2022-03-08,Cotton,10151.84,India_Average,National
2022-03-09,Cotton,9742.36,India_Average,National
2022-03-10,Cotton,10208.47,India_Average,National
2022-03-11,Cotton,9738.59,India_Average,National
2022-03-12,Cotton,9044.58,India_Average,National
2022-03-13,Cotton,8960.1,India_Average,National
2022-03-14,Cotton,8855.27,India_Average,National
2022-03-15,Cotton,9917.78,India_Average,National
2022-03-16,Cotton,10170.53,India_Average,National
2022-03-17,Cotton,10487.69,India_Average,National
2022-03-18,Cotton,10004.69,India_Average,National
2022-03-19,Cotton,10158.16,India_Average,National
2022-03-20,Cotton,9321.59,India_Average,National
2022-03-21,Cotton,9044.92,India_Average,National
2022-03-22,Cotton,10008.04,India_Average,National
2022-03-23,Cotton,9800.49,India_Average,National
2022-03-24,Cotton,9651.57,India_Average,National
2022-03-25,Cotton,9785.94,India_Average,National
2022-03-26,Cotton,9755.13,India_Average,National
2022-03-27,Cotton,10216.23,India_Average,National
2022-03-28,Cotton,10221.59,India_Average,National
2022-03-29,Cotton,9861.23,India_Average,National
2022-03-30,Cotton,10005.99,India_Average,National
2022-03-31,Cotton,9846.75,India_Average,National
2022-04-01,Cotton,9169.22,India_Average,National
2022-04-02,Cotton,9740.68,India_Average,National
2022-04-03,Cotton,8731.23,India_Average,National
2022-04-04,Cotton,9880.21,India_Average,National
2022-04-05,Cotton,8825.07,India_Average,National
2022-04-06,Cotton,9519.76,India_Average,National
2022-04-07,Cotton,8989.03,India_Average,National
2022-04-08,Cotton,9645.34,India_Average,National
2022-04-09,Cotton,9369.72,India_Average,National
2022-04-10,Cotton,8637.25,India_Average,National
2022-04-11,Cotton,9583.07,India_Average,National
2022-04-12,Cotton,9114.43,India_Average,National
2022-04-13,Cotton,9799.15,India_Average,National
2022-04-14,Cotton,9386.26,India_Average,National
2022-04-15,Cotton,9571.2,India_Average,National
2022-04-16,Cotton,8936.27,India_Average,National
2022-04-17,Cotton,9109.08,India_Average,National
2022-04-18,Cotton,9170.41,India_Average,National
2022-04-19,Cotton,9787.68,India_Average,National
2022-04-20,Cotton,10172.8,India_Average,National
2022-04-21,Cotton,9007.79,India_Average,National
2022-04-22,Cotton,9890.99,India_Average,National
2022-04-23,Cotton,8367.45,India_Average,National
2022-04-24,Cotton,8825.23,India_Average,National
2022-04-25,Cotton,8935.7,India_Average,National
2022-04-26,Cotton,8750.93,India_Average,National
2022-04-27,Cotton,8642.49,India_Average,National
2022-04-28,Cotton,9579.45,India_Average,National
2022-04-29,Cotton,9285.18,India_Average,National
2022-04-30,Cotton,9563.69,India_Average,National
2022-05-01,Cotton,9103.81,India_Average,National
2022-05-02,Cotton,8916.87,India_Average,National
2022-05-03,Cotton,9089.42,India_Average,National
2022-05-04,Cotton,8769.41,India_Average,National
2022-05-05,Cotton,8277.72,India_Average,National
2022-05-06,Cotton,9265.44,India_Average,National
2022-05-07,Cotton,8540.79,India_Average,National
2022-05-08,Cotton,8388.34,India_Average,National
2022-05-09,Cotton,8721.72,India_Average,National
2022-05-10,Cotton,8398.36,India_Average,National
2022-05-11,Cotton,8616.33,India_Average,National
2022-05-12,Cotton,8951.38,India_Average,National
2022-05-13,Cotton,8953.27,India_Average,National
2022-05-14,Cotton,8404.95,India_Average,National
2022-05-15,Cotton,8585.41,India_Average,National
2022-05-16,Cotton,9272.71,India_Average,National
2022-05-17,Cotton,9018.42,India_Average,National
2022-05-18,Cotton,9713.03,India_Average,National
2022-05-19,Cotton,9319.26,India_Average,National
2022-05-20,Cotton,9303.49,India_Average,National
2022-05-21,Cotton,8189.34,India_Average,National
2022-05-22,Cotton,9136.1,India_Average,National
2022-05-23,Cotton,8776.63,India_Average,National
2022-05-24,Cotton,8557.57,India_Average,National
2022-05-25,Cotton,8873.93,India_Average,National
2022-05-26,Cotton,9215.89,India_Average,National
2022-05-27,Cotton,9020.37,India_Average,National
2022-05-28,Cotton,8413.47,India_Average,National
2022-05-29,Cotton,9126.68,India_Average,National
2022-05-30,Cotton,8519.46,India_Average,National
2022-05-31,Cotton,8895.34,India_Average,National
2022-06-01,Cotton,7878.66,India_Average,National
2022-06-02,Cotton,7912.45,India_Average,National
2022-06-03,Cotton,8306.5,India_Average,National
2022-06-04,Cotton,7583.92,India_Average,National
2022-06-05,Cotton,8778.08,India_Average,National
2022-06-06,Cotton,7271.57,India_Average,National
2022-06-07,Cotton,7760.93,India_Average,National
2022-06-08,Cotton,8148.08,India_Average,National
2022-06-09,Cotton,8233.73,India_Average,National
2022-06-10,Cotton,7959.81,India_Average,National
2022-06-11,Cotton,7977.04,India_Average,National
2022-06-12,Cotton,8164.22,India_Average,National
2022-06-13,Cotton,7907.57,India_Average,National
2022-06-14,Cotton,8557.27,India_Average,National
2022-06-15,Cotton,8335.74,India_Average,National
2022-06-16,Cotton,8349.13,India_Average,National
2022-06-17,Cotton,7613.54,India_Average,National
2022-06-18,Cotton,7968.24,India_Average,National
2022-06-19,Cotton,7879.81,India_Average,National
2022-06-20,Cotton,7597.76,India_Average,National
2022-06-21,Cotton,8144.07,India_Average,National
2022-06-22,Cotton,7784.94,India_Average,National
2022-06-23,Cotton,8262.16,India_Average,National
2022-06-24,Cotton,7571.92,India_Average,National
2022-06-25,Cotton,8687.62,India_Average,National
2022-06-26,Cotton,7641.47,India_Average,National
2022-06-27,Cotton,8087.72,India_Average,National
2022-06-28,Cotton,8316.74,India_Average,National
2022-06-29,Cotton,7771.74,India_Average,National
2022-06-30,Cotton,8340.99,India_Average,National
2022-07-01,Cotton,6757.49,India_Average,National
2022-07-02,Cotton,7722.76,India_Average,National
2022-07-03,Cotton,7205.09,India_Average,National
2022-07-04,Cotton,6985.29,India_Average,National
2022-07-05,Cotton,7092.29,India_Average,National
2022-07-06,Cotton,7491.21,India_Average,National
2022-07-07,Cotton,6989.6,India_Average,National
2022-07-08,Cotton,6930.23,India_Average,National
2022-07-09,Cotton,7120.25,India_Average,National
2022-07-10,Cotton,6776.29,India_Average,National
2022-07-11,Cotton,7855.4,India_Average,National
2022-07-12,Cotton,6996.1,India_Average,National
2022-07-13,Cotton,7499.38,India_Average,National
2022-07-14,Cotton,7275.41,India_Average,National
2022-07-15,Cotton,6845.57,India_Average,National
2022-07-16,Cotton,7197.86,India_Average,National
2022-07-17,Cotton,7482.24,India_Average,National
2022-07-18,Cotton,7132.23,India_Average,National
2022-07-19,Cotton,7629.52,India_Average,National
2022-07-20,Cotton,7567.75,India_Average,National
2022-07-21,Cotton,7530.81,India_Average,National
2022-07-22,Cotton,7034.52,India_Average,National
2022-07-23,Cotton,6811.26,India_Average,National
2022-07-24,Cotton,6979.11,India_Average,National
2022-07-25,Cotton,7270.65,India_Average,National
2022-07-26,Cotton,7396.48,India_Average,National
2022-07-27,Cotton,6418.23,India_Average,National
2022-07-28,Cotton,7197.08,India_Average,National
2022-07-29,Cotton,7256.91,India_Average,National
2022-07-30,Cotton,7100.08,India_Average,National
2022-07-31,Cotton,7664.86,India_Average,National
2022-08-01,Cotton,6753.85,India_Average,National
2022-08-02,Cotton,7047.66,India_Average,National
2022-08-03,Cotton,6542.94,India_Average,National
2022-08-04,Cotton,6924.4,India_Average,National
2022-08-05,Cotton,7155.11,India_Average,National
2022-08-06,Cotton,7048.16,India_Average,National
2022-08-07,Cotton,6253.17,India_Average,National
2022-08-08,Cotton,6530.46,India_Average,National
2022-08-09,Cotton,6500.21,India_Average,National
2022-08-10,Cotton,6776.16,India_Average,National
2022-08-11,Cotton,6841.35,India_Average,National
2022-08-12,Cotton,6336.92,India_Average,National
2022-08-13,Cotton,6636.79,India_Average,National
2022-08-14,Cotton,5946.33,India_Average,National
2022-08-15,Cotton,7091.24,India_Average,National
2022-08-16,Cotton,6444.91,India_Average,National
2022-08-17,Cotton,6632.83,India_Average,National
2022-08-18,Cotton,6511.95,India_Average,National
2022-08-19,Cotton,6993.37,India_Average,National
2022-08-20,Cotton,5675.94,India_Average,National
2022-08-21,Cotton,6608.87,India_Average,National
2022-08-22,Cotton,6579.36,India_Average,National
2022-08-23,Cotton,6464.33,India_Average,National
2022-08-24,Cotton,7185.25,India_Average,National
2022-08-25,Cotton,6320.9,India_Average,National
2022-08-26,Cotton,6869.61,India_Average,National
2022-08-27,Cotton,6732.18,India_Average,National
2022-08-28,Cotton,7031.57,India_Average,National
2022-08-29,Cotton,6393.71,India_Average,National
2022-08-30,Cotton,6371.95,India_Average,National
2022-08-31,Cotton,6976.85,India_Average,National
2022-09-01,Cotton,6536.1,India_Average,National
2022-09-02,Cotton,5905.62,India_Average,National
2022-09-03,Cotton,6227.42,India_Average,National
2022-09-04,Cotton,6523.64,India_Average,National
2022-09-05,Cotton,6668.08,India_Average,National
2022-09-06,Cotton,6182.65,India_Average,National
2022-09-07,Cotton,5467.44,India_Average,National
2022-09-08,Cotton,6567.43,India_Average,National
2022-09-09,Cotton,6009.5,India_Average,National
2022-09-10,Cotton,5754.45,India_Average,National
2022-09-11,Cotton,5493.66,India_Average,National
2022-09-12,Cotton,6660.47,India_Average,National
2022-09-13,Cotton,6441.16,India_Average,National
2022-09-14,Cotton,6327.79,India_Average,National
2022-09-15,Cotton,6844.49,India_Average,National
2022-09-16,Cotton,6603.94,India_Average,National
2022-09-17,Cotton,6917.22,India_Average,National
2022-09-18,Cotton,5954.32,India_Average,National
2022-09-19,Cotton,6388.94,India_Average,National
2022-09-20,Cotton,5882.65,India_Average,National
2022-09-21,Cotton,6326.6,India_Average,National
2022-09-22,Cotton,6320.44,India_Average,National
2022-09-23,Cotton,6600.52,India_Average,National
2022-09-24,Cotton,6414.58,India_Average,National
2022-09-25,Cotton,6599.49,India_Average,National
2022-09-26,Cotton,6625.1,India_Average,National
2022-09-27,Cotton,7089.58,India_Average,National
2022-09-28,Cotton,6299.11,India_Average,National
2022-09-29,Cotton,6098.87,India_Average,National
2022-09-30,Cotton,6478.75,India_Average,National
2022-10-01,Cotton,6349.03,India_Average,National
2022-10-02,Cotton,7104.47,India_Average,National
2022-10-03,Cotton,6520.69,India_Average,National
2022-10-04,Cotton,6427.31,India_Average,National
2022-10-05,Cotton,6458.49,India_Average,National
2022-10-06,Cotton,6851.95,India_Average,National
2022-10-07,Cotton,6562.19,India_Average,National
2022-10-08,Cotton,6402.15,India_Average,National
2022-10-09,Cotton,7165.12,India_Average,National
2022-10-10,Cotton,6331.21,India_Average,National
2022-10-11,Cotton,6626.12,India_Average,National
2022-10-12,Cotton,6830.09,India_Average,National
2022-10-13,Cotton,6074.85,India_Average,National
2022-10-14,Cotton,6773.19,India_Average,National
2022-10-15,Cotton,6265.42,India_Average,National
2022-10-16,Cotton,6886.47,India_Average,National
2022-10-17,Cotton,6295.99,India_Average,National
2022-10-18,Cotton,6843.47,India_Average,National
2022-10-19,Cotton,6980.08,India_Average,National
2022-10-20,Cotton,6899.25,India_Average,National
2022-10-21,Cotton,6697.47,India_Average,National
2022-10-22,Cotton,6537.86,India_Average,National
2022-10-23,Cotton,6423.73,India_Average,National
2022-10-24,Cotton,7100.86,India_Average,National
2022-10-25,Cotton,6383.02,India_Average,National
2022-10-26,Cotton,6271.38,India_Average,National
2022-10-27,Cotton,6834.41,India_Average,National
2022-10-28,Cotton,6351.06,India_Average,National
2022-10-29,Cotton,6300.16,India_Average,National
2022-10-30,Cotton,6136.93,India_Average,National
2022-10-31,Cotton,6454.65,India_Average,National
2022-11-01,Cotton,7170.22,India_Average,National
2022-11-02,Cotton,7287.51,India_Average,National
2022-11-03,Cotton,7542.47,India_Average,National
2022-11-04,Cotton,7389.68,India_Average,National
2022-11-05,Cotton,7131.29,India_Average,National
2022-11-06,Cotton,7128.65,India_Average,National
2022-11-07,Cotton,7383.66,India_Average,National
2022-11-08,Cotton,7658.13,India_Average,National
2022-11-09,Cotton,7245.47,India_Average,National
2022-11-10,Cotton,7031.11,India_Average,National
2022-11-11,Cotton,6842.57,India_Average,National
2022-11-12,Cotton,6679.73,India_Average,National
2022-11-13,Cotton,7439.86,India_Average,National
2022-11-14,Cotton,7408.07,India_Average,National
2022-11-15,Cotton,7407.85,India_Average,National
2022-11-16,Cotton,7153.68,India_Average,National
2022-11-17,Cotton,7706.5,India_Average,National
2022-11-18,Cotton,7025.72,India_Average,National
2022-11-19,Cotton,7543.9,India_Average,National
2022-11-20,Cotton,7186.05,India_Average,National
2022-11-21,Cotton,6980.99,India_Average,National
2022-11-22,Cotton,7413.31,India_Average,National
2022-11-23,Cotton,7347.47,India_Average,National
2022-11-24,Cotton,7328.51,India_Average,National
2022-11-25,Cotton,7229.26,India_Average,National
2022-11-26,Cotton,7186.36,India_Average,National
2022-11-27,Cotton,8059.81,India_Average,National
2022-11-28,Cotton,7626.33,India_Average,National
2022-11-29,Cotton,7460.22,India_Average,National
2022-11-30,Cotton,7240.25,India_Average,National
2022-12-01,Cotton,8402.86,India_Average,National
2022-12-02,Cotton,8207.2,India_Average,National
2022-12-03,Cotton,8010.48,India_Average,National
2022-12-04,Cotton,7878.57,India_Average,National
2022-12-05,Cotton,7967.63,India_Average,National
2022-12-06,Cotton,6731.83,India_Average,National
2022-12-07,Cotton,8084.24,India_Average,National
2022-12-08,Cotton,7804.61,India_Average,National
2022-12-09,Cotton,8637.07,India_Average,National
2022-12-10,Cotton,8007.74,India_Average,National
2022-12-11,Cotton,7524.41,India_Average,National
2022-12-12,Cotton,7980.05,India_Average,National
2022-12-13,Cotton,7581.55,India_Average,National
2022-12-14,Cotton,8189.36,India_Average,National
2022-12-15,Cotton,8116.38,India_Average,National
2022-12-16,Cotton,8383.14,India_Average,National
2022-12-17,Cotton,7683.65,India_Average,National
2022-12-18,Cotton,8013.6,India_Average,National
2022-12-19,Cotton,7453.99,India_Average,National
2022-12-20,Cotton,8280.6,India_Average,National
2022-12-21,Cotton,8207.55,India_Average,National
2022-12-22,Cotton,8198.32,India_Average,National
2022-12-23,Cotton,8000.65,India_Average,National
2022-12-24,Cotton,8165.91,India_Average,National
2022-12-25,Cotton,8641.74,India_Average,National
2022-12-26,Cotton,7885.96,India_Average,National
2022-12-27,Cotton,8055.46,India_Average,National
2022-12-28,Cotton,7565.55,India_Average,National
2022-12-29,Cotton,7652.7,India_Average,National
2022-12-30,Cotton,8039.13,India_Average,National
2022-12-31,Cotton,8441.57,India_Average,National
2023-01-01,Cotton,8687.24,India_Average,National
2023-01-02,Cotton,8696.2,India_Average,National
2023-01-03,Cotton,8620.97,India_Average,National
2023-01-04,Cotton,8564.71,India_Average,National
2023-01-05,Cotton,8929.79,India_Average,National
2023-01-06,Cotton,8141.21,India_Average,National
2023-01-07,Cotton,9363.61,India_Average,National
2023-01-08,Cotton,8507.21,India_Average,National
2023-01-09,Cotton,9117.64,India_Average,National
2023-01-10,Cotton,8241.2,India_Average,National
2023-01-11,Cotton,9094.29,India_Average,National
2023-01-12,Cotton,9095.66,India_Average,National
2023-01-13,Cotton,8969.05,India_Average,National
2023-01-14,Cotton,8362.45,India_Average,National
2023-01-15,Cotton,8909.8,India_Average,National
2023-01-16,Cotton,8279.46,India_Average,National
2023-01-17,Cotton,8688.78,India_Average,National
2023-01-18,Cotton,9252.94,India_Average,National
2023-01-19,Cotton,9150.55,India_Average,National
2023-01-20,Cotton,8806.68,India_Average,National
2023-01-21,Cotton,8371.09,India_Average,National
2023-01-22,Cotton,9084.06,India_Average,National
2023-01-23,Cotton,8808.53,India_Average,National
2023-01-24,Cotton,7779.06,India_Average,National
2023-01-25,Cotton,9144.36,India_Average,National
2023-01-26,Cotton,8789.34,India_Average,National
2023-01-27,Cotton,9329.08,India_Average,National
2023-01-28,Cotton,8318.08,India_Average,National
2023-01-29,Cotton,7402.25,India_Average,National
2023-01-30,Cotton,8922.8,India_Average,National
2023-01-31,Cotton,8928.29,India_Average,National
2023-02-01,Cotton,8592.24,India_Average,National
2023-02-02,Cotton,8926.45,India_Average,National
2023-02-03,Cotton,10678.61,India_Average,National
2023-02-04,Cotton,9242.22,India_Average,National
2023-02-05,Cotton,9728.67,India_Average,National
2023-02-06,Cotton,9080.3,India_Average,National
2023-02-07,Cotton,8404.7,India_Average,National
2023-02-08,Cotton,9305.74,India_Average,National
2023-02-09,Cotton,9261.0,India_Average,National
2023-02-10,Cotton,9197.98,India_Average,National
2023-02-11,Cotton,9331.84,India_Average,National
2023-02-12,Cotton,9509.66,India_Average,National
2023-02-13,Cotton,9315.19,India_Average,National
2023-02-14,Cotton,8792.47,India_Average,National
2023-02-15,Cotton,9613.8,India_Average,National
2023-02-16,Cotton,8470.84,India_Average,National
2023-02-17,Cotton,8423.44,India_Average,National
2023-02-18,Cotton,9732.52,India_Average,National
2023-02-19,Cotton,9623.58,India_Average,National
2023-02-20,Cotton,9358.71,India_Average,National
2023-02-21,Cotton,8730.78,India_Average,National
2023-02-22,Cotton,9053.43,India_Average,National
2023-02-23,Cotton,9262.34,India_Average,National
2023-02-24,Cotton,8636.72,India_Average,National
2023-02-25,Cotton,9038.83,India_Average,National
2023-02-26,Cotton,9691.77,India_Average,National
2023-02-27,Cotton,10055.45,India_Average,National
2023-02-28,Cotton,9188.81,India_Average,National
2023-03-01,Cotton,9963.11,India_Average,National
2023-03-02,Cotton,8681.25,India_Average,National
2023-03-03,Cotton,9916.54,India_Average,National
2023-03-04,Cotton,9214.1,India_Average,National
2023-03-05,Cotton,9747.53,India_Average,National
2023-03-06,Cotton,9481.08,India_Average,National
2023-03-07,Cotton,10233.8,India_Average,National
2023-03-08,Cotton,9180.27,India_Average,National
2023-03-09,Cotton,9901.25,India_Average,National
2023-03-10,Cotton,9465.84,India_Average,National
2023-03-11,Cotton,9524.01,India_Average,National
2023-03-12,Cotton,9511.75,India_Average,National
2023-03-13,Cotton,9194.08,India_Average,National
2023-03-14,Cotton,9593.23,India_Average,National
2023-03-15,Cotton,9569.93,India_Average,National
2023-03-16,Cotton,9715.8,India_Average,National
2023-03-17,Cotton,9640.56,India_Average,National
2023-03-18,Cotton,9983.04,India_Average,National
2023-03-19,Cotton,10043.28,India_Average,National
2023-03-20,Cotton,9095.7,India_Average,National
2023-03-21,Cotton,10017.01,India_Average,National
2023-03-22,Cotton,9030.56,India_Average,National
2023-03-23,Cotton,9882.17,India_Average,National
2023-03-24,Cotton,9897.47,India_Average,National
2023-03-25,Cotton,8682.57,India_Average,National
2023-03-26,Cotton,9644.63,India_Average,National
2023-03-27,Cotton,9375.12,India_Average,National
2023-03-28,Cotton,9235.79,India_Average,National
2023-03-29,Cotton,10248.41,India_Average,National
2023-03-30,Cotton,9286.23,India_Average,National
2023-03-31,Cotton,9212.94,India_Average,National
2023-04-01,Cotton,9421.16,India_Average,National
2023-04-02,Cotton,9707.38,India_Average,National
2023-04-03,Cotton,9319.17,India_Average,National
2023-04-04,Cotton,9933.0,India_Average,National
2023-04-05,Cotton,9634.82,India_Average,National
2023-04-06,Cotton,8363.45,India_Average,National
2023-04-07,Cotton,9137.17,India_Average,National
2023-04-08,Cotton,9121.98,India_Average,National
2023-04-09,Cotton,9610.6,India_Average,National
2023-04-10,Cotton,8153.86,India_Average,National
2023-04-11,Cotton,10581.85,India_Average,National
2023-04-12,Cotton,9634.84,India_Average,National
2023-04-13,Cotton,9455.51,India_Average,National
2023-04-14,Cotton,9940.13,India_Average,National
2023-04-15,Cotton,10485.48,India_Average,National
2023-04-16,Cotton,9794.27,India_Average,National
2023-04-17,Cotton,9830.9,India_Average,National
2023-04-18,Cotton,9446.97,India_Average,National
2023-04-19,Cotton,9319.23,India_Average,National
2023-04-20,Cotton,9162.36,India_Average,National
2023-04-21,Cotton,8997.96,India_Average,National
2023-04-22,Cotton,9063.24,India_Average,National
2023-04-23,Cotton,8751.85,India_Average,National
2023-04-24,Cotton,9350.04,India_Average,National
2023-04-25,Cotton,8595.06,India_Average,National
2023-04-26,Cotton,9475.23,India_Average,National
2023-04-27,Cotton,9368.59,India_Average,National
2023-04-28,Cotton,9454.59,India_Average,National
2023-04-29,Cotton,9140.61,India_Average,National
2023-04-30,Cotton,10829.56,India_Average,National
2023-05-01,Cotton,9398.45,India_Average,National
2023-05-02,Cotton,8252.4,India_Average,National
2023-05-03,Cotton,8902.46,India_Average,National
2023-05-04,Cotton,8532.48,India_Average,National
2023-05-05,Cotton,8353.63,India_Average,National
2023-05-06,Cotton,8210.37,India_Average,National
2023-05-07,Cotton,8990.18,India_Average,National
2023-05-08,Cotton,8500.19,India_Average,National
2023-05-09,Cotton,9225.84,India_Average,National
2023-05-10,Cotton,9237.26,India_Average,National
2023-05-11,Cotton,9404.52,India_Average,National
2023-05-12,Cotton,8424.95,India_Average,National
2023-05-13,Cotton,9009.16,India_Average,National
2023-05-14,Cotton,9078.28,India_Average,National
2023-05-15,Cotton,8591.36,India_Average,National
2023-05-16,Cotton,8460.42,India_Average,National
2023-05-17,Cotton,9508.19,India_Average,National
2023-05-18,Cotton,8900.1,India_Average,National
2023-05-19,Cotton,9079.83,India_Average,National
2023-05-20,Cotton,8438.29,India_Average,National
2023-05-21,Cotton,8263.51,India_Average,National
2023-05-22,Cotton,8549.44,India_Average,National
2023-05-23,Cotton,8745.43,India_Average,National
2023-05-24,Cotton,8331.74,India_Average,National
2023-05-25,Cotton,8795.67,India_Average,National
2023-05-26,Cotton,8057.06,India_Average,National
2023-05-27,Cotton,8307.18,India_Average,National
2023-05-28,Cotton,9095.2,India_Average,National
2023-05-29,Cotton,9065.67,India_Average,National
2023-05-30,Cotton,8627.57,India_Average,National
2023-05-31,Cotton,8352.18,India_Average,National
2023-06-01,Cotton,7589.04,India_Average,National
2023-06-02,Cotton,7850.69,India_Average,National
2023-06-03,Cotton,8257.81,India_Average,National
2023-06-04,Cotton,8371.3,India_Average,National
2023-06-05,Cotton,7801.39,India_Average,National
2023-06-06,Cotton,7538.6,India_Average,National
2023-06-07,Cotton,8107.14,India_Average,National
2023-06-08,Cotton,7670.59,India_Average,National
2023-06-09,Cotton,7792.7,India_Average,National
2023-06-10,Cotton,8530.11,India_Average,National
2023-06-11,Cotton,8330.85,India_Average,National
2023-06-12,Cotton,8063.19,India_Average,National
2023-06-13,Cotton,7491.23,India_Average,National
2023-06-14,Cotton,8084.56,India_Average,National
2023-06-15,Cotton,8425.06,India_Average,National
2023-06-16,Cotton,7849.75,India_Average,National
2023-06-17,Cotton,8540.45,India_Average,National
2023-06-18,Cotton,8517.1,India_Average,National
2023-06-19,Cotton,8665.49,India_Average,National
2023-06-20,Cotton,8122.1,India_Average,National
2023-06-21,Cotton,8234.96,India_Average,National
2023-06-22,Cotton,8565.67,India_Average,National
2023-06-23,Cotton,8178.96,India_Average,National
2023-06-24,Cotton,7799.51,India_Average,National
2023-06-25,Cotton,7820.58,India_Average,National
2023-06-26,Cotton,8095.42,India_Average,National
2023-06-27,Cotton,7483.78,India_Average,National
2023-06-28,Cotton,7942.7,India_Average,National
2023-06-29,Cotton,8438.62,India_Average,National
2023-06-30,Cotton,7123.5,India_Average,National
2023-07-01,Cotton,7752.41,India_Average,National
2023-07-02,Cotton,7604.05,India_Average,National
2023-07-03,Cotton,7034.48,India_Average,National
2023-07-04,Cotton,7395.62,India_Average,National
2023-07-05,Cotton,7201.13,India_Average,National
2023-07-06,Cotton,7642.8,India_Average,National
2023-07-07,Cotton,7553.77,India_Average,National
2023-07-08,Cotton,6695.97,India_Average,National
2023-07-09,Cotton,7411.41,India_Average,National
2023-07-10,Cotton,7125.97,India_Average,National
2023-07-11,Cotton,7229.82,India_Average,National
2023-07-12,Cotton,6937.86,India_Average,National
2023-07-13,Cotton,7829.33,India_Average,National
2023-07-14,Cotton,7574.42,India_Average,National
2023-07-15,Cotton,6933.68,India_Average,National
2023-07-16,Cotton,6719.54,India_Average,National
2023-07-17,Cotton,7061.16,India_Average,National
2023-07-18,Cotton,7356.42,India_Average,National
2023-07-19,Cotton,7286.47,India_Average,National
2023-07-20,Cotton,7651.13,India_Average,National
2023-07-21,Cotton,7484.37,India_Average,National
2023-07-22,Cotton,7549.04,India_Average,National
2023-07-23,Cotton,7317.67,India_Average,National
2023-07-24,Cotton,6699.85,India_Average,National
2023-07-25,Cotton,7129.55,India_Average,National
2023-07-26,Cotton,7581.63,India_Average,National
2023-07-27,Cotton,7181.45,India_Average,National
2023-07-28,Cotton,7381.11,India_Average,National
2023-07-29,Cotton,7085.25,India_Average,National
2023-07-30,Cotton,6829.27,India_Average,National
2023-07-31,Cotton,7155.6,India_Average,National
2023-08-01,Cotton,6716.57,India_Average,National
2023-08-02,Cotton,6397.51,India_Average,National
2023-08-03,Cotton,6536.41,India_Average,National
2023-08-04,Cotton,6303.66,India_Average,National
2023-08-05,Cotton,6984.51,India_Average,National
2023-08-06,Cotton,6516.98,India_Average,National
2023-08-07,Cotton,7094.81,India_Average,National
2023-08-08,Cotton,7119.94,India_Average,National
2023-08-09,Cotton,6587.56,India_Average,National
2023-08-10,Cotton,6280.85,India_Average,National
2023-08-11,Cotton,5924.52,India_Average,National
2023-08-12,Cotton,6127.53,India_Average,National
2023-08-13,Cotton,6160.01,India_Average,National
2023-08-14,Cotton,7070.24,India_Average,National
2023-08-15,Cotton,6652.66,India_Average,National
2023-08-16,Cotton,6743.21,India_Average,National
2023-08-17,Cotton,5880.03,India_Average,National
2023-08-18,Cotton,6218.17,India_Average,National
2023-08-19,Cotton,6907.73,India_Average,National
2023-08-20,Cotton,6709.2,India_Average,National
2023-08-21,Cotton,6565.68,India_Average,National
2023-08-22,Cotton,6801.16,India_Average,National
2023-08-23,Cotton,7155.35,India_Average,National
2023-08-24,Cotton,6541.26,India_Average,National
2023-08-25,Cotton,6637.3,India_Average,National
2023-08-26,Cotton,6678.05,India_Average,National
2023-08-27,Cotton,7405.47,India_Average,National
2023-08-28,Cotton,5920.06,India_Average,National
2023-08-29,Cotton,6840.31,India_Average,National
2023-08-30,Cotton,6576.39,India_Average,National
2023-08-31,Cotton,6801.8,India_Average,National
2023-09-01,Cotton,6189.64,India_Average,National
2023-09-02,Cotton,6384.33,India_Average,National
2023-09-03,Cotton,6627.65,India_Average,National
2023-09-04,Cotton,7396.13,India_Average,National
2023-09-05,Cotton,6658.57,India_Average,National
2023-09-06,Cotton,6128.62,India_Average,National
2023-09-07,Cotton,6264.4,India_Average,National
2023-09-08,Cotton,6254.91,India_Average,National
2023-09-09,Cotton,5825.39,India_Average,National
2023-09-10,Cotton,6294.37,India_Average,National
2023-09-11,Cotton,6634.51,India_Average,National
2023-09-12,Cotton,5992.25,India_Average,National
2023-09-13,Cotton,6735.51,India_Average,National
2023-09-14,Cotton,6556.09,India_Average,National
2023-09-15,Cotton,6165.05,India_Average,National
2023-09-16,Cotton,6354.71,India_Average,National
2023-09-17,Cotton,6911.46,India_Average,National
2023-09-18,Cotton,6634.74,India_Average,National
2023-09-19,Cotton,6402.81,India_Average,National
2023-09-20,Cotton,6323.94,India_Average,National
2023-09-21,Cotton,6424.51,India_Average,National
2023-09-22,Cotton,6236.24,India_Average,National
2023-09-23,Cotton,5726.48,India_Average,National
2023-09-24,Cotton,7053.5,India_Average,National
2023-09-25,Cotton,6449.7,India_Average,National
2023-09-26,Cotton,6527.41,India_Average,National
2023-09-27,Cotton,6381.47,India_Average,National
2023-09-28,Cotton,6164.76,India_Average,National
2023-09-29,Cotton,6340.5,India_Average,National
2023-09-30,Cotton,5888.19,India_Average,National
2023-10-01,Cotton,7367.43,India_Average,National
2023-10-02,Cotton,6206.08,India_Average,National
2023-10-03,Cotton,6273.07,India_Average,National
2023-10-04,Cotton,6468.76,India_Average,National
2023-10-05,Cotton,7040.35,India_Average,National
2023-10-06,Cotton,6619.16,India_Average,National
2023-10-07,Cotton,6205.55,India_Average,National
2023-10-08,Cotton,7029.19,India_Average,National
2023-10-09,Cotton,6856.11,India_Average,National
2023-10-10,Cotton,6792.43,India_Average,National
2023-10-11,Cotton,6851.07,India_Average,National
2023-10-12,Cotton,7406.22,India_Average,National
2023-10-13,Cotton,7337.01,India_Average,National
2023-10-14,Cotton,6387.25,India_Average,National
2023-10-15,Cotton,7151.41,India_Average,National
2023-10-16,Cotton,6741.08,India_Average,National
2023-10-17,Cotton,6779.42,India_Average,National
2023-10-18,Cotton,6054.69,India_Average,National
2023-10-19,Cotton,6558.01,India_Average,National
2023-10-20,Cotton,6345.54,India_Average,National
2023-10-21,Cotton,6888.21,India_Average,National
2023-10-22,Cotton,6968.58,India_Average,National
2023-10-23,Cotton,5928.29,India_Average,National
2023-10-24,Cotton,6607.07,India_Average,National
2023-10-25,Cotton,6985.38,India_Average,National
2023-10-26,Cotton,6552.62,India_Average,National
2023-10-27,Cotton,6855.47,India_Average,National
2023-10-28,Cotton,6730.5,India_Average,National
2023-10-29,Cotton,6727.35,India_Average,National
2023-10-30,Cotton,6524.63,India_Average,National
2023-10-31,Cotton,6212.01,India_Average,National
2023-11-01,Cotton,6796.25,India_Average,National
2023-11-02,Cotton,7455.37,India_Average,National
2023-11-03,Cotton,7207.0,India_Average,National
2023-11-04,Cotton,7150.14,India_Average,National
2023-11-05,Cotton,7047.4,India_Average,National
2023-11-06,Cotton,7090.13,India_Average,National
2023-11-07,Cotton,7576.89,India_Average,National
2023-11-08,Cotton,7079.31,India_Average,National
2023-11-09,Cotton,6717.22,India_Average,National
2023-11-10,Cotton,7467.71,India_Average,National
2023-11-11,Cotton,7126.24,India_Average,National
2023-11-12,Cotton,7211.3,India_Average,National
2023-11-13,Cotton,7778.73,India_Average,National
2023-11-14,Cotton,7192.6,India_Average,National
2023-11-15,Cotton,7304.11,India_Average,National
2023-11-16,Cotton,6775.59,India_Average,National
2023-11-17,Cotton,7120.92,India_Average,National
2023-11-18,Cotton,7419.43,India_Average,National
2023-11-19,Cotton,6640.07,India_Average,National
2023-11-20,Cotton,7272.3,India_Average,National
2023-11-21,Cotton,7236.28,India_Average,National
2023-11-22,Cotton,7214.86,India_Average,National
2023-11-23,Cotton,7573.38,India_Average,National
2023-11-24,Cotton,7320.4,India_Average,National
2023-11-25,Cotton,7732.11,India_Average,National
2023-11-26,Cotton,6842.31,India_Average,National
2023-11-27,Cotton,7248.93,India_Average,National
2023-11-28,Cotton,7230.41,India_Average,National
2023-11-29,Cotton,6815.07,India_Average,National
2023-11-30,Cotton,7544.27,India_Average,National
2023-12-01,Cotton,8929.87,India_Average,National
2023-12-02,Cotton,7993.2,India_Average,National
2023-12-03,Cotton,8202.01,India_Average,National
2023-12-04,Cotton,8033.81,India_Average,National
2023-12-05,Cotton,7714.57,India_Average,National
2023-12-06,Cotton,7271.7,India_Average,National
2023-12-07,Cotton,7717.69,India_Average,National
2023-12-08,Cotton,7443.22,India_Average,National
2023-12-09,Cotton,8681.64,India_Average,National
2023-12-10,Cotton,7953.96,India_Average,National
2023-12-11,Cotton,7861.63,India_Average,National
2023-12-12,Cotton,8355.66,India_Average,National
2023-12-13,Cotton,7551.3,India_Average,National
2023-12-14,Cotton,7693.25,India_Average,National
2023-12-15,Cotton,8027.23,India_Average,National
2023-12-16,Cotton,8411.51,India_Average,National
2023-12-17,Cotton,8200.67,India_Average,National
2023-12-18,Cotton,8099.33,India_Average,National
2023-12-19,Cotton,8031.25,India_Average,National
2023-12-20,Cotton,8160.09,India_Average,National
2023-12-21,Cotton,8080.66,India_Average,National
2023-12-22,Cotton,7588.01,India_Average,National
2023-12-23,Cotton,8018.43,India_Average,National
2023-12-24,Cotton,7570.52,India_Average,National
2023-12-25,Cotton,8032.43,India_Average,National
2023-12-26,Cotton,7807.74,India_Average,National
2023-12-27,Cotton,9015.75,India_Average,National
2023-12-28,Cotton,7984.04,India_Average,National
2023-12-29,Cotton,7438.3,India_Average,National
2023-12-30,Cotton,7946.33,India_Average,National
2023-12-31,Cotton,8207.74,India_Average,National
2024-01-01,Cotton,9536.28,India_Average,National
2022-01-01,Grapes,6405.48,India_Average,National
2022-01-02,Grapes,6077.8,India_Average,National
2022-01-03,Grapes,6869.56,India_Average,National
2022-01-04,Grapes,6144.4,India_Average,National
2022-01-05,Grapes,6456.07,India_Average,National
2022-01-06,Grapes,6514.99,India_Average,National
2022-01-07,Grapes,6577.02,India_Average,National
2022-01-08,Grapes,6827.42,India_Average,National
2022-01-09,Grapes,6374.4,India_Average,National
2022-01-10,Grapes,6509.67,India_Average,National
2022-01-11,Grapes,6595.29,India_Average,National
2022-01-12,Grapes,6649.37,India_Average,National
2022-01-13,Grapes,6632.28,India_Average,National
2022-01-14,Grapes,6743.88,India_Average,National
2022-01-15,Grapes,6878.47,India_Average,National
2022-01-16,Grapes,6729.57,India_Average,National
2022-01-17,Grapes,6749.68,India_Average,National
2022-01-18,Grapes,6077.87,India_Average,National
2022-01-19,Grapes,6616.58,India_Average,National
2022-01-20,Grapes,6758.24,India_Average,National
2022-01-21,Grapes,6840.55,India_Average,National
2022-01-22,Grapes,6371.52,India_Average,National
2022-01-23,Grapes,6382.52,India_Average,National
2022-01-24,Grapes,6410.55,India_Average,National
2022-01-25,Grapes,6777.02,India_Average,National
2022-01-26,Grapes,6941.18,India_Average,National
2022-01-27,Grapes,6465.54,India_Average,National
2022-01-28,Grapes,6899.63,India_Average,National
2022-01-29,Grapes,6640.75,India_Average,National
2022-01-30,Grapes,6558.99,India_Average,National
2022-01-31,Grapes,6530.24,India_Average,National
2022-02-01,Grapes,7302.01,India_Average,National
2022-02-02,Grapes,7153.82,India_Average,National
2022-02-03,Grapes,7840.23,India_Average,National
2022-02-04,Grapes,6739.28,India_Average,National
2022-02-05,Grapes,7221.58,India_Average,National
2022-02-06,Grapes,6852.97,India_Average,National
2022-02-07,Grapes,6733.27,India_Average,National
2022-02-08,Grapes,7035.41,India_Average,National
2022-02-09,Grapes,7087.57,India_Average,National
2022-02-10,Grapes,8066.32,India_Average,National
2022-02-11,Grapes,6974.42,India_Average,National
2022-02-12,Grapes,6641.45,India_Average,National
2022-02-13,Grapes,7135.32,India_Average,National
2022-02-14,Grapes,6309.04,India_Average,National
2022-02-15,Grapes,7006.87,India_Average,National
2022-02-16,Grapes,7044.87,India_Average,National
2022-02-17,Grapes,7318.9,India_Average,National
2022-02-18,Grapes,7381.91,India_Average,National
2022-02-19,Grapes,6861.99,India_Average,National
2022-02-20,Grapes,6986.22,India_Average,National
2022-02-21,Grapes,6769.59,India_Average,National
2022-02-22,Grapes,6642.2,India_Average,National
2022-02-23,Grapes,7148.3,India_Average,National
2022-02-24,Grapes,6590.98,India_Average,National
2022-02-25,Grapes,6893.3,India_Average,National
2022-02-26,Grapes,6688.97,India_Average,National
2022-02-27,Grapes,7232.7,India_Average,National
2022-02-28,Grapes,7673.26,India_Average,National
2022-03-01,Grapes,6731.43,India_Average,National
2022-03-02,Grapes,6532.91,India_Average,National
2022-03-03,Grapes,7155.04,India_Average,National
2022-03-04,Grapes,7205.65,India_Average,National
2022-03-05,Grapes,7278.72,India_Average,National
2022-03-06,Grapes,7039.32,India_Average,National
2022-03-07,Grapes,7127.77,India_Average,National
2022-03-08,Grapes,7332.3,India_Average,National
2022-03-09,Grapes,7574.56,India_Average,National
2022-03-10,Grapes,6496.18,India_Average,National
2022-03-11,Grapes,7067.18,India_Average,National
2022-03-12,Grapes,7276.97,India_Average,National
2022-03-13,Grapes,6869.53,India_Average,National
2022-03-14,Grapes,7823.22,India_Average,National
2022-03-15,Grapes,6971.25,India_Average,National
2022-03-16,Grapes,7185.13,India_Average,National
2022-03-17,Grapes,7400.17,India_Average,National
2022-03-18,Grapes,6987.14,India_Average,National
2022-03-19,Grapes,6535.23,India_Average,National
2022-03-20,Grapes,7045.68,India_Average,National
2022-03-21,Grapes,7570.6,India_Average,National
2022-03-22,Grapes,7078.72,India_Average,National
2022-03-23,Grapes,6895.28,India_Average,National
2022-03-24,Grapes,7533.24,India_Average,National
2022-03-25,Grapes,7080.92,India_Average,National
2022-03-26,Grapes,7016.34,India_Average,National
2022-03-27,Grapes,7253.8,India_Average,National
2022-03-28,Grapes,7477.47,India_Average,National
2022-03-29,Grapes,8057.42,India_Average,National
2022-03-30,Grapes,7497.8,India_Average,National
2022-03-31,Grapes,7617.54,India_Average,National
2022-04-01,Grapes,6861.15,India_Average,National
2022-04-02,Grapes,6678.16,India_Average,National
2022-04-03,Grapes,7061.17,India_Average,National
2022-04-04,Grapes,7076.95,India_Average,National
2022-04-05,Grapes,6659.64,India_Average,National
2022-04-06,Grapes,6977.53,India_Average,National
2022-04-07,Grapes,7179.77,India_Average,National
2022-04-08,Grapes,7166.08,India_Average,National
2022-04-09,Grapes,7216.72,India_Average,National
2022-04-10,Grapes,7141.64,India_Average,National
2022-04-11,Grapes,6860.78,India_Average,National
2022-04-12,Grapes,6858.36,India_Average,National
2022-04-13,Grapes,6617.25,India_Average,National
2022-04-14,Grapes,7667.4,India_Average,National
2022-04-15,Grapes,7043.96,India_Average,National
2022-04-16,Grapes,6960.09,India_Average,National
2022-04-17,Grapes,6712.33,India_Average,National
2022-04-18,Grapes,8072.47,India_Average,National
2022-04-19,Grapes,6661.46,India_Average,National
2022-04-20,Grapes,6888.29,India_Average,National
2022-04-21,Grapes,7185.59,India_Average,National
2022-04-22,Grapes,7250.48,India_Average,National
2022-04-23,Grapes,7376.39,India_Average,National
2022-04-24,Grapes,7675.44,India_Average,National
2022-04-25,Grapes,7217.38,India_Average,National
2022-04-26,Grapes,6667.55,India_Average,National
2022-04-27,Grapes,6948.8,India_Average,National
2022-04-28,Grapes,7147.58,India_Average,National
2022-04-29,Grapes,7767.17,India_Average,National
2022-04-30,Grapes,6547.26,India_Average,National
2022-05-01,Grapes,6996.85,India_Average,National
2022-05-02,Grapes,6659.37,India_Average,National
2022-05-03,Grapes,6876.48,India_Average,National
2022-05-04,Grapes,6566.34,India_Average,National
2022-05-05,Grapes,6322.0,India_Average,National
2022-05-06,Grapes,6847.79,India_Average,National
2022-05-07,Grapes,6815.96,India_Average,National
2022-05-08,Grapes,6920.78,India_Average,National
2022-05-09,Grapes,6595.61,India_Average,National
2022-05-10,Grapes,6402.06,India_Average,National
2022-05-11,Grapes,6085.6,India_Average,National
2022-05-12,Grapes,6870.39,India_Average,National
2022-05-13,Grapes,6739.88,India_Average,National
2022-05-14,Grapes,6281.29,India_Average,National
2022-05-15,Grapes,6422.27,India_Average,National
2022-05-16,Grapes,6445.97,India_Average,National
2022-05-17,Grapes,6110.62,India_Average,National
2022-05-18,Grapes,6330.16,India_Average,National
2022-05-19,Grapes,6225.84,India_Average,National
2022-05-20,Grapes,6463.88,India_Average,National
2022-05-21,Grapes,6356.23,India_Average,National
2022-05-22,Grapes,6063.09,India_Average,National
2022-05-23,Grapes,7267.45,India_Average,National
2022-05-24,Grapes,7013.34,India_Average,National
2022-05-25,Grapes,6342.92,India_Average,National
2022-05-26,Grapes,6689.9,India_Average,National
2022-05-27,Grapes,6737.76,India_Average,National
2022-05-28,Grapes,6993.06,India_Average,National
2022-05-29,Grapes,6329.86,India_Average,National
2022-05-30,Grapes,6960.4,India_Average,National
2022-05-31,Grapes,6419.19,India_Average,National
2022-06-01,Grapes,5599.24,India_Average,National
2022-06-02,Grapes,6217.24,India_Average,National
2022-06-03,Grapes,6387.23,India_Average,National
2022-06-04,Grapes,6776.37,India_Average,National
2022-06-05,Grapes,5640.08,India_Average,National
2022-06-06,Grapes,6209.68,India_Average,National
2022-06-07,Grapes,5877.06,India_Average,National
2022-06-08,Grapes,6235.01,India_Average,National
2022-06-09,Grapes,5558.85,India_Average,National
2022-06-10,Grapes,5621.17,India_Average,National
2022-06-11,Grapes,5767.24,India_Average,National
2022-06-12,Grapes,6023.69,India_Average,National
2022-06-13,Grapes,5807.68,India_Average,National
2022-06-14,Grapes,6197.72,India_Average,National
2022-06-15,Grapes,6308.07,India_Average,National
2022-06-16,Grapes,6179.87,India_Average,National
2022-06-17,Grapes,6485.64,India_Average,National
2022-06-18,Grapes,6124.75,India_Average,National
2022-06-19,Grapes,5634.93,India_Average,National
2022-06-20,Grapes,6409.01,India_Average,National
2022-06-21,Grapes,5818.45,India_Average,National
2022-06-22,Grapes,6273.13,India_Average,National
2022-06-23,Grapes,6472.12,India_Average,National
2022-06-24,Grapes,6137.01,India_Average,National
2022-06-25,Grapes,5551.15,India_Average,National
2022-06-26,Grapes,5724.54,India_Average,National
2022-06-27,Grapes,6396.82,India_Average,National
2022-06-28,Grapes,5949.26,India_Average,National
2022-06-29,Grapes,6023.87,India_Average,National
2022-06-30,Grapes,6227.65,India_Average,National
2022-07-01,Grapes,5588.01,India_Average,National
2022-07-02,Grapes,5475.28,India_Average,National
2022-07-03,Grapes,5343.66,India_Average,National
2022-07-04,Grapes,5315.58,India_Average,National
2022-07-05,Grapes,5631.63,India_Average,National
2022-07-06,Grapes,5549.46,India_Average,National
2022-07-07,Grapes,5330.53,India_Average,National
2022-07-08,Grapes,5692.17,India_Average,National
2022-07-09,Grapes,5365.16,India_Average,National
2022-07-10,Grapes,5170.05,India_Average,National
2022-07-11,Grapes,5195.08,India_Average,National
2022-07-12,Grapes,5135.74,India_Average,National
2022-07-13,Grapes,5326.45,India_Average,National
2022-07-14,Grapes,5733.11,India_Average,National
2022-07-15,Grapes,5182.62,India_Average,National
2022-07-16,Grapes,5450.89,India_Average,National
2022-07-17,Grapes,5222.69,India_Average,National
2022-07-18,Grapes,5329.72,India_Average,National
2022-07-19,Grapes,4992.29,India_Average,National
2022-07-20,Grapes,5340.45,India_Average,National
2022-07-21,Grapes,5347.7,India_Average,National
2022-07-22,Grapes,5545.88,India_Average,National
2022-07-23,Grapes,5460.29,India_Average,National
2022-07-24,Grapes,5076.43,India_Average,National
2022-07-25,Grapes,5692.73,India_Average,National
2022-07-26,Grapes,5456.78,India_Average,National
2022-07-27,Grapes,5453.57,India_Average,National
2022-07-28,Grapes,5397.52,India_Average,National
2022-07-29,Grapes,5260.21,India_Average,National
2022-07-30,Grapes,5458.81,India_Average,National
2022-07-31,Grapes,5528.41,India_Average,National
2022-08-01,Grapes,4527.47,India_Average,National
2022-08-02,Grapes,4827.14,India_Average,National
2022-08-03,Grapes,4897.53,India_Average,National
2022-08-04,Grapes,5024.31,India_Average,National
2022-08-05,Grapes,5256.76,India_Average,National
2022-08-06,Grapes,4769.35,India_Average,National
2022-08-07,Grapes,4837.26,India_Average,National
2022-08-08,Grapes,4833.64,India_Average,National
2022-08-09,Grapes,4761.96,India_Average,National
2022-08-10,Grapes,4874.65,India_Average,National
2022-08-11,Grapes,5151.96,India_Average,National
2022-08-12,Grapes,4699.38,India_Average,National
2022-08-13,Grapes,5066.88,India_Average,National
2022-08-14,Grapes,4538.63,India_Average,National
2022-08-15,Grapes,4821.54,India_Average,National
2022-08-16,Grapes,4879.04,India_Average,National
2022-08-17,Grapes,5376.2,India_Average,National
2022-08-18,Grapes,4892.61,India_Average,National
2022-08-19,Grapes,4414.78,India_Average,National
2022-08-20,Grapes,4464.97,India_Average,National
2022-08-21,Grapes,4969.21,India_Average,National
2022-08-22,Grapes,5113.01,India_Average,National
2022-08-23,Grapes,5053.9,India_Average,National
2022-08-24,Grapes,5002.33,India_Average,National
2022-08-25,Grapes,5249.05,India_Average,National
2022-08-26,Grapes,4826.93,India_Average,National
2022-08-27,Grapes,5182.74,India_Average,National
2022-08-28,Grapes,4555.97,India_Average,National
2022-08-29,Grapes,4736.31,India_Average,National
2022-08-30,Grapes,4512.55,India_Average,National
2022-08-31,Grapes,4892.6,India_Average,National
2022-09-01,Grapes,4788.9,India_Average,National
2022-09-02,Grapes,4827.38,India_Average,National
2022-09-03,Grapes,4814.85,India_Average,National
2022-09-04,Grapes,4577.39,India_Average,National
2022-09-05,Grapes,4754.34,India_Average,National
2022-09-06,Grapes,4440.61,India_Average,National
2022-09-07,Grapes,5127.17,India_Average,National
2022-09-08,Grapes,4727.13,India_Average,National
2022-09-09,Grapes,4682.67,India_Average,National
2022-09-10,Grapes,5181.35,India_Average,National
2022-09-11,Grapes,4501.86,India_Average,National
2022-09-12,Grapes,4529.86,India_Average,National
2022-09-13,Grapes,4536.91,India_Average,National
2022-09-14,Grapes,4783.71,India_Average,National
2022-09-15,Grapes,4903.59,India_Average,National
2022-09-16,Grapes,4977.52,India_Average,National
2022-09-17,Grapes,5417.28,India_Average,National
2022-09-18,Grapes,4260.14,India_Average,National
2022-09-19,Grapes,4946.1,India_Average,National
2022-09-20,Grapes,4666.29,India_Average,National
2022-09-21,Grapes,4659.26,India_Average,National
2022-09-22,Grapes,4651.25,India_Average,National
2022-09-23,Grapes,4581.9,India_Average,National
2022-09-24,Grapes,5204.29,India_Average,National
2022-09-25,Grapes,5002.15,India_Average,National
2022-09-26,Grapes,4805.57,India_Average,National
2022-09-27,Grapes,5124.24,India_Average,National
2022-09-28,Grapes,4436.99,India_Average,National
2022-09-29,Grapes,4480.63,India_Average,National
2022-09-30,Grapes,4277.29,India_Average,National
2022-10-01,Grapes,4787.29,India_Average,National
2022-10-02,Grapes,5000.88,India_Average,National
2022-10-03,Grapes,4986.28,India_Average,National
2022-10-04,Grapes,4997.81,India_Average,National
2022-10-05,Grapes,4610.77,India_Average,National
2022-10-06,Grapes,5159.98,India_Average,National
2022-10-07,Grapes,5020.21,India_Average,National
2022-10-08,Grapes,5142.6,India_Average,National
2022-10-09,Grapes,4491.29,India_Average,National
2022-10-10,Grapes,5038.03,India_Average,National
2022-10-11,Grapes,4666.16,India_Average,National
2022-10-12,Grapes,4862.22,India_Average,National
2022-10-13,Grapes,5093.31,India_Average,National
2022-10-14,Grapes,4983.36,India_Average,National
2022-10-15,Grapes,4749.55,India_Average,National
2022-10-16,Grapes,4962.33,India_Average,National
2022-10-17,Grapes,4580.89,India_Average,National
2022-10-18,Grapes,5246.08,India_Average,National
2022-10-19,Grapes,4909.85,India_Average,National
2022-10-20,Grapes,5238.21,India_Average,National
2022-10-21,Grapes,4830.17,India_Average,National
2022-10-22,Grapes,4830.9,India_Average,National
2022-10-23,Grapes,4771.22,India_Average,National
2022-10-24,Grapes,5178.09,India_Average,National
2022-10-25,Grapes,4784.8,India_Average,National
2022-10-26,Grapes,5120.65,India_Average,National
2022-10-27,Grapes,4865.91,India_Average,National
2022-10-28,Grapes,4470.65,India_Average,National
2022-10-29,Grapes,4819.31,India_Average,National
2022-10-30,Grapes,4668.31,India_Average,National
2022-10-31,Grapes,4969.18,India_Average,National
2022-11-01,Grapes,5078.59,India_Average,National
2022-11-02,Grapes,5650.01,India_Average,National
2022-11-03,Grapes,5375.41,India_Average,National
2022-11-04,Grapes,5352.05,India_Average,National
2022-11-05,Grapes,5577.09,India_Average,National
2022-11-06,Grapes,5660.25,India_Average,National
2022-11-07,Grapes,5394.57,India_Average,National
2022-11-08,Grapes,5191.78,India_Average,National
2022-11-09,Grapes,4921.03,India_Average,National
2022-11-10,Grapes,5214.77,India_Average,National
2022-11-11,Grapes,5233.35,India_Average,National
2022-11-12,Grapes,5428.91,India_Average,National
2022-11-13,Grapes,5306.81,India_Average,National
2022-11-14,Grapes,5585.74,India_Average,National
2022-11-15,Grapes,5234.49,India_Average,National
2022-11-16,Grapes,5384.6,India_Average,National
2022-11-17,Grapes,5719.68,India_Average,National
2022-11-18,Grapes,5492.29,India_Average,National
2022-11-19,Grapes,5383.79,India_Average,National
2022-11-20,Grapes,5237.48,India_Average,National
2022-11-21,Grapes,5229.03,India_Average,National
2022-11-22,Grapes,5170.33,India_Average,National
2022-11-23,Grapes,5253.93,India_Average,National
2022-11-24,Grapes,5604.03,India_Average,National
2022-11-25,Grapes,5340.09,India_Average,National
2022-11-26,Grapes,5035.56,India_Average,National
2022-11-27,Grapes,5877.41,India_Average,National
2022-11-28,Grapes,5486.39,India_Average,National
2022-11-29,Grapes,5020.13,India_Average,National
2022-11-30,Grapes,5280.7,India_Average,National
2022-12-01,Grapes,6033.27,India_Average,National
2022-12-02,Grapes,6511.38,India_Average,National
2022-12-03,Grapes,5667.57,India_Average,National
2022-12-04,Grapes,6292.81,India_Average,National
2022-12-05,Grapes,6419.85,India_Average,National
2022-12-06,Grapes,5811.4,India_Average,National
2022-12-07,Grapes,5916.75,India_Average,National
2022-12-08,Grapes,5689.11,India_Average,National
2022-12-09,Grapes,5938.96,India_Average,National
2022-12-10,Grapes,5989.02,India_Average,National
2022-12-11,Grapes,6197.89,India_Average,National
2022-12-12,Grapes,6327.06,India_Average,National
2022-12-13,Grapes,5775.57,India_Average,National
2022-12-14,Grapes,5409.8,India_Average,National
2022-12-15,Grapes,5993.63,India_Average,National
2022-12-16,Grapes,6088.06,India_Average,National
2022-12-17,Grapes,6074.83,India_Average,National
2022-12-18,Grapes,5902.0,India_Average,National
2022-12-19,Grapes,6037.43,India_Average,National
2022-12-20,Grapes,6454.63,India_Average,National
2022-12-21,Grapes,6114.52,India_Average,National
2022-12-22,Grapes,5887.99,India_Average,National
2022-12-23,Grapes,5849.94,India_Average,National
2022-12-24,Grapes,5949.04,India_Average,National
2022-12-25,Grapes,6491.02,India_Average,National
2022-12-26,Grapes,5945.01,India_Average,National
2022-12-27,Grapes,5994.06,India_Average,National
2022-12-28,Grapes,5855.31,India_Average,National
2022-12-29,Grapes,6329.7,India_Average,National
2022-12-30,Grapes,6587.95,India_Average,National
2022-12-31,Grapes,6135.18,India_Average,National
2023-01-01,Grapes,6627.32,India_Average,National
2023-01-02,Grapes,6612.14,India_Average,National
2023-01-03,Grapes,5813.18,India_Average,National
2023-01-04,Grapes,6845.9,India_Average,National
2023-01-05,Grapes,6644.27,India_Average,National
2023-01-06,Grapes,6741.35,India_Average,National
2023-01-07,Grapes,6365.22,India_Average,National
2023-01-08,Grapes,6473.13,India_Average,National
2023-01-09,Grapes,6464.36,India_Average,National
2023-01-10,Grapes,6937.14,India_Average,National
2023-01-11,Grapes,6475.01,India_Average,National
2023-01-12,Grapes,7287.28,India_Average,National
2023-01-13,Grapes,6742.18,India_Average,National
2023-01-14,Grapes,6179.02,India_Average,National
2023-01-15,Grapes,6557.58,India_Average,National
2023-01-16,Grapes,6384.95,India_Average,National
2023-01-17,Grapes,5875.85,India_Average,National
2023-01-18,Grapes,7127.83,India_Average,National
2023-01-19,Grapes,6832.04,India_Average,National
2023-01-20,Grapes,6775.96,India_Average,National
2023-01-21,Grapes,6654.58,India_Average,National
2023-01-22,Grapes,6143.93,India_Average,National
2023-01-23,Grapes,6440.41,India_Average,National
2023-01-24,Grapes,6877.79,India_Average,National
2023-01-25,Grapes,6253.1,India_Average,National
2023-01-26,Grapes,5764.52,India_Average,National
2023-01-27,Grapes,6525.06,India_Average,National
2023-01-28,Grapes,6553.22,India_Average,National
2023-01-29,Grapes,6644.74,India_Average,National
2023-01-30,Grapes,6840.41,India_Average,National
2023-01-31,Grapes,6810.41,India_Average,National
2023-02-01,Grapes,7130.31,India_Average,National
2023-02-02,Grapes,7460.01,India_Average,National
2023-02-03,Grapes,6504.61,India_Average,National
2023-02-04,Grapes,7216.82,India_Average,National
2023-02-05,Grapes,7259.75,India_Average,National
2023-02-06,Grapes,6602.95,India_Average,National
2023-02-07,Grapes,6510.28,India_Average,National
2023-02-08,Grapes,6776.69,India_Average,National
2023-02-09,Grapes,6806.39,India_Average,National
2023-02-10,Grapes,7304.41,India_Average,National
2023-02-11,Grapes,6822.94,India_Average,National
2023-02-12,Grapes,6737.83,India_Average,National
2023-02-13,Grapes,6823.96,India_Average,National
2023-02-14,Grapes,7432.95,India_Average,National
2023-02-15,Grapes,7043.82,India_Average,National
2023-02-16,Grapes,6976.14,India_Average,National
2023-02-17,Grapes,7000.51,India_Average,National
2023-02-18,Grapes,7493.99,India_Average,National
2023-02-19,Grapes,6775.55,India_Average,National
2023-02-20,Grapes,7502.24,India_Average,National
2023-02-21,Grapes,7113.32,India_Average,National
2023-02-22,Grapes,6982.77,India_Average,National
2023-02-23,Grapes,7919.45,India_Average,National
2023-02-24,Grapes,6667.69,India_Average,National
2023-02-25,Grapes,6914.75,India_Average,National
2023-02-26,Grapes,6605.46,India_Average,National
2023-02-27,Grapes,7374.46,India_Average,National
2023-02-28,Grapes,7633.76,India_Average,National
2023-03-01,Grapes,7801.17,India_Average,National
2023-03-02,Grapes,7640.62,India_Average,National
2023-03-03,Grapes,7128.86,India_Average,National
2023-03-04,Grapes,7068.51,India_Average,National
2023-03-05,Grapes,6598.38,India_Average,National
2023-03-06,Grapes,7932.91,India_Average,National
2023-03-07,Grapes,7368.83,India_Average,National
2023-03-08,Grapes,7022.9,India_Average,National
2023-03-09,Grapes,7678.1,India_Average,National
2023-03-10,Grapes,6849.8,India_Average,National
2023-03-11,Grapes,7346.38,India_Average,National
2023-03-12,Grapes,7137.85,India_Average,National
2023-03-13,Grapes,7429.92,India_Average,National
2023-03-14,Grapes,7177.11,India_Average,National
2023-03-15,Grapes,6677.67,India_Average,National
2023-03-16,Grapes,7227.21,India_Average,National
2023-03-17,Grapes,7577.59,India_Average,National
2023-03-18,Grapes,7189.48,India_Average,National
2023-03-19,Grapes,7479.04,India_Average,National
2023-03-20,Grapes,6823.61,India_Average,National
2023-03-21,Grapes,7190.55,India_Average,National
2023-03-22,Grapes,6975.18,India_Average,National
2023-03-23,Grapes,7468.91,India_Average,National
2023-03-24,Grapes,7211.34,India_Average,National
2023-03-25,Grapes,7448.43,India_Average,National
2023-03-26,Grapes,7591.58,India_Average,National
2023-03-27,Grapes,7448.98,India_Average,National
2023-03-28,Grapes,7298.32,India_Average,National
2023-03-29,Grapes,6840.64,India_Average,National
2023-03-30,Grapes,7199.0,India_Average,National
2023-03-31,Grapes,7008.09,India_Average,National
2023-04-01,Grapes,6918.13,India_Average,National
2023-04-02,Grapes,6907.41,India_Average,National
2023-04-03,Grapes,6694.33,India_Average,National
2023-04-04,Grapes,6350.32,India_Average,National
2023-04-05,Grapes,6804.07,India_Average,National
2023-04-06,Grapes,7107.29,India_Average,National
2023-04-07,Grapes,6564.72,India_Average,National
2023-04-08,Grapes,7044.75,India_Average,National
2023-04-09,Grapes,7708.05,India_Average,National
2023-04-10,Grapes,7399.31,India_Average,National
2023-04-11,Grapes,7617.69,India_Average,National
2023-04-12,Grapes,7176.89,India_Average,National
2023-04-13,Grapes,7450.15,India_Average,National
2023-04-14,Grapes,6784.42,India_Average,National
2023-04-15,Grapes,6812.45,India_Average,National
2023-04-16,Grapes,6075.16,India_Average,National
2023-04-17,Grapes,7456.71,India_Average,National
2023-04-18,Grapes,7581.37,India_Average,National
2023-04-19,Grapes,6844.53,India_Average,National
2023-04-20,Grapes,6949.85,India_Average,National
2023-04-21,Grapes,6773.9,India_Average,National
2023-04-22,Grapes,7173.91,India_Average,National
2023-04-23,Grapes,7435.16,India_Average,National
2023-04-24,Grapes,6425.84,India_Average,National
2023-04-25,Grapes,7183.34,India_Average,National
2023-04-26,Grapes,6941.85,India_Average,National
2023-04-27,Grapes,7079.14,India_Average,National
2023-04-28,Grapes,7200.78,India_Average,National
2023-04-29,Grapes,6972.99,India_Average,National
2023-04-30,Grapes,7002.77,India_Average,National
2023-05-01,Grapes,6529.42,India_Average,National
2023-05-02,Grapes,6920.2,India_Average,National
2023-05-03,Grapes,6738.19,India_Average,National
2023-05-04,Grapes,6672.79,India_Average,National
2023-05-05,Grapes,6180.59,India_Average,National
2023-05-06,Grapes,6475.07,India_Average,National
2023-05-07,Grapes,6896.56,India_Average,National
2023-05-08,Grapes,6612.44,India_Average,National
2023-05-09,Grapes,6817.65,India_Average,National
2023-05-10,Grapes,7182.95,India_Average,National
2023-05-11,Grapes,6942.74,India_Average,National
2023-05-12,Grapes,6630.74,India_Average,National
2023-05-13,Grapes,6431.37,India_Average,National
2023-05-14,Grapes,5757.33,India_Average,National
2023-05-15,Grapes,6544.43,India_Average,National
2023-05-16,Grapes,6492.42,India_Average,National
2023-05-17,Grapes,6728.82,India_Average,National
2023-05-18,Grapes,6549.21,India_Average,National
2023-05-19,Grapes,6494.27,India_Average,National
2023-05-20,Grapes,6012.8,India_Average,National
2023-05-21,Grapes,6289.81,India_Average,National
2023-05-22,Grapes,6757.29,India_Average,National
2023-05-23,Grapes,7166.25,India_Average,National
2023-05-24,Grapes,6567.82,India_Average,National
2023-05-25,Grapes,6708.18,India_Average,National
2023-05-26,Grapes,6914.32,India_Average,National
2023-05-27,Grapes,6332.41,India_Average,National
2023-05-28,Grapes,6721.05,India_Average,National
2023-05-29,Grapes,6355.64,India_Average,National
2023-05-30,Grapes,6885.39,India_Average,National
2023-05-31,Grapes,6649.96,India_Average,National
2023-06-01,Grapes,6089.54,India_Average,National
2023-06-02,Grapes,5765.22,India_Average,National
2023-06-03,Grapes,6212.11,India_Average,National
2023-06-04,Grapes,6625.41,India_Average,National
2023-06-05,Grapes,5697.63,India_Average,National
2023-06-06,Grapes,5898.07,India_Average,National
2023-06-07,Grapes,6069.48,India_Average,National
2023-06-08,Grapes,6235.92,India_Average,National
2023-06-09,Grapes,5832.14,India_Average,National
2023-06-10,Grapes,5150.09,India_Average,National
2023-06-11,Grapes,6407.76,India_Average,National
2023-06-12,Grapes,6228.15,India_Average,National
2023-06-13,Grapes,5477.12,India_Average,National
2023-06-14,Grapes,5817.73,India_Average,National
2023-06-15,Grapes,6470.45,India_Average,National
2023-06-16,Grapes,6434.34,India_Average,National
2023-06-17,Grapes,6281.59,India_Average,National
2023-06-18,Grapes,5947.17,India_Average,National
2023-06-19,Grapes,6024.9,India_Average,National
2023-06-20,Grapes,5960.72,India_Average,National
2023-06-21,Grapes,6338.47,India_Average,National
2023-06-22,Grapes,5737.25,India_Average,National
2023-06-23,Grapes,5758.26,India_Average,National
2023-06-24,Grapes,6303.08,India_Average,National
2023-06-25,Grapes,5986.69,India_Average,National
2023-06-26,Grapes,6413.54,India_Average,National
2023-06-27,Grapes,5798.55,India_Average,National
2023-06-28,Grapes,5983.57,India_Average,National
2023-06-29,Grapes,5723.28,India_Average,National
2023-06-30,Grapes,6002.21,India_Average,National
2023-07-01,Grapes,5000.79,India_Average,National
2023-07-02,Grapes,5268.34,India_Average,National
2023-07-03,Grapes,5012.21,India_Average,National
2023-07-04,Grapes,5587.36,India_Average,National
2023-07-05,Grapes,5593.48,India_Average,National
2023-07-06,Grapes,4932.83,India_Average,National
2023-07-07,Grapes,5760.15,India_Average,National
2023-07-08,Grapes,6074.3,India_Average,National
2023-07-09,Grapes,5412.42,India_Average,National
2023-07-10,Grapes,5226.9,India_Average,National
2023-07-11,Grapes,6162.57,India_Average,National
2023-07-12,Grapes,5043.88,India_Average,National
2023-07-13,Grapes,5405.43,India_Average,National
2023-07-14,Grapes,5448.5,India_Average,National
2023-07-15,Grapes,5763.19,India_Average,National
2023-07-16,Grapes,5497.13,India_Average,National
2023-07-17,Grapes,5265.37,India_Average,National
2023-07-18,Grapes,5143.18,India_Average,National
2023-07-19,Grapes,5307.71,India_Average,National
2023-07-20,Grapes,5128.13,India_Average,National
2023-07-21,Grapes,5412.91,India_Average,National
2023-07-22,Grapes,5247.67,India_Average,National
2023-07-23,Grapes,4996.61,India_Average,National
2023-07-24,Grapes,5738.89,India_Average,National
2023-07-25,Grapes,5265.63,India_Average,National
2023-07-26,Grapes,5057.6,India_Average,National
2023-07-27,Grapes,5354.57,India_Average,National
2023-07-28,Grapes,5418.46,India_Average,National
2023-07-29,Grapes,4928.45,India_Average,National
2023-07-30,Grapes,5489.54,India_Average,National
2023-07-31,Grapes,5117.27,India_Average,National
2023-08-01,Grapes,5385.17,India_Average,National
2023-08-02,Grapes,5090.73,India_Average,National
2023-08-03,Grapes,4861.58,India_Average,National
2023-08-04,Grapes,4775.94,India_Average,National
2023-08-05,Grapes,4934.73,India_Average,National
2023-08-06,Grapes,5112.77,India_Average,National
2023-08-07,Grapes,4954.45,India_Average,National
2023-08-08,Grapes,4906.91,India_Average,National
2023-08-09,Grapes,4975.25,India_Average,National
2023-08-10,Grapes,4810.99,India_Average,National
2023-08-11,Grapes,4875.64,India_Average,National
2023-08-12,Grapes,4443.41,India_Average,National
2023-08-13,Grapes,5202.29,India_Average,National
2023-08-14,Grapes,5034.88,India_Average,National
2023-08-15,Grapes,4768.92,India_Average,National
2023-08-16,Grapes,5431.73,India_Average,National
2023-08-17,Grapes,4982.35,India_Average,National
2023-08-18,Grapes,4703.77,India_Average,National
2023-08-19,Grapes,5173.27,India_Average,National
2023-08-20,Grapes,5059.5,India_Average,National
2023-08-21,Grapes,5058.64,India_Average,National
2023-08-22,Grapes,4855.17,India_Average,National
2023-08-23,Grapes,5072.51,India_Average,National
2023-08-24,Grapes,4895.84,India_Average,National
2023-08-25,Grapes,5098.66,India_Average,National
2023-08-26,Grapes,4488.27,India_Average,National
2023-08-27,Grapes,4853.15,India_Average,National
2023-08-28,Grapes,5387.93,India_Average,National
2023-08-29,Grapes,4770.51,India_Average,National
2023-08-30,Grapes,4810.99,India_Average,National
2023-08-31,Grapes,4849.66,India_Average,National
2023-09-01,Grapes,4508.45,India_Average,National
2023-09-02,Grapes,4270.01,India_Average,National
2023-09-03,Grapes,4744.66,India_Average,National
2023-09-04,Grapes,4832.61,India_Average,National
2023-09-05,Grapes,4787.4,India_Average,National
2023-09-06,Grapes,4765.23,India_Average,National
2023-09-07,Grapes,4810.33,India_Average,National
2023-09-08,Grapes,5045.48,India_Average,National
2023-09-09,Grapes,4754.29,India_Average,National
2023-09-10,Grapes,4662.22,India_Average,National
2023-09-11,Grapes,4732.53,India_Average,National
2023-09-12,Grapes,4939.04,India_Average,National
2023-09-13,Grapes,5138.89,India_Average,National
2023-09-14,Grapes,4649.25,India_Average,National
2023-09-15,Grapes,4823.74,India_Average,National
2023-09-16,Grapes,4881.21,India_Average,National
2023-09-17,Grapes,4561.78,India_Average,National
2023-09-18,Grapes,4804.9,India_Average,National
2023-09-19,Grapes,4448.24,India_Average,National
2023-09-20,Grapes,4375.43,India_Average,National
2023-09-21,Grapes,4888.02,India_Average,National
2023-09-22,Grapes,4707.87,India_Average,National
2023-09-23,Grapes,4848.55,India_Average,National
2023-09-24,Grapes,4795.71,India_Average,National
2023-09-25,Grapes,4565.66,India_Average,National
2023-09-26,Grapes,4789.14,India_Average,National
2023-09-27,Grapes,4504.06,India_Average,National
2023-09-28,Grapes,5133.83,India_Average,National
2023-09-29,Grapes,4474.57,India_Average,National
2023-09-30,Grapes,4753.01,India_Average,National
2023-10-01,Grapes,4702.25,India_Average,National
2023-10-02,Grapes,5102.26,India_Average,National
2023-10-03,Grapes,4878.56,India_Average,National
2023-10-04,Grapes,4832.12,India_Average,National
2023-10-05,Grapes,5172.4,India_Average,National
2023-10-06,Grapes,4968.07,India_Average,National
2023-10-07,Grapes,5088.92,India_Average,National
2023-10-08,Grapes,4717.36,India_Average,National
2023-10-09,Grapes,4612.32,India_Average,National
2023-10-10,Grapes,4987.36,India_Average,National
2023-10-11,Grapes,4881.68,India_Average,National
2023-10-12,Grapes,5116.15,India_Average,National
2023-10-13,Grapes,4940.95,India_Average,National
2023-10-14,Grapes,5011.64,India_Average,National
2023-10-15,Grapes,4558.11,India_Average,National
2023-10-16,Grapes,5429.17,India_Average,National
2023-10-17,Grapes,4920.03,India_Average,National
2023-10-18,Grapes,5133.8,India_Average,National
2023-10-19,Grapes,4753.39,India_Average,National
2023-10-20,Grapes,5037.17,India_Average,National
2023-10-21,Grapes,4637.61,India_Average,National
2023-10-22,Grapes,5072.9,India_Average,National
2023-10-23,Grapes,4872.47,India_Average,National
2023-10-24,Grapes,4968.01,India_Average,National
2023-10-25,Grapes,5133.89,India_Average,National
2023-10-26,Grapes,4655.05,India_Average,National
2023-10-27,Grapes,4790.99,India_Average,National
2023-10-28,Grapes,5074.2,India_Average,National
2023-10-29,Grapes,5481.21,India_Average,National
2023-10-30,Grapes,4926.52,India_Average,National
2023-10-31,Grapes,5107.39,India_Average,National
2023-11-01,Grapes,5371.12,India_Average,National
2023-11-02,Grapes,5924.41,India_Average,National
2023-11-03,Grapes,4928.25,India_Average,National
2023-11-04,Grapes,5425.55,India_Average,National
2023-11-05,Grapes,4961.1,India_Average,National
2023-11-06,Grapes,4723.23,India_Average,National
2023-11-07,Grapes,5480.31,India_Average,National
2023-11-08,Grapes,5437.66,India_Average,National
2023-11-09,Grapes,5323.09,India_Average,National
2023-11-10,Grapes,5371.33,India_Average,National
2023-11-11,Grapes,6236.54,India_Average,National
2023-11-12,Grapes,5330.29,India_Average,National
2023-11-13,Grapes,5537.73,India_Average,National
2023-11-14,Grapes,5224.67,India_Average,National
2023-11-15,Grapes,5479.71,India_Average,National
2023-11-16,Grapes,5335.68,India_Average,National
2023-11-17,Grapes,5289.16,India_Average,National
2023-11-18,Grapes,5891.1,India_Average,National
2023-11-19,Grapes,5717.84,India_Average,National
2023-11-20,Grapes,5436.92,India_Average,National
2023-11-21,Grapes,4777.86,India_Average,National
2023-11-22,Grapes,5302.53,India_Average,National
2023-11-23,Grapes,6129.82,India_Average,National
2023-11-24,Grapes,5337.72,India_Average,National
2023-11-25,Grapes,5697.87,India_Average,National
2023-11-26,Grapes,5789.32,India_Average,National
2023-11-27,Grapes,5459.12,India_Average,National
2023-11-28,Grapes,5172.71,India_Average,National
2023-11-29,Grapes,4742.47,India_Average,National
2023-11-30,Grapes,5584.72,India_Average,National
2023-12-01,Grapes,5755.57,India_Average,National
2023-12-02,Grapes,6052.85,India_Average,National
2023-12-03,Grapes,5625.05,India_Average,National
2023-12-04,Grapes,5920.43,India_Average,National
2023-12-05,Grapes,6010.12,India_Average,National
2023-12-06,Grapes,6080.58,India_Average,National
2023-12-07,Grapes,5665.55,India_Average,National
2023-12-08,Grapes,6359.07,India_Average,National
2023-12-09,Grapes,5820.93,India_Average,National
2023-12-10,Grapes,5497.66,India_Average,National
2023-12-11,Grapes,5967.29,India_Average,National
2023-12-12,Grapes,6010.31,India_Average,National
2023-12-13,Grapes,6048.18,India_Average,National
2023-12-14,Grapes,6408.64,India_Average,National
2023-12-15,Grapes,5929.07,India_Average,National
2023-12-16,Grapes,5964.11,India_Average,National
2023-12-17,Grapes,5669.04,India_Average,National
2023-12-18,Grapes,6246.17,India_Average,National
2023-12-19,Grapes,6055.29,India_Average,National
2023-12-20,Grapes,5873.99,India_Average,National
2023-12-21,Grapes,5428.6,India_Average,National
2023-12-22,Grapes,6433.32,India_Average,National
2023-12-23,Grapes,5631.7,India_Average,National
2023-12-24,Grapes,5822.62,India_Average,National
2023-12-25,Grapes,6107.5,India_Average,National
2023-12-26,Grapes,5641.03,India_Average,National
2023-12-27,Grapes,5551.95,India_Average,National
2023-12-28,Grapes,5362.82,India_Average,National
2023-12-29,Grapes,6216.3,India_Average,National
2023-12-30,Grapes,5836.44,India_Average,National
2023-12-31,Grapes,6878.18,India_Average,National
2024-01-01,Grapes,6271.86,India_Average,National
2022-01-01,Jute,3672.62,India_Average,National
2022-01-02,Jute,3741.16,India_Average,National
2022-01-03,Jute,3896.8,India_Average,National
2022-01-04,Jute,3759.49,India_Average,National
2022-01-05,Jute,3967.87,India_Average,National
2022-01-06,Jute,3661.62,India_Average,National
2022-01-07,Jute,3584.04,India_Average,National
2022-01-08,Jute,3503.84,India_Average,National
2022-01-09,Jute,3421.96,India_Average,National
2022-01-10,Jute,3750.27,India_Average,National
2022-01-11,Jute,3792.06,India_Average,National
2022-01-12,Jute,3728.45,India_Average,National
2022-01-13,Jute,4089.36,India_Average,National
2022-01-14,Jute,4086.4,India_Average,National
2022-01-15,Jute,3785.55,India_Average,National
2022-01-16,Jute,3504.67,India_Average,National
2022-01-17,Jute,3740.91,India_Average,National
2022-01-18,Jute,3734.53,India_Average,National
2022-01-19,Jute,3723.5,India_Average,National
2022-01-20,Jute,3715.69,India_Average,National
2022-01-21,Jute,3724.21,India_Average,National
2022-01-22,Jute,3775.59,India_Average,National
2022-01-23,Jute,3727.66,India_Average,National
2022-01-24,Jute,3890.1,India_Average,National
2022-01-25,Jute,3919.37,India_Average,National
2022-01-26,Jute,3674.7,India_Average,National
2022-01-27,Jute,4094.68,India_Average,National
2022-01-28,Jute,3661.34,India_Average,National
2022-01-29,Jute,3538.57,India_Average,National
2022-01-30,Jute,3923.3,India_Average,National
2022-01-31,Jute,3692.65,India_Average,National
2022-02-01,Jute,4172.18,India_Average,National
2022-02-02,Jute,3612.72,India_Average,National
2022-02-03,Jute,4392.1,India_Average,National
2022-02-04,Jute,4244.25,India_Average,National
2022-02-05,Jute,3798.15,India_Average,National
2022-02-06,Jute,3802.61,India_Average,National
2022-02-07,Jute,4449.55,India_Average,National
2022-02-08,Jute,3954.83,India_Average,National
2022-02-09,Jute,3934.95,India_Average,National
2022-02-10,Jute,3640.97,India_Average,National
2022-02-11,Jute,4034.2,India_Average,National
2022-02-12,Jute,4059.46,India_Average,National
2022-02-13,Jute,4253.12,India_Average,National
2022-02-14,Jute,3818.97,India_Average,National
2022-02-15,Jute,3794.09,India_Average,National
2022-02-16,Jute,4198.81,India_Average,National
2022-02-17,Jute,4312.91,India_Average,National
2022-02-18,Jute,3783.64,India_Average,National
2022-02-19,Jute,4328.26,India_Average,National
2022-02-20,Jute,4113.93,India_Average,National
2022-02-21,Jute,4330.38,India_Average,National
2022-02-22,Jute,4091.8,India_Average,National
2022-02-23,Jute,3588.37,India_Average,National
2022-02-24,Jute,4075.02,India_Average,National
2022-02-25,Jute,4323.88,India_Average,National
2022-02-26,Jute,3922.72,India_Average,National
2022-02-27,Jute,4026.56,India_Average,National
2022-02-28,Jute,4070.06,India_Average,National
2022-03-01,Jute,3591.1,India_Average,National
2022-03-02,Jute,4550.98,India_Average,National
2022-03-03,Jute,4010.71,India_Average,National
2022-03-04,Jute,4306.2,India_Average,National
2022-03-05,Jute,4181.79,India_Average,National
2022-03-06,Jute,4464.1,India_Average,National
2022-03-07,Jute,4285.27,India_Average,National
2022-03-08,Jute,4150.67,India_Average,National
2022-03-09,Jute,4012.36,India_Average,National
2022-03-10,Jute,4367.55,India_Average,National
2022-03-11,Jute,3806.58,India_Average,National
2022-03-12,Jute,4335.64,India_Average,National
2022-03-13,Jute,3969.2,India_Average,National
2022-03-14,Jute,4462.98,India_Average,National
2022-03-15,Jute,4233.87,India_Average,National
2022-03-16,Jute,4335.27,India_Average,National
2022-03-17,Jute,4217.22,India_Average,National
2022-03-18,Jute,3832.0,India_Average,National
2022-03-19,Jute,4019.25,India_Average,National
2022-03-20,Jute,4341.2,India_Average,National
2022-03-21,Jute,4235.0,India_Average,National
2022-03-22,Jute,4448.01,India_Average,National
2022-03-23,Jute,4284.69,India_Average,National
2022-03-24,Jute,3996.99,India_Average,National
2022-03-25,Jute,4032.83,India_Average,National
2022-03-26,Jute,4221.61,India_Average,National
2022-03-27,Jute,3714.05,India_Average,National
2022-03-28,Jute,4551.42,India_Average,National
2022-03-29,Jute,4292.77,India_Average,National
2022-03-30,Jute,4457.68,India_Average,National
2022-03-31,Jute,3868.07,India_Average,National
2022-04-01,Jute,4361.74,India_Average,National
2022-04-02,Jute,4564.37,India_Average,National
2022-04-03,Jute,3835.03,India_Average,National
2022-04-04,Jute,4264.59,India_Average,National
2022-04-05,Jute,4106.45,India_Average,National
2022-04-06,Jute,3789.13,India_Average,National
2022-04-07,Jute,4207.41,India_Average,National
2022-04-08,Jute,4277.37,India_Average,National
2022-04-09,Jute,3982.8,India_Average,National
2022-04-10,Jute,4345.59,India_Average,National
2022-04-11,Jute,3764.01,India_Average,National
2022-04-12,Jute,3799.33,India_Average,National
2022-04-13,Jute,4134.26,India_Average,National
2022-04-14,Jute,4111.43,India_Average,National
2022-04-15,Jute,3959.1,India_Average,National
2022-04-16,Jute,4272.44,India_Average,National
2022-04-17,Jute,4215.22,India_Average,National
2022-04-18,Jute,4282.4,India_Average,National
2022-04-19,Jute,4080.94,India_Average,National
2022-04-20,Jute,4229.93,India_Average,National
2022-04-21,Jute,4014.72,India_Average,National
2022-04-22,Jute,4527.89,India_Average,National
2022-04-23,Jute,3939.39,India_Average,National
2022-04-24,Jute,4538.46,India_Average,National
2022-04-25,Jute,4113.38,India_Average,National
2022-04-26,Jute,3823.81,India_Average,National
2022-04-27,Jute,4387.1,India_Average,National
2022-04-28,Jute,4132.07,India_Average,National
2022-04-29,Jute,4280.96,India_Average,National
2022-04-30,Jute,4357.49,India_Average,National
2022-05-01,Jute,3915.06,India_Average,National
2022-05-02,Jute,3735.99,India_Average,National
2022-05-03,Jute,4037.82,India_Average,National
2022-05-04,Jute,3850.15,India_Average,National
2022-05-05,Jute,3982.03,India_Average,National
2022-05-06,Jute,3435.41,India_Average,National
2022-05-07,Jute,3936.04,India_Average,National
2022-05-08,Jute,3727.07,India_Average,National
2022-05-09,Jute,4168.26,India_Average,National
2022-05-10,Jute,3969.94,India_Average,National
2022-05-11,Jute,3896.17,India_Average,National
2022-05-12,Jute,3943.61,India_Average,National
2022-05-13,Jute,3657.8,India_Average,National
2022-05-14,Jute,4162.48,India_Average,National
2022-05-15,Jute,4233.34,India_Average,National
2022-05-16,Jute,3925.64,India_Average,National
2022-05-17,Jute,4156.15,India_Average,National
2022-05-18,Jute,3740.44,India_Average,National
2022-05-19,Jute,3696.56,India_Average,National
2022-05-20,Jute,3857.88,India_Average,National
2022-05-21,Jute,3933.73,India_Average,National
2022-05-22,Jute,3774.16,India_Average,National
2022-05-23,Jute,3953.52,India_Average,National
2022-05-24,Jute,3908.98,India_Average,National
2022-05-25,Jute,3657.83,India_Average,National
2022-05-26,Jute,3949.87,India_Average,National
2022-05-27,Jute,4016.23,India_Average,National
2022-05-28,Jute,3883.01,India_Average,National
2022-05-29,Jute,4071.88,India_Average,National
2022-05-30,Jute,3615.65,India_Average,National
2022-05-31,Jute,3940.08,India_Average,National
2022-06-01,Jute,3295.2,India_Average,National
2022-06-02,Jute,3305.04,India_Average,National
2022-06-03,Jute,3389.59,India_Average,National
2022-06-04,Jute,3335.14,India_Average,National
2022-06-05,Jute,3404.1,India_Average,National
2022-06-06,Jute,3462.52,India_Average,National
2022-06-07,Jute,3646.5,India_Average,National
2022-06-08,Jute,3443.8,India_Average,National
2022-06-09,Jute,3222.52,India_Average,National
2022-06-10,Jute,3699.51,India_Average,National
2022-06-11,Jute,3353.51,India_Average,National
2022-06-12,Jute,3489.72,India_Average,National
2022-06-13,Jute,3578.14,India_Average,National
2022-06-14,Jute,3534.93,India_Average,National
2022-06-15,Jute,3691.48,India_Average,National
2022-06-16,Jute,3583.83,India_Average,National
2022-06-17,Jute,3349.27,India_Average,National
2022-06-18,Jute,3881.25,India_Average,National
2022-06-19,Jute,3534.01,India_Average,National
2022-06-20,Jute,3474.22,India_Average,National
2022-06-21,Jute,3668.69,India_Average,National
2022-06-22,Jute,3543.65,India_Average,National
2022-06-23,Jute,3569.86,India_Average,National
2022-06-24,Jute,3936.13,India_Average,National
2022-06-25,Jute,3451.85,India_Average,National
2022-06-26,Jute,3444.39,India_Average,National
2022-06-27,Jute,3520.4,India_Average,National
2022-06-28,Jute,3687.52,India_Average,National
2022-06-29,Jute,3236.36,India_Average,National
2022-06-30,Jute,3156.03,India_Average,National
2022-07-01,Jute,3057.53,India_Average,National
2022-07-02,Jute,2892.66,India_Average,National
2022-07-03,Jute,3083.09,India_Average,National
2022-07-04,Jute,3229.14,India_Average,National
2022-07-05,Jute,3009.71,India_Average,National
2022-07-06,Jute,2925.27,India_Average,National
2022-07-07,Jute,3160.92,India_Average,National
2022-07-08,Jute,3285.85,India_Average,National
2022-07-09,Jute,2883.04,India_Average,National
2022-07-10,Jute,3279.19,India_Average,National
2022-07-11,Jute,3278.73,India_Average,National
2022-07-12,Jute,3300.27,India_Average,National
2022-07-13,Jute,3341.91,India_Average,National
2022-07-14,Jute,3496.82,India_Average,National
2022-07-15,Jute,3093.92,India_Average,National
2022-07-16,Jute,3167.26,India_Average,National
2022-07-17,Jute,3084.41,India_Average,National
2022-07-18,Jute,3150.31,India_Average,National
2022-07-19,Jute,3391.43,India_Average,National
2022-07-20,Jute,2938.16,India_Average,National
2022-07-21,Jute,3014.38,India_Average,National
2022-07-22,Jute,3366.91,India_Average,National
2022-07-23,Jute,3310.66,India_Average,National
2022-07-24,Jute,3092.81,India_Average,National
2022-07-25,Jute,3284.57,India_Average,National
2022-07-26,Jute,3203.74,India_Average,National
2022-07-27,Jute,3386.29,India_Average,National
2022-07-28,Jute,3161.74,India_Average,National
2022-07-29,Jute,3311.54,India_Average,National
2022-07-30,Jute,3566.12,India_Average,National
2022-07-31,Jute,3244.2,India_Average,National
2022-08-01,Jute,2900.92,India_Average,National
2022-08-02,Jute,2998.31,India_Average,National
2022-08-03,Jute,2840.93,India_Average,National
2022-08-04,Jute,3239.3,India_Average,National
2022-08-05,Jute,2919.84,India_Average,National
2022-08-06,Jute,2854.29,India_Average,National
2022-08-07,Jute,2772.87,India_Average,National
2022-08-08,Jute,3052.54,India_Average,National
2022-08-09,Jute,3019.25,India_Average,National
2022-08-10,Jute,2821.82,India_Average,National
2022-08-11,Jute,2977.19,India_Average,National
2022-08-12,Jute,2675.51,India_Average,National
2022-08-13,Jute,2920.55,India_Average,National
2022-08-14,Jute,2959.29,India_Average,National
2022-08-15,Jute,3140.81,India_Average,National
2022-08-16,Jute,2782.25,India_Average,National
2022-08-17,Jute,2708.82,India_Average,National
2022-08-18,Jute,2764.22,India_Average,National
2022-08-19,Jute,2700.4,India_Average,National
2022-08-20,Jute,3087.18,India_Average,National
2022-08-21,Jute,3117.85,India_Average,National
2022-08-22,Jute,2940.11,India_Average,National
2022-08-23,Jute,3070.49,India_Average,National
2022-08-24,Jute,2913.16,India_Average,National
2022-08-25,Jute,2880.02,India_Average,National
2022-08-26,Jute,2845.6,India_Average,National
2022-08-27,Jute,2848.87,India_Average,National
2022-08-28,Jute,2669.83,India_Average,National
2022-08-29,Jute,2932.02,India_Average,National
2022-08-30,Jute,2887.95,India_Average,National
2022-08-31,Jute,3001.63,India_Average,National
2022-09-01,Jute,2813.09,India_Average,National
2022-09-02,Jute,2777.22,India_Average,National
2022-09-03,Jute,2678.03,India_Average,National
2022-09-04,Jute,2810.1,India_Average,National
2022-09-05,Jute,2903.35,India_Average,National
2022-09-06,Jute,2639.93,India_Average,National
2022-09-07,Jute,2812.25,India_Average,National
2022-09-08,Jute,2832.63,India_Average,National
2022-09-09,Jute,2699.47,India_Average,National
2022-09-10,Jute,2717.7,India_Average,National
2022-09-11,Jute,2832.29,India_Average,National
2022-09-12,Jute,2641.32,India_Average,National
2022-09-13,Jute,2848.99,India_Average,National
2022-09-14,Jute,2674.65,India_Average,National
2022-09-15,Jute,2948.8,India_Average,National
2022-09-16,Jute,3127.3,India_Average,National
2022-09-17,Jute,2679.49,India_Average,National
2022-09-18,Jute,2874.79,India_Average,National
2022-09-19,Jute,2698.26,India_Average,National
2022-09-20,Jute,2945.73,India_Average,National
2022-09-21,Jute,2622.86,India_Average,National
2022-09-22,Jute,2867.28,India_Average,National
2022-09-23,Jute,2677.78,India_Average,National
2022-09-24,Jute,2771.02,India_Average,National
2022-09-25,Jute,2655.66,India_Average,National
2022-09-26,Jute,2915.13,India_Average,National
2022-09-27,Jute,2682.82,India_Average,National
2022-09-28,Jute,2877.27,India_Average,National
2022-09-29,Jute,2751.83,India_Average,National
2022-09-30,Jute,2783.97,India_Average,National
2022-10-01,Jute,2915.16,India_Average,National
2022-10-02,Jute,2783.55,India_Average,National
2022-10-03,Jute,2924.22,India_Average,National
2022-10-04,Jute,3115.2,India_Average,National
2022-10-05,Jute,2781.2,India_Average,National
2022-10-06,Jute,3063.33,India_Average,National
2022-10-07,Jute,3110.54,India_Average,National
2022-10-08,Jute,2775.69,India_Average,National
2022-10-09,Jute,2683.25,India_Average,National
2022-10-10,Jute,2937.47,India_Average,National
2022-10-11,Jute,2814.58,India_Average,National
2022-10-12,Jute,3164.15,India_Average,National
2022-10-13,Jute,2898.82,India_Average,National
2022-10-14,Jute,2777.71,India_Average,National
2022-10-15,Jute,2727.8,India_Average,National
2022-10-16,Jute,3051.48,India_Average,National
2022-10-17,Jute,2811.14,India_Average,National
2022-10-18,Jute,2900.12,India_Average,National
2022-10-19,Jute,3032.08,India_Average,National
2022-10-20,Jute,2823.72,India_Average,National
2022-10-21,Jute,2887.14,India_Average,National
2022-10-22,Jute,2891.38,India_Average,National
2022-10-23,Jute,2992.65,India_Average,National
2022-10-24,Jute,2979.26,India_Average,National
2022-10-25,Jute,2861.93,India_Average,National
2022-10-26,Jute,2902.99,India_Average,National
2022-10-27,Jute,2839.99,India_Average,National
2022-10-28,Jute,2679.99,India_Average,National
2022-10-29,Jute,2931.05,India_Average,National
2022-10-30,Jute,3167.56,India_Average,National
2022-10-31,Jute,2765.92,India_Average,National
2022-11-01,Jute,3028.25,India_Average,National
2022-11-02,Jute,3012.86,India_Average,National
2022-11-03,Jute,3264.12,India_Average,National
2022-11-04,Jute,3220.64,India_Average,National
2022-11-05,Jute,3125.03,India_Average,National
2022-11-06,Jute,3005.41,India_Average,National
2022-11-07,Jute,3164.55,India_Average,National
2022-11-08,Jute,2903.57,India_Average,National
2022-11-09,Jute,3172.59,India_Average,National
2022-11-10,Jute,3287.27,India_Average,National
2022-11-11,Jute,2952.94,India_Average,National
2022-11-12,Jute,2908.63,India_Average,National
2022-11-13,Jute,3398.76,India_Average,National
2022-11-14,Jute,3053.65,India_Average,National
2022-11-15,Jute,3328.91,India_Average,National
2022-11-16,Jute,3125.75,India_Average,National
2022-11-17,Jute,3124.49,India_Average,National
2022-11-18,Jute,3219.05,India_Average,National
2022-11-19,Jute,3010.77,India_Average,National
2022-11-20,Jute,3170.87,India_Average,National
2022-11-21,Jute,3089.92,India_Average,National
2022-11-22,Jute,2942.02,India_Average,National
2022-11-23,Jute,3203.15,India_Average,National
2022-11-24,Jute,3108.53,India_Average,National
2022-11-25,Jute,3125.27,India_Average,National
2022-11-26,Jute,2959.4,India_Average,National
2022-11-27,Jute,3400.65,India_Average,National
2022-11-28,Jute,3288.08,India_Average,National
2022-11-29,Jute,3301.85,India_Average,National
2022-11-30,Jute,3101.89,India_Average,National
2022-12-01,Jute,3197.39,India_Average,National
2022-12-02,Jute,3841.76,India_Average,National
2022-12-03,Jute,3489.31,India_Average,National
2022-12-04,Jute,3368.96,India_Average,National
2022-12-05,Jute,3572.94,India_Average,National
2022-12-06,Jute,3704.25,India_Average,National
2022-12-07,Jute,3495.97,India_Average,National
2022-12-08,Jute,3723.75,India_Average,National
2022-12-09,Jute,3689.52,India_Average,National
2022-12-10,Jute,3311.63,India_Average,National
2022-12-11,Jute,3382.09,India_Average,National
2022-12-12,Jute,3667.57,India_Average,National
2022-12-13,Jute,3025.29,India_Average,National
2022-12-14,Jute,3473.85,India_Average,National
2022-12-15,Jute,3249.6,India_Average,National
2022-12-16,Jute,3416.6,India_Average,National
2022-12-17,Jute,3447.71,India_Average,National
2022-12-18,Jute,3437.31,India_Average,National
2022-12-19,Jute,3403.35,India_Average,National
2022-12-20,Jute,3308.0,India_Average,National
2022-12-21,Jute,3901.08,India_Average,National
2022-12-22,Jute,3826.81,India_Average,National
2022-12-23,Jute,3296.64,India_Average,National
2022-12-24,Jute,3776.87,India_Average,National
2022-12-25,Jute,3430.09,India_Average,National
2022-12-26,Jute,3522.61,India_Average,National
2022-12-27,Jute,3488.93,India_Average,National
2022-12-28,Jute,3384.54,India_Average,National
2022-12-29,Jute,3672.17,India_Average,National
2022-12-30,Jute,3522.03,India_Average,National
2022-12-31,Jute,3416.6,India_Average,National
2023-01-01,Jute,3598.87,India_Average,National
2023-01-02,Jute,3677.98,India_Average,National
2023-01-03,Jute,3534.03,India_Average,National
2023-01-04,Jute,3852.35,India_Average,National
2023-01-05,Jute,3619.64,India_Average,National
2023-01-06,Jute,3798.88,India_Average,National
2023-01-07,Jute,4113.74,India_Average,National
2023-01-08,Jute,4080.87,India_Average,National
2023-01-09,Jute,3843.79,India_Average,National
2023-01-10,Jute,3833.24,India_Average,National
2023-01-11,Jute,4211.88,India_Average,National
2023-01-12,Jute,3950.25,India_Average,National
2023-01-13,Jute,3786.9,India_Average,National
2023-01-14,Jute,3575.49,India_Average,National
2023-01-15,Jute,3925.82,India_Average,National
2023-01-16,Jute,4009.64,India_Average,National
2023-01-17,Jute,3728.41,India_Average,National
2023-01-18,Jute,3906.06,India_Average,National
2023-01-19,Jute,3780.01,India_Average,National
2023-01-20,Jute,3814.57,India_Average,National
2023-01-21,Jute,3371.09,India_Average,National
2023-01-22,Jute,3807.31,India_Average,National
2023-01-23,Jute,4036.6,India_Average,National
2023-01-24,Jute,3728.46,India_Average,National
2023-01-25,Jute,3860.11,India_Average,National
2023-01-26,Jute,3704.48,India_Average,National
2023-01-27,Jute,3919.39,India_Average,National
2023-01-28,Jute,3808.32,India_Average,National
2023-01-29,Jute,3669.2,India_Average,National
2023-01-30,Jute,4106.52,India_Average,National
2023-01-31,Jute,4028.82,India_Average,National
2023-02-01,Jute,3982.02,India_Average,National
2023-02-02,Jute,4208.42,India_Average,National
2023-02-03,Jute,4216.55,India_Average,National
2023-02-04,Jute,4238.09,India_Average,National
2023-02-05,Jute,3758.37,India_Average,National
2023-02-06,Jute,4312.89,India_Average,National
2023-02-07,Jute,3989.25,India_Average,National
2023-02-08,Jute,4032.75,India_Average,National
2023-02-09,Jute,4647.8,India_Average,National
2023-02-10,Jute,4168.2,India_Average,National
2023-02-11,Jute,4026.9,India_Average,National
2023-02-12,Jute,3653.45,India_Average,National
2023-02-13,Jute,4391.55,India_Average,National
2023-02-14,Jute,3830.03,India_Average,National
2023-02-15,Jute,3900.2,India_Average,National
2023-02-16,Jute,4038.19,India_Average,National
2023-02-17,Jute,4397.02,India_Average,National
2023-02-18,Jute,4264.97,India_Average,National
2023-02-19,Jute,4073.81,India_Average,National
2023-02-20,Jute,4169.51,India_Average,National
2023-02-21,Jute,3982.95,India_Average,National
2023-02-22,Jute,4134.89,India_Average,National
2023-02-23,Jute,4121.27,India_Average,National
2023-02-24,Jute,4305.12,India_Average,National
2023-02-25,Jute,4304.79,India_Average,National
2023-02-26,Jute,4207.64,India_Average,National
2023-02-27,Jute,4031.82,India_Average,National
2023-02-28,Jute,4258.52,India_Average,National
2023-03-01,Jute,4180.69,India_Average,National
2023-03-02,Jute,3972.8,India_Average,National
2023-03-03,Jute,4115.31,India_Average,National
2023-03-04,Jute,4217.75,India_Average,National
2023-03-05,Jute,4391.15,India_Average,National
2023-03-06,Jute,4161.46,India_Average,National
2023-03-07,Jute,3946.07,India_Average,National
2023-03-08,Jute,4211.92,India_Average,National
2023-03-09,Jute,4223.83,India_Average,National
2023-03-10,Jute,4239.03,India_Average,National
2023-03-11,Jute,4393.17,India_Average,National
2023-03-12,Jute,4413.97,India_Average,National
2023-03-13,Jute,4075.22,India_Average,National
2023-03-14,Jute,4070.61,India_Average,National
2023-03-15,Jute,3981.56,India_Average,National
2023-03-16,Jute,4346.75,India_Average,National
2023-03-17,Jute,4504.25,India_Average,National
2023-03-18,Jute,4133.83,India_Average,National
2023-03-19,Jute,4149.3,India_Average,National
2023-03-20,Jute,4508.02,India_Average,National
2023-03-21,Jute,4306.17,India_Average,National
2023-03-22,Jute,4291.61,India_Average,National
2023-03-23,Jute,3949.91,India_Average,National
2023-03-24,Jute,4342.53,India_Average,National
2023-03-25,Jute,4004.88,India_Average,National
2023-03-26,Jute,3961.86,India_Average,National
2023-03-27,Jute,4127.18,India_Average,National
2023-03-28,Jute,4076.98,India_Average,National
2023-03-29,Jute,4153.46,India_Average,National
2023-03-30,Jute,3897.39,India_Average,National
2023-03-31,Jute,4401.35,India_Average,National
2023-04-01,Jute,4337.74,India_Average,National
2023-04-02,Jute,3706.41,India_Average,National
2023-04-03,Jute,4307.11,India_Average,National
2023-04-04,Jute,3939.81,India_Average,National
2023-04-05,Jute,4282.16,India_Average,National
2023-04-06,Jute,4092.16,India_Average,National
2023-04-07,Jute,4112.13,India_Average,National
2023-04-08,Jute,4068.22,India_Average,National
2023-04-09,Jute,4355.08,India_Average,National
2023-04-10,Jute,3851.72,India_Average,National
2023-04-11,Jute,4231.01,India_Average,National
2023-04-12,Jute,4332.33,India_Average,National
2023-04-13,Jute,4253.29,India_Average,National
2023-04-14,Jute,4583.5,India_Average,National
2023-04-15,Jute,3997.62,India_Average,National
2023-04-16,Jute,4302.76,India_Average,National
2023-04-17,Jute,4084.44,India_Average,National
2023-04-18,Jute,4359.45,India_Average,National
2023-04-19,Jute,4104.64,India_Average,National
2023-04-20,Jute,4026.58,India_Average,National
2023-04-21,Jute,4374.37,India_Average,National
2023-04-22,Jute,4005.29,India_Average,National
2023-04-23,Jute,3816.17,India_Average,National
2023-04-24,Jute,4000.1,India_Average,National
2023-04-25,Jute,4233.31,India_Average,National
2023-04-26,Jute,4392.02,India_Average,National
2023-04-27,Jute,4129.03,India_Average,National
2023-04-28,Jute,4376.86,India_Average,National
2023-04-29,Jute,3827.37,India_Average,National
2023-04-30,Jute,4015.21,India_Average,National
2023-05-01,Jute,3794.45,India_Average,National
2023-05-02,Jute,3827.95,India_Average,National
2023-05-03,Jute,3866.19,India_Average,National
2023-05-04,Jute,3983.0,India_Average,National
2023-05-05,Jute,3764.37,India_Average,National
2023-05-06,Jute,3876.76,India_Average,National
2023-05-07,Jute,3841.31,India_Average,National
2023-05-08,Jute,3671.77,India_Average,National
2023-05-09,Jute,3828.12,India_Average,National
2023-05-10,Jute,3822.35,India_Average,National
2023-05-11,Jute,3818.22,India_Average,National
2023-05-12,Jute,3856.11,India_Average,National
2023-05-13,Jute,3864.57,India_Average,National
2023-05-14,Jute,3766.78,India_Average,National
2023-05-15,Jute,4095.0,India_Average,National
2023-05-16,Jute,3624.87,India_Average,National
2023-05-17,Jute,3711.21,India_Average,National
2023-05-18,Jute,4385.14,India_Average,National
2023-05-19,Jute,3650.19,India_Average,National
2023-05-20,Jute,3589.4,India_Average,National
2023-05-21,Jute,3991.39,India_Average,National
2023-05-22,Jute,3450.15,India_Average,National
2023-05-23,Jute,3804.71,India_Average,National
2023-05-24,Jute,4263.07,India_Average,National
2023-05-25,Jute,3552.6,India_Average,National
2023-05-26,Jute,3468.47,India_Average,National
2023-05-27,Jute,3561.41,India_Average,National
2023-05-28,Jute,4022.93,India_Average,National
2023-05-29,Jute,4066.52,India_Average,National
2023-05-30,Jute,3751.33,India_Average,National
2023-05-31,Jute,3981.52,India_Average,National
2023-06-01,Jute,3743.29,India_Average,National
2023-06-02,Jute,3812.79,India_Average,National
2023-06-03,Jute,3456.89,India_Average,National
2023-06-04,Jute,3097.24,India_Average,National
2023-06-05,Jute,3356.35,India_Average,National
2023-06-06,Jute,3425.31,India_Average,National
2023-06-07,Jute,3454.69,India_Average,National
2023-06-08,Jute,3467.12,India_Average,National
2023-06-09,Jute,3695.81,India_Average,National
2023-06-10,Jute,3723.02,India_Average,National
2023-06-11,Jute,3469.96,India_Average,National
2023-06-12,Jute,3692.23,India_Average,National
2023-06-13,Jute,3562.59,India_Average,National
2023-06-14,Jute,3511.29,India_Average,National
2023-06-15,Jute,3658.65,India_Average,National
2023-06-16,Jute,3512.64,India_Average,National
2023-06-17,Jute,3860.12,India_Average,National
2023-06-18,Jute,3248.28,India_Average,National
2023-06-19,Jute,3409.85,India_Average,National
2023-06-20,Jute,3477.86,India_Average,National
2023-06-21,Jute,3576.9,India_Average,National
2023-06-22,Jute,3721.89,India_Average,National
2023-06-23,Jute,3495.73,India_Average,National
2023-06-24,Jute,3251.11,India_Average,National
2023-06-25,Jute,3647.44,India_Average,National
2023-06-26,Jute,3632.12,India_Average,National
2023-06-27,Jute,3160.17,India_Average,National
2023-06-28,Jute,3499.33,India_Average,National
2023-06-29,Jute,3221.73,India_Average,National
2023-06-30,Jute,3383.69,India_Average,National
2023-07-01,Jute,3007.81,India_Average,National
2023-07-02,Jute,3277.46,India_Average,National
2023-07-03,Jute,3168.4,India_Average,National
2023-07-04,Jute,2947.52,India_Average,National
2023-07-05,Jute,3288.61,India_Average,National
2023-07-06,Jute,2924.18,India_Average,National
2023-07-07,Jute,3201.99,India_Average,National
2023-07-08,Jute,3021.79,India_Average,National
2023-07-09,Jute,3092.41,India_Average,National
2023-07-10,Jute,3229.42,India_Average,National
2023-07-11,Jute,3232.13,India_Average,National
2023-07-12,Jute,3360.57,India_Average,National
2023-07-13,Jute,3137.05,India_Average,National
2023-07-14,Jute,3198.27,India_Average,National
2023-07-15,Jute,3081.06,India_Average,National
2023-07-16,Jute,3178.66,India_Average,National
2023-07-17,Jute,3219.22,India_Average,National
2023-07-18,Jute,3134.52,India_Average,National
2023-07-19,Jute,2865.91,India_Average,National
2023-07-20,Jute,3202.21,India_Average,National
2023-07-21,Jute,3207.42,India_Average,National
2023-07-22,Jute,3042.87,India_Average,National
2023-07-23,Jute,2947.71,India_Average,National
2023-07-24,Jute,3382.45,India_Average,National
2023-07-25,Jute,3227.4,India_Average,National
2023-07-26,Jute,3113.92,India_Average,National
2023-07-27,Jute,2970.92,India_Average,National
2023-07-28,Jute,3020.56,India_Average,National
2023-07-29,Jute,3355.16,India_Average,National
2023-07-30,Jute,3171.68,India_Average,National
2023-07-31,Jute,3063.28,India_Average,National
2023-08-01,Jute,2967.53,India_Average,National
2023-08-02,Jute,2775.95,India_Average,National
2023-08-03,Jute,3110.94,India_Average,National
2023-08-04,Jute,3089.52,India_Average,National
2023-08-05,Jute,2826.27,India_Average,National
2023-08-06,Jute,2802.82,India_Average,National
2023-08-07,Jute,2514.97,India_Average,National
2023-08-08,Jute,2679.41,India_Average,National
2023-08-09,Jute,2699.98,India_Average,National
2023-08-10,Jute,2913.34,India_Average,National
2023-08-11,Jute,2846.58,India_Average,National
2023-08-12,Jute,2699.13,India_Average,National
2023-08-13,Jute,2853.1,India_Average,National
2023-08-14,Jute,2966.9,India_Average,National
2023-08-15,Jute,2970.15,India_Average,National
2023-08-16,Jute,2618.92,India_Average,National
2023-08-17,Jute,2875.22,India_Average,National
2023-08-18,Jute,2693.63,India_Average,National
2023-08-19,Jute,3024.25,India_Average,National
2023-08-20,Jute,3007.24,India_Average,National
2023-08-21,Jute,2763.85,India_Average,National
2023-08-22,Jute,2782.94,India_Average,National
2023-08-23,Jute,2827.04,India_Average,National
2023-08-24,Jute,2567.83,India_Average,National
2023-08-25,Jute,2942.39,India_Average,National
2023-08-26,Jute,2854.3,India_Average,National
2023-08-27,Jute,3034.16,India_Average,National
2023-08-28,Jute,2734.85,India_Average,National
2023-08-29,Jute,2804.2,India_Average,National
2023-08-30,Jute,2675.8,India_Average,National
2023-08-31,Jute,2748.47,India_Average,National
2023-09-01,Jute,2634.52,India_Average,National
2023-09-02,Jute,2939.44,India_Average,National
2023-09-03,Jute,2702.24,India_Average,National
2023-09-04,Jute,2817.38,India_Average,National
2023-09-05,Jute,2746.69,India_Average,National
2023-09-06,Jute,2622.27,India_Average,National
2023-09-07,Jute,2776.44,India_Average,National
2023-09-08,Jute,2883.87,India_Average,National
2023-09-09,Jute,2630.91,India_Average,National
2023-09-10,Jute,2913.28,India_Average,National
2023-09-11,Jute,2681.04,India_Average,National
2023-09-12,Jute,2732.38,India_Average,National
2023-09-13,Jute,2874.3,India_Average,National
2023-09-14,Jute,2707.12,India_Average,National
2023-09-15,Jute,2805.26,India_Average,National
2023-09-16,Jute,2755.94,India_Average,National
2023-09-17,Jute,2818.11,India_Average,National
2023-09-18,Jute,2466.7,India_Average,National
2023-09-19,Jute,2543.84,India_Average,National
2023-09-20,Jute,2886.24,India_Average,National
2023-09-21,Jute,2945.21,India_Average,National
2023-09-22,Jute,2672.53,India_Average,National
2023-09-23,Jute,2765.84,India_Average,National
2023-09-24,Jute,2841.26,India_Average,National
2023-09-25,Jute,2897.05,India_Average,National
2023-09-26,Jute,2516.13,India_Average,National
2023-09-27,Jute,2675.95,India_Average,National
2023-09-28,Jute,2753.44,India_Average,National
2023-09-29,Jute,2898.44,India_Average,National
2023-09-30,Jute,3149.78,India_Average,National
2023-10-01,Jute,2860.79,India_Average,National
2023-10-02,Jute,2690.21,India_Average,National
2023-10-03,Jute,2951.99,India_Average,National
2023-10-04,Jute,3084.92,India_Average,National
2023-10-05,Jute,2909.41,India_Average,National
2023-10-06,Jute,2762.6,India_Average,National
2023-10-07,Jute,3032.39,India_Average,National
2023-10-08,Jute,2989.79,India_Average,National
2023-10-09,Jute,2745.32,India_Average,National
2023-10-10,Jute,2948.97,India_Average,National
2023-10-11,Jute,3038.08,India_Average,National
2023-10-12,Jute,3064.79,India_Average,National
2023-10-13,Jute,2884.17,India_Average,National
2023-10-14,Jute,2841.97,India_Average,National
2023-10-15,Jute,3071.36,India_Average,National
2023-10-16,Jute,2718.69,India_Average,National
2023-10-17,Jute,2957.24,India_Average,National
2023-10-18,Jute,2695.55,India_Average,National
2023-10-19,Jute,3047.93,India_Average,National
2023-10-20,Jute,2856.45,India_Average,National
2023-10-21,Jute,3077.33,India_Average,National
2023-10-22,Jute,2964.88,India_Average,National
2023-10-23,Jute,2716.8,India_Average,National
2023-10-24,Jute,3099.91,India_Average,National
2023-10-25,Jute,3118.23,India_Average,National
2023-10-26,Jute,3021.44,India_Average,National
2023-10-27,Jute,2783.59,India_Average,National
2023-10-28,Jute,2849.51,India_Average,National
2023-10-29,Jute,2914.82,India_Average,National
2023-10-30,Jute,2791.96,India_Average,National
2023-10-31,Jute,3138.65,India_Average,National
2023-11-01,Jute,3172.73,India_Average,National
2023-11-02,Jute,2724.22,India_Average,National
2023-11-03,Jute,3203.45,India_Average,National
2023-11-04,Jute,3095.17,India_Average,National
2023-11-05,Jute,3138.2,India_Average,National
2023-11-06,Jute,3091.94,India_Average,National
2023-11-07,Jute,3277.11,India_Average,National
2023-11-08,Jute,3326.35,India_Average,National
2023-11-09,Jute,3194.58,India_Average,National
2023-11-10,Jute,3096.56,India_Average,National
2023-11-11,Jute,3143.49,India_Average,National
2023-11-12,Jute,3153.09,India_Average,National
2023-11-13,Jute,3023.62,India_Average,National
2023-11-14,Jute,3241.18,India_Average,National
2023-11-15,Jute,3222.46,India_Average,National
2023-11-16,Jute,3392.62,India_Average,National
2023-11-17,Jute,3347.72,India_Average,National
2023-11-18,Jute,3042.01,India_Average,National
2023-11-19,Jute,3279.2,India_Average,National
2023-11-20,Jute,3000.22,India_Average,National
2023-11-21,Jute,3259.61,India_Average,National
2023-11-22,Jute,3068.63,India_Average,National
2023-11-23,Jute,2988.84,India_Average,National
2023-11-24,Jute,3194.11,India_Average,National
2023-11-25,Jute,2728.76,India_Average,National
2023-11-26,Jute,2874.22,India_Average,National
2023-11-27,Jute,3122.05,India_Average,National
2023-11-28,Jute,3162.98,India_Average,National
2023-11-29,Jute,3091.83,India_Average,National
2023-11-30,Jute,2901.24,India_Average,National
2023-12-01,Jute,3356.87,India_Average,National
2023-12-02,Jute,3568.46,India_Average,National
2023-12-03,Jute,3601.81,India_Average,National
2023-12-04,Jute,3497.16,India_Average,National
2023-12-05,Jute,3702.45,India_Average,National
2023-12-06,Jute,3569.54,India_Average,National
2023-12-07,Jute,3369.2,India_Average,National
2023-12-08,Jute,3450.91,India_Average,National
2023-12-09,Jute,3254.5,India_Average,National
2023-12-10,Jute,3481.08,India_Average,National
2023-12-11,Jute,3694.62,India_Average,National
2023-12-12,Jute,3619.93,India_Average,National
2023-12-13,Jute,3745.35,India_Average,National
2023-12-14,Jute,3447.0,India_Average,National
2023-12-15,Jute,3735.57,India_Average,National
2023-12-16,Jute,3466.17,India_Average,National
2023-12-17,Jute,3757.53,India_Average,National
2023-12-18,Jute,3496.18,India_Average,National
2023-12-19,Jute,3623.77,India_Average,National
2023-12-20,Jute,3758.14,India_Average,National
2023-12-21,Jute,3466.15,India_Average,National
2023-12-22,Jute,3538.22,India_Average,National
2023-12-23,Jute,3725.55,India_Average,National
2023-12-24,Jute,3476.72,India_Average,National
2023-12-25,Jute,3268.84,India_Average,National
2023-12-26,Jute,3875.03,India_Average,National
2023-12-27,Jute,3417.79,India_Average,National
2023-12-28,Jute,3527.78,India_Average,National
2023-12-29,Jute,3702.3,India_Average,National
2023-12-30,Jute,3393.51,India_Average,National
2023-12-31,Jute,3323.62,India_Average,National
2024-01-01,Jute,3898.84,India_Average,National
2022-01-01,Kidneybeans,4506.21,India_Average,National
2022-01-02,Kidneybeans,4878.74,India_Average,National
2022-01-03,Kidneybeans,5010.65,India_Average,National
2022-01-04,Kidneybeans,4883.19,India_Average,National
2022-01-05,Kidneybeans,4568.0,India_Average,National
2022-01-06,Kidneybeans,5344.56,India_Average,National
2022-01-07,Kidneybeans,4975.63,India_Average,National
2022-01-08,Kidneybeans,5304.21,India_Average,National
2022-01-09,Kidneybeans,4885.64,India_Average,National
2022-01-10,Kidneybeans,4732.2,India_Average,National
2022-01-11,Kidneybeans,5016.62,India_Average,National
2022-01-12,Kidneybeans,4896.59,India_Average,National
2022-01-13,Kidneybeans,4658.5,India_Average,National
2022-01-14,Kidneybeans,5313.77,India_Average,National
2022-01-15,Kidneybeans,4795.99,India_Average,National
2022-01-16,Kidneybeans,4494.53,India_Average,National
2022-01-17,Kidneybeans,5278.72,India_Average,National
2022-01-18,Kidneybeans,4825.19,India_Average,National
2022-01-19,Kidneybeans,4799.56,India_Average,National
2022-01-20,Kidneybeans,4513.07,India_Average,National
2022-01-21,Kidneybeans,5380.88,India_Average,National
2022-01-22,Kidneybeans,4630.85,India_Average,National
2022-01-23,Kidneybeans,4964.47,India_Average,National
2022-01-24,Kidneybeans,5175.87,India_Average,National
2022-01-25,Kidneybeans,5054.37,India_Average,National
2022-01-26,Kidneybeans,4935.24,India_Average,National
2022-01-27,Kidneybeans,4528.84,India_Average,National
2022-01-28,Kidneybeans,4749.59,India_Average,National
2022-01-29,Kidneybeans,4996.48,India_Average,National
2022-01-30,Kidneybeans,4755.17,India_Average,National
2022-01-31,Kidneybeans,5000.33,India_Average,National
2022-02-01,Kidneybeans,5459.38,India_Average,National
2022-02-02,Kidneybeans,5533.5,India_Average,National
2022-02-03,Kidneybeans,4955.75,India_Average,National
2022-02-04,Kidneybeans,5859.27,India_Average,National
2022-02-05,Kidneybeans,5482.02,India_Average,National
2022-02-06,Kidneybeans,5278.97,India_Average,National
2022-02-07,Kidneybeans,5567.03,India_Average,National
2022-02-08,Kidneybeans,5903.82,India_Average,National
2022-02-09,Kidneybeans,4899.64,India_Average,National
2022-02-10,Kidneybeans,5219.96,India_Average,National
2022-02-11,Kidneybeans,4651.59,India_Average,National
2022-02-12,Kidneybeans,5330.28,India_Average,National
2022-02-13,Kidneybeans,5375.88,India_Average,National
2022-02-14,Kidneybeans,5269.09,India_Average,National
2022-02-15,Kidneybeans,5106.64,India_Average,National
2022-02-16,Kidneybeans,4738.41,India_Average,National
2022-02-17,Kidneybeans,5378.02,India_Average,National
2022-02-18,Kidneybeans,5663.62,India_Average,National
2022-02-19,Kidneybeans,5123.41,India_Average,National
2022-02-20,Kidneybeans,5395.59,India_Average,National
2022-02-21,Kidneybeans,4865.48,India_Average,National
2022-02-22,Kidneybeans,5400.11,India_Average,National
2022-02-23,Kidneybeans,5175.58,India_Average,National
2022-02-24,Kidneybeans,5078.17,India_Average,National
2022-02-25,Kidneybeans,5078.71,India_Average,National
2022-02-26,Kidneybeans,5175.52,India_Average,National
2022-02-27,Kidneybeans,5380.37,India_Average,National
2022-02-28,Kidneybeans,4933.05,India_Average,National
2022-03-01,Kidneybeans,5292.78,India_Average,National
2022-03-02,Kidneybeans,5388.8,India_Average,National
2022-03-03,Kidneybeans,5103.26,India_Average,National
2022-03-04,Kidneybeans,5885.1,India_Average,National
2022-03-05,Kidneybeans,5169.56,India_Average,National
2022-03-06,Kidneybeans,5219.25,India_Average,National
2022-03-07,Kidneybeans,5135.86,India_Average,National
2022-03-08,Kidneybeans,5885.59,India_Average,National
2022-03-09,Kidneybeans,5549.28,India_Average,National
2022-03-10,Kidneybeans,5147.12,India_Average,National
2022-03-11,Kidneybeans,5698.68,India_Average,National
2022-03-12,Kidneybeans,5454.19,India_Average,National
2022-03-13,Kidneybeans,5469.46,India_Average,National
2022-03-14,Kidneybeans,5306.99,India_Average,National
2022-03-15,Kidneybeans,5197.66,India_Average,National
2022-03-16,Kidneybeans,5491.2,India_Average,National
2022-03-17,Kidneybeans,5252.83,India_Average,National
2022-03-18,Kidneybeans,5890.52,India_Average,National
2022-03-19,Kidneybeans,5057.29,India_Average,National
2022-03-20,Kidneybeans,5814.76,India_Average,National
2022-03-21,Kidneybeans,5369.94,India_Average,National
2022-03-22,Kidneybeans,5480.75,India_Average,National
2022-03-23,Kidneybeans,5624.95,India_Average,National
2022-03-24,Kidneybeans,5229.83,India_Average,National
2022-03-25,Kidneybeans,5633.35,India_Average,National
2022-03-26,Kidneybeans,4668.96,India_Average,National
2022-03-27,Kidneybeans,5205.6,India_Average,National
2022-03-28,Kidneybeans,5150.5,India_Average,National
2022-03-29,Kidneybeans,5061.55,India_Average,National
2022-03-30,Kidneybeans,5341.96,India_Average,National
2022-03-31,Kidneybeans,5504.15,India_Average,National
2022-04-01,Kidneybeans,5464.9,India_Average,National
2022-04-02,Kidneybeans,5343.01,India_Average,National
2022-04-03,Kidneybeans,5103.7,India_Average,National
2022-04-04,Kidneybeans,5376.83,India_Average,National
2022-04-05,Kidneybeans,5312.23,India_Average,National
2022-04-06,Kidneybeans,5526.51,India_Average,National
2022-04-07,Kidneybeans,5484.51,India_Average,National
2022-04-08,Kidneybeans,5287.47,India_Average,National
2022-04-09,Kidneybeans,5042.57,India_Average,National
2022-04-10,Kidneybeans,5107.06,India_Average,National
2022-04-11,Kidneybeans,5134.29,India_Average,National
2022-04-12,Kidneybeans,5196.2,India_Average,National
2022-04-13,Kidneybeans,5350.18,India_Average,National
2022-04-14,Kidneybeans,5468.21,India_Average,National
2022-04-15,Kidneybeans,5265.93,India_Average,National
2022-04-16,Kidneybeans,5283.68,India_Average,National
2022-04-17,Kidneybeans,5317.25,India_Average,National
2022-04-18,Kidneybeans,5143.24,India_Average,National
2022-04-19,Kidneybeans,5035.15,India_Average,National
2022-04-20,Kidneybeans,4816.04,India_Average,National
2022-04-21,Kidneybeans,5095.92,India_Average,National
2022-04-22,Kidneybeans,5404.32,India_Average,National
2022-04-23,Kidneybeans,5093.87,India_Average,National
2022-04-24,Kidneybeans,5216.65,India_Average,National
2022-04-25,Kidneybeans,5402.55,India_Average,National
2022-04-26,Kidneybeans,5416.87,India_Average,National
2022-04-27,Kidneybeans,4994.46,India_Average,National
2022-04-28,Kidneybeans,5542.62,India_Average,National
2022-04-29,Kidneybeans,5577.01,India_Average,National
2022-04-30,Kidneybeans,4981.18,India_Average,National
2022-05-01,Kidneybeans,4746.1,India_Average,National
2022-05-02,Kidneybeans,5244.79,India_Average,National
2022-05-03,Kidneybeans,4913.65,India_Average,National
2022-05-04,Kidneybeans,4400.6,India_Average,National
2022-05-05,Kidneybeans,4603.58,India_Average,National
2022-05-06,Kidneybeans,4888.28,India_Average,National
2022-05-07,Kidneybeans,4662.15,India_Average,National
2022-05-08,Kidneybeans,4847.68,India_Average,National
2022-05-09,Kidneybeans,4958.02,India_Average,National
2022-05-10,Kidneybeans,5311.91,India_Average,National
2022-05-11,Kidneybeans,4878.11,India_Average,National
2022-05-12,Kidneybeans,5215.45,India_Average,National
2022-05-13,Kidneybeans,5303.62,India_Average,National
2022-05-14,Kidneybeans,5304.99,India_Average,National
2022-05-15,Kidneybeans,5020.48,India_Average,National
2022-05-16,Kidneybeans,4464.09,India_Average,National
2022-05-17,Kidneybeans,5064.05,India_Average,National
2022-05-18,Kidneybeans,5209.48,India_Average,National
2022-05-19,Kidneybeans,4929.94,India_Average,National
2022-05-20,Kidneybeans,5381.78,India_Average,National
2022-05-21,Kidneybeans,5162.81,India_Average,National
2022-05-22,Kidneybeans,5090.65,India_Average,National
2022-05-23,Kidneybeans,5218.88,India_Average,National
2022-05-24,Kidneybeans,5032.51,India_Average,National
2022-05-25,Kidneybeans,4333.03,India_Average,National
2022-05-26,Kidneybeans,4826.46,India_Average,National
2022-05-27,Kidneybeans,5246.3,India_Average,National
2022-05-28,Kidneybeans,4750.12,India_Average,National
2022-05-29,Kidneybeans,4894.69,India_Average,National
2022-05-30,Kidneybeans,4691.4,India_Average,National
2022-05-31,Kidneybeans,5391.52,India_Average,National
2022-06-01,Kidneybeans,4878.34,India_Average,National
2022-06-02,Kidneybeans,4301.13,India_Average,National
2022-06-03,Kidneybeans,4533.14,India_Average,National
2022-06-04,Kidneybeans,4346.89,India_Average,National
2022-06-05,Kidneybeans,4638.36,India_Average,National
2022-06-06,Kidneybeans,4614.68,India_Average,National
2022-06-07,Kidneybeans,4682.63,India_Average,National
2022-06-08,Kidneybeans,4574.68,India_Average,National
2022-06-09,Kidneybeans,5160.47,India_Average,National
2022-06-10,Kidneybeans,4268.72,India_Average,National
2022-06-11,Kidneybeans,4115.11,India_Average,National
2022-06-12,Kidneybeans,4411.55,India_Average,National
2022-06-13,Kidneybeans,4147.2,India_Average,National
2022-06-14,Kidneybeans,4164.2,India_Average,National
2022-06-15,Kidneybeans,4274.7,India_Average,National
2022-06-16,Kidneybeans,4292.51,India_Average,National
2022-06-17,Kidneybeans,4285.21,India_Average,National
2022-06-18,Kidneybeans,4616.6,India_Average,National
2022-06-19,Kidneybeans,4386.11,India_Average,National
2022-06-20,Kidneybeans,4459.61,India_Average,National
2022-06-21,Kidneybeans,4701.2,India_Average,National
2022-06-22,Kidneybeans,4327.58,India_Average,National
2022-06-23,Kidneybeans,4440.48,India_Average,National
2022-06-24,Kidneybeans,4582.3,India_Average,National
2022-06-25,Kidneybeans,4063.15,India_Average,National
2022-06-26,Kidneybeans,3963.4,India_Average,National
2022-06-27,Kidneybeans,4577.88,India_Average,National
2022-06-28,Kidneybeans,4610.7,India_Average,National
2022-06-29,Kidneybeans,4964.45,India_Average,National
2022-06-30,Kidneybeans,4535.57,India_Average,National
2022-07-01,Kidneybeans,4216.0,India_Average,National
2022-07-02,Kidneybeans,4010.42,India_Average,National
2022-07-03,Kidneybeans,4110.19,India_Average,National
2022-07-04,Kidneybeans,4387.62,India_Average,National
2022-07-05,Kidneybeans,3619.89,India_Average,National
2022-07-06,Kidneybeans,4133.76,India_Average,National
2022-07-07,Kidneybeans,4482.46,India_Average,National
2022-07-08,Kidneybeans,4107.11,India_Average,National
2022-07-09,Kidneybeans,4384.24,India_Average,National
2022-07-10,Kidneybeans,3922.58,India_Average,National
2022-07-11,Kidneybeans,4043.51,India_Average,National
2022-07-12,Kidneybeans,4056.79,India_Average,National
2022-07-13,Kidneybeans,3600.94,India_Average,National
2022-07-14,Kidneybeans,3813.44,India_Average,National
2022-07-15,Kidneybeans,3827.88,India_Average,National
2022-07-16,Kidneybeans,4216.47,India_Average,National
2022-07-17,Kidneybeans,4226.61,India_Average,National
2022-07-18,Kidneybeans,4115.62,India_Average,National
2022-07-19,Kidneybeans,4216.88,India_Average,National
2022-07-20,Kidneybeans,4016.76,India_Average,National
2022-07-21,Kidneybeans,4293.39,India_Average,National
2022-07-22,Kidneybeans,4051.78,India_Average,National
2022-07-23,Kidneybeans,4061.72,India_Average,National
2022-07-24,Kidneybeans,3996.22,India_Average,National
2022-07-25,Kidneybeans,4188.6,India_Average,National
2022-07-26,Kidneybeans,3964.71,India_Average,National
2022-07-27,Kidneybeans,4247.73,India_Average,National
2022-07-28,Kidneybeans,3820.74,India_Average,National
2022-07-29,Kidneybeans,3827.47,India_Average,National
2022-07-30,Kidneybeans,4189.2,India_Average,National
2022-07-31,Kidneybeans,4032.07,India_Average,National
2022-08-01,Kidneybeans,3636.14,India_Average,National
2022-08-02,Kidneybeans,3886.15,India_Average,National
2022-08-03,Kidneybeans,3607.61,India_Average,National
2022-08-04,Kidneybeans,3683.33,India_Average,National
2022-08-05,Kidneybeans,3980.87,India_Average,National
2022-08-06,Kidneybeans,4006.9,India_Average,National
2022-08-07,Kidneybeans,4013.09,India_Average,National
2022-08-08,Kidneybeans,3668.09,India_Average,National
2022-08-09,Kidneybeans,3949.52,India_Average,National
2022-08-10,Kidneybeans,3544.04,India_Average,National
2022-08-11,Kidneybeans,3551.87,India_Average,National
2022-08-12,Kidneybeans,3283.32,India_Average,National
2022-08-13,Kidneybeans,4031.78,India_Average,National
2022-08-14,Kidneybeans,3559.85,India_Average,National
2022-08-15,Kidneybeans,3697.04,India_Average,National
2022-08-16,Kidneybeans,3551.23,India_Average,National
2022-08-17,Kidneybeans,3849.9,India_Average,National
2022-08-18,Kidneybeans,3650.7,India_Average,National
2022-08-19,Kidneybeans,3477.84,India_Average,National
2022-08-20,Kidneybeans,3802.74,India_Average,National
2022-08-21,Kidneybeans,3453.86,India_Average,National
2022-08-22,Kidneybeans,3564.8,India_Average,National
2022-08-23,Kidneybeans,3328.63,India_Average,National
2022-08-24,Kidneybeans,3455.68,India_Average,National
2022-08-25,Kidneybeans,3753.79,India_Average,National
2022-08-26,Kidneybeans,3355.12,India_Average,National
2022-08-27,Kidneybeans,3445.04,India_Average,National
2022-08-28,Kidneybeans,3720.14,India_Average,National
2022-08-29,Kidneybeans,3619.45,India_Average,National
2022-08-30,Kidneybeans,4091.15,India_Average,National
2022-08-31,Kidneybeans,4061.73,India_Average,National
2022-09-01,Kidneybeans,3443.77,India_Average,National
2022-09-02,Kidneybeans,3700.28,India_Average,National
2022-09-03,Kidneybeans,3734.87,India_Average,National
2022-09-04,Kidneybeans,3492.45,India_Average,National
2022-09-05,Kidneybeans,3330.8,India_Average,National
2022-09-06,Kidneybeans,3597.79,India_Average,National
2022-09-07,Kidneybeans,3568.89,India_Average,National
2022-09-08,Kidneybeans,3521.56,India_Average,National
2022-09-09,Kidneybeans,3679.62,India_Average,National
2022-09-10,Kidneybeans,3464.87,India_Average,National
2022-09-11,Kidneybeans,3392.64,India_Average,National
2022-09-12,Kidneybeans,3619.63,India_Average,National
2022-09-13,Kidneybeans,3669.47,India_Average,National
2022-09-14,Kidneybeans,3388.2,India_Average,National
2022-09-15,Kidneybeans,3767.06,India_Average,National
2022-09-16,Kidneybeans,3281.31,India_Average,National
2022-09-17,Kidneybeans,3495.94,India_Average,National
2022-09-18,Kidneybeans,3553.56,India_Average,National
2022-09-19,Kidneybeans,3485.48,India_Average,National
2022-09-20,Kidneybeans,3498.29,India_Average,National
2022-09-21,Kidneybeans,3936.79,India_Average,National
2022-09-22,Kidneybeans,3446.84,India_Average,National
2022-09-23,Kidneybeans,4039.42,India_Average,National
2022-09-24,Kidneybeans,3678.68,India_Average,National
2022-09-25,Kidneybeans,3616.57,India_Average,National
2022-09-26,Kidneybeans,3685.72,India_Average,National
2022-09-27,Kidneybeans,4055.39,India_Average,National
2022-09-28,Kidneybeans,3421.15,India_Average,National
2022-09-29,Kidneybeans,3398.32,India_Average,National
2022-09-30,Kidneybeans,3464.12,India_Average,National
2022-10-01,Kidneybeans,3726.56,India_Average,National
2022-10-02,Kidneybeans,3399.53,India_Average,National
2022-10-03,Kidneybeans,3724.73,India_Average,National
2022-10-04,Kidneybeans,4035.63,India_Average,National
2022-10-05,Kidneybeans,3748.74,India_Average,National
2022-10-06,Kidneybeans,3666.13,India_Average,National
2022-10-07,Kidneybeans,3605.58,India_Average,National
2022-10-08,Kidneybeans,3887.73,India_Average,National
2022-10-09,Kidneybeans,3566.95,India_Average,National
2022-10-10,Kidneybeans,4064.06,India_Average,National
2022-10-11,Kidneybeans,4080.24,India_Average,National
2022-10-12,Kidneybeans,3768.34,India_Average,National
2022-10-13,Kidneybeans,3718.43,India_Average,National
2022-10-14,Kidneybeans,3912.31,India_Average,National
2022-10-15,Kidneybeans,3924.24,India_Average,National
2022-10-16,Kidneybeans,3570.64,India_Average,National
2022-10-17,Kidneybeans,3622.62,India_Average,National
2022-10-18,Kidneybeans,3474.58,India_Average,National
2022-10-19,Kidneybeans,3796.68,India_Average,National
2022-10-20,Kidneybeans,3844.59,India_Average,National
2022-10-21,Kidneybeans,3469.45,India_Average,National
2022-10-22,Kidneybeans,3635.9,India_Average,National
2022-10-23,Kidneybeans,3469.95,India_Average,National
2022-10-24,Kidneybeans,3553.37,India_Average,National
2022-10-25,Kidneybeans,3823.08,India_Average,National
2022-10-26,Kidneybeans,3584.13,India_Average,National
2022-10-27,Kidneybeans,3664.61,India_Average,National
2022-10-28,Kidneybeans,3417.85,India_Average,National
2022-10-29,Kidneybeans,3755.36,India_Average,National
2022-10-30,Kidneybeans,3712.34,India_Average,National
2022-10-31,Kidneybeans,3584.97,India_Average,National
2022-11-01,Kidneybeans,4011.72,India_Average,National
2022-11-02,Kidneybeans,4086.51,India_Average,National
2022-11-03,Kidneybeans,3884.99,India_Average,National
2022-11-04,Kidneybeans,3751.06,India_Average,National
2022-11-05,Kidneybeans,4415.63,India_Average,National
2022-11-06,Kidneybeans,3921.76,India_Average,National
2022-11-07,Kidneybeans,4030.41,India_Average,National
2022-11-08,Kidneybeans,4254.7,India_Average,National
2022-11-09,Kidneybeans,4764.63,India_Average,National
2022-11-10,Kidneybeans,3797.99,India_Average,National
2022-11-11,Kidneybeans,4141.09,India_Average,National
2022-11-12,Kidneybeans,3906.72,India_Average,National
2022-11-13,Kidneybeans,3940.89,India_Average,National
2022-11-14,Kidneybeans,3904.16,India_Average,National
2022-11-15,Kidneybeans,3822.05,India_Average,National
2022-11-16,Kidneybeans,4041.64,India_Average,National
2022-11-17,Kidneybeans,3751.41,India_Average,National
2022-11-18,Kidneybeans,4241.73,India_Average,National
2022-11-19,Kidneybeans,4061.14,India_Average,National
2022-11-20,Kidneybeans,4135.54,India_Average,National
2022-11-21,Kidneybeans,3955.6,India_Average,National
2022-11-22,Kidneybeans,3975.64,India_Average,National
2022-11-23,Kidneybeans,4108.23,India_Average,National
2022-11-24,Kidneybeans,3814.28,India_Average,National
2022-11-25,Kidneybeans,3977.51,India_Average,National
2022-11-26,Kidneybeans,3875.93,India_Average,National
2022-11-27,Kidneybeans,3869.66,India_Average,National
2022-11-28,Kidneybeans,3622.76,India_Average,National
2022-11-29,Kidneybeans,4321.21,India_Average,National
2022-11-30,Kidneybeans,3910.98,India_Average,National
2022-12-01,Kidneybeans,4761.76,India_Average,National
2022-12-02,Kidneybeans,4740.48,India_Average,National
2022-12-03,Kidneybeans,4210.65,India_Average,National
2022-12-04,Kidneybeans,4255.11,India_Average,National
2022-12-05,Kidneybeans,5076.11,India_Average,National
2022-12-06,Kidneybeans,4893.96,India_Average,National
2022-12-07,Kidneybeans,4492.91,India_Average,National
2022-12-08,Kidneybeans,4557.91,India_Average,National
2022-12-09,Kidneybeans,4358.06,India_Average,National
2022-12-10,Kidneybeans,4597.28,India_Average,National
2022-12-11,Kidneybeans,4338.63,India_Average,National
2022-12-12,Kidneybeans,4042.72,India_Average,National
2022-12-13,Kidneybeans,4202.65,India_Average,National
2022-12-14,Kidneybeans,4504.75,India_Average,National
2022-12-15,Kidneybeans,4245.51,India_Average,National
2022-12-16,Kidneybeans,4484.86,India_Average,National
2022-12-17,Kidneybeans,4258.2,India_Average,National
2022-12-18,Kidneybeans,4323.97,India_Average,National
2022-12-19,Kidneybeans,4691.96,India_Average,National
2022-12-20,Kidneybeans,4555.68,India_Average,National
2022-12-21,Kidneybeans,4497.83,India_Average,National
2022-12-22,Kidneybeans,4697.77,India_Average,National
2022-12-23,Kidneybeans,4608.14,India_Average,National
2022-12-24,Kidneybeans,4825.48,India_Average,National
2022-12-25,Kidneybeans,4396.53,India_Average,National
2022-12-26,Kidneybeans,4403.33,India_Average,National
2022-12-27,Kidneybeans,4207.25,India_Average,National
2022-12-28,Kidneybeans,4403.48,India_Average,National
2022-12-29,Kidneybeans,4717.07,India_Average,National
2022-12-30,Kidneybeans,4792.5,India_Average,National
2022-12-31,Kidneybeans,4716.07,India_Average,National
2023-01-01,Kidneybeans,4505.94,India_Average,National
2023-01-02,Kidneybeans,5218.08,India_Average,National
2023-01-03,Kidneybeans,4494.97,India_Average,National
2023-01-04,Kidneybeans,5172.28,India_Average,National
2023-01-05,Kidneybeans,4858.97,India_Average,National
2023-01-06,Kidneybeans,5123.88,India_Average,National
2023-01-07,Kidneybeans,4620.22,India_Average,National
2023-01-08,Kidneybeans,5239.86,India_Average,National
2023-01-09,Kidneybeans,4587.42,India_Average,National
2023-01-10,Kidneybeans,4784.56,India_Average,National
2023-01-11,Kidneybeans,4702.97,India_Average,National
2023-01-12,Kidneybeans,4515.81,India_Average,National
2023-01-13,Kidneybeans,4973.4,India_Average,National
2023-01-14,Kidneybeans,5397.01,India_Average,National
2023-01-15,Kidneybeans,5610.06,India_Average,National
2023-01-16,Kidneybeans,4974.05,India_Average,National
2023-01-17,Kidneybeans,5226.38,India_Average,National
2023-01-18,Kidneybeans,5007.44,India_Average,National
2023-01-19,Kidneybeans,5073.47,India_Average,National
2023-01-20,Kidneybeans,4865.32,India_Average,National
2023-01-21,Kidneybeans,4998.28,India_Average,National
2023-01-22,Kidneybeans,5083.03,India_Average,National
2023-01-23,Kidneybeans,4806.83,India_Average,National
2023-01-24,Kidneybeans,4930.82,India_Average,National
2023-01-25,Kidneybeans,4935.54,India_Average,National
2023-01-26,Kidneybeans,5154.53,India_Average,National
2023-01-27,Kidneybeans,4686.16,India_Average,National
2023-01-28,Kidneybeans,4937.24,India_Average,National
2023-01-29,Kidneybeans,5423.22,India_Average,National
2023-01-30,Kidneybeans,5238.1,India_Average,National
2023-01-31,Kidneybeans,5283.92,India_Average,National
2023-02-01,Kidneybeans,5285.87,India_Average,National
2023-02-02,Kidneybeans,5364.16,India_Average,National
2023-02-03,Kidneybeans,5543.98,India_Average,National
2023-02-04,Kidneybeans,5691.29,India_Average,National
2023-02-05,Kidneybeans,4764.26,India_Average,National
2023-02-06,Kidneybeans,4932.18,India_Average,National
2023-02-07,Kidneybeans,5625.08,India_Average,National
2023-02-08,Kidneybeans,5206.33,India_Average,National
2023-02-09,Kidneybeans,5102.11,India_Average,National
2023-02-10,Kidneybeans,4948.36,India_Average,National
2023-02-11,Kidneybeans,5132.91,India_Average,National
2023-02-12,Kidneybeans,4909.24,India_Average,National
2023-02-13,Kidneybeans,5831.41,India_Average,National
2023-02-14,Kidneybeans,5273.5,India_Average,National
2023-02-15,Kidneybeans,5264.13,India_Average,National
2023-02-16,Kidneybeans,5434.66,India_Average,National
2023-02-17,Kidneybeans,5533.45,India_Average,National
2023-02-18,Kidneybeans,5529.11,India_Average,National
2023-02-19,Kidneybeans,5562.83,India_Average,National
2023-02-20,Kidneybeans,5112.9,India_Average,National
2023-02-21,Kidneybeans,5200.79,India_Average,National
2023-02-22,Kidneybeans,5482.43,India_Average,National
2023-02-23,Kidneybeans,5140.21,India_Average,National
2023-02-24,Kidneybeans,5278.07,India_Average,National
2023-02-25,Kidneybeans,5384.68,India_Average,National
2023-02-26,Kidneybeans,5486.69,India_Average,National
2023-02-27,Kidneybeans,4810.17,India_Average,National
2023-02-28,Kidneybeans,5468.1,India_Average,National
2023-03-01,Kidneybeans,5336.89,India_Average,National
2023-03-02,Kidneybeans,5591.01,India_Average,National
2023-03-03,Kidneybeans,5609.77,India_Average,National
2023-03-04,Kidneybeans,5834.14,India_Average,National
2023-03-05,Kidneybeans,5765.43,India_Average,National
2023-03-06,Kidneybeans,5763.57,India_Average,National
2023-03-07,Kidneybeans,5789.79,India_Average,National
2023-03-08,Kidneybeans,5478.67,India_Average,National
2023-03-09,Kidneybeans,5408.69,India_Average,National
2023-03-10,Kidneybeans,5635.66,India_Average,National
2023-03-11,Kidneybeans,5597.66,India_Average,National
2023-03-12,Kidneybeans,5316.55,India_Average,National
2023-03-13,Kidneybeans,5509.3,India_Average,National
2023-03-14,Kidneybeans,5390.52,India_Average,National
2023-03-15,Kidneybeans,5169.44,India_Average,National
2023-03-16,Kidneybeans,5748.42,India_Average,National
2023-03-17,Kidneybeans,5414.9,India_Average,National
2023-03-18,Kidneybeans,5953.15,India_Average,National
2023-03-19,Kidneybeans,4961.12,India_Average,National
2023-03-20,Kidneybeans,5249.67,India_Average,National
2023-03-21,Kidneybeans,5408.81,India_Average,National
2023-03-22,Kidneybeans,5707.09,India_Average,National
2023-03-23,Kidneybeans,5507.86,India_Average,National
2023-03-24,Kidneybeans,5483.83,India_Average,National
2023-03-25,Kidneybeans,5095.64,India_Average,National
2023-03-26,Kidneybeans,5087.63,India_Average,National
2023-03-27,Kidneybeans,5487.08,India_Average,National
2023-03-28,Kidneybeans,5031.69,India_Average,National
2023-03-29,Kidneybeans,5256.39,India_Average,National
2023-03-30,Kidneybeans,5535.25,India_Average,National
2023-03-31,Kidneybeans,5134.77,India_Average,National
2023-04-01,Kidneybeans,5703.19,India_Average,National
2023-04-02,Kidneybeans,5602.51,India_Average,National
2023-04-03,Kidneybeans,4864.61,India_Average,National
2023-04-04,Kidneybeans,5033.3,India_Average,National
2023-04-05,Kidneybeans,4676.04,India_Average,National
2023-04-06,Kidneybeans,5072.84,India_Average,National
2023-04-07,Kidneybeans,5481.73,India_Average,National
2023-04-08,Kidneybeans,5170.17,India_Average,National
2023-04-09,Kidneybeans,5401.06,India_Average,National
2023-04-10,Kidneybeans,4877.57,India_Average,National
2023-04-11,Kidneybeans,5490.07,India_Average,National
2023-04-12,Kidneybeans,5132.89,India_Average,National
2023-04-13,Kidneybeans,5282.64,India_Average,National
2023-04-14,Kidneybeans,5254.91,India_Average,National
2023-04-15,Kidneybeans,4943.77,India_Average,National
2023-04-16,Kidneybeans,4975.04,India_Average,National
2023-04-17,Kidneybeans,5534.89,India_Average,National
2023-04-18,Kidneybeans,5384.75,India_Average,National
2023-04-19,Kidneybeans,5556.61,India_Average,National
2023-04-20,Kidneybeans,5365.12,India_Average,National
2023-04-21,Kidneybeans,5317.17,India_Average,National
2023-04-22,Kidneybeans,4823.81,India_Average,National
2023-04-23,Kidneybeans,5208.05,India_Average,National
2023-04-24,Kidneybeans,5272.19,India_Average,National
2023-04-25,Kidneybeans,5794.99,India_Average,National
2023-04-26,Kidneybeans,5460.76,India_Average,National
2023-04-27,Kidneybeans,5684.9,India_Average,National
2023-04-28,Kidneybeans,5437.16,India_Average,National
2023-04-29,Kidneybeans,5091.66,India_Average,National
2023-04-30,Kidneybeans,5310.34,India_Average,National
2023-05-01,Kidneybeans,5008.47,India_Average,National
2023-05-02,Kidneybeans,4717.56,India_Average,National
2023-05-03,Kidneybeans,4854.86,India_Average,National
2023-05-04,Kidneybeans,4899.07,India_Average,National
2023-05-05,Kidneybeans,5347.39,India_Average,National
2023-05-06,Kidneybeans,4435.02,India_Average,National
2023-05-07,Kidneybeans,5248.44,India_Average,National
2023-05-08,Kidneybeans,4718.14,India_Average,National
2023-05-09,Kidneybeans,4610.41,India_Average,National
2023-05-10,Kidneybeans,5242.04,India_Average,National
2023-05-11,Kidneybeans,5131.14,India_Average,National
2023-05-12,Kidneybeans,5260.49,India_Average,National
2023-05-13,Kidneybeans,5148.17,India_Average,National
2023-05-14,Kidneybeans,5459.81,India_Average,National
2023-05-15,Kidneybeans,5088.28,India_Average,National
2023-05-16,Kidneybeans,4911.27,India_Average,National
2023-05-17,Kidneybeans,5034.87,India_Average,National
2023-05-18,Kidneybeans,5257.76,India_Average,National
2023-05-19,Kidneybeans,4757.1,India_Average,National
2023-05-20,Kidneybeans,4788.66,India_Average,National
2023-05-21,Kidneybeans,4873.53,India_Average,National
2023-05-22,Kidneybeans,4429.12,India_Average,National
2023-05-23,Kidneybeans,4984.17,India_Average,National
2023-05-24,Kidneybeans,4483.18,India_Average,National
2023-05-25,Kidneybeans,4963.13,India_Average,National
2023-05-26,Kidneybeans,5164.16,India_Average,National
2023-05-27,Kidneybeans,4831.97,India_Average,National
2023-05-28,Kidneybeans,5365.09,India_Average,National
2023-05-29,Kidneybeans,4588.53,India_Average,National
2023-05-30,Kidneybeans,5244.84,India_Average,National
2023-05-31,Kidneybeans,5117.1,India_Average,National
2023-06-01,Kidneybeans,4113.89,India_Average,National
2023-06-02,Kidneybeans,5109.93,India_Average,National
2023-06-03,Kidneybeans,4485.66,India_Average,National
2023-06-04,Kidneybeans,4302.57,India_Average,National
2023-06-05,Kidneybeans,4183.41,India_Average,National
2023-06-06,Kidneybeans,4450.5,India_Average,National
2023-06-07,Kidneybeans,4471.33,India_Average,National
2023-06-08,Kidneybeans,4523.1,India_Average,National
2023-06-09,Kidneybeans,4433.0,India_Average,National
2023-06-10,Kidneybeans,4642.48,India_Average,National
2023-06-11,Kidneybeans,4412.78,India_Average,National
2023-06-12,Kidneybeans,4064.63,India_Average,National
2023-06-13,Kidneybeans,4466.39,India_Average,National
2023-06-14,Kidneybeans,3967.32,India_Average,National
2023-06-15,Kidneybeans,4579.6,India_Average,National
2023-06-16,Kidneybeans,4279.66,India_Average,National
2023-06-17,Kidneybeans,4536.76,India_Average,National
2023-06-18,Kidneybeans,4795.67,India_Average,National
2023-06-19,Kidneybeans,4286.53,India_Average,National
2023-06-20,Kidneybeans,4738.78,India_Average,National
2023-06-21,Kidneybeans,4402.49,India_Average,National
2023-06-22,Kidneybeans,4894.47,India_Average,National
2023-06-23,Kidneybeans,4417.84,India_Average,National
2023-06-24,Kidneybeans,4310.89,India_Average,National
2023-06-25,Kidneybeans,4654.63,India_Average,National
2023-06-26,Kidneybeans,4401.95,India_Average,National
2023-06-27,Kidneybeans,4310.67,India_Average,National
2023-06-28,Kidneybeans,4392.49,India_Average,National
2023-06-29,Kidneybeans,4489.96,India_Average,National
2023-06-30,Kidneybeans,4801.99,India_Average,National
2023-07-01,Kidneybeans,3658.35,India_Average,National
2023-07-02,Kidneybeans,4054.67,India_Average,National
2023-07-03,Kidneybeans,4176.54,India_Average,National
2023-07-04,Kidneybeans,4089.17,India_Average,National
2023-07-05,Kidneybeans,4315.25,India_Average,National
2023-07-06,Kidneybeans,4034.95,India_Average,National
2023-07-07,Kidneybeans,4012.63,India_Average,National
2023-07-08,Kidneybeans,4169.95,India_Average,National
2023-07-09,Kidneybeans,4070.11,India_Average,National
2023-07-10,Kidneybeans,3970.94,India_Average,National
2023-07-11,Kidneybeans,4154.52,India_Average,National
2023-07-12,Kidneybeans,3917.86,India_Average,National
2023-07-13,Kidneybeans,3926.24,India_Average,National
2023-07-14,Kidneybeans,3943.08,India_Average,National
2023-07-15,Kidneybeans,4324.0,India_Average,National
2023-07-16,Kidneybeans,3397.74,India_Average,National
2023-07-17,Kidneybeans,4130.11,India_Average,National
2023-07-18,Kidneybeans,4056.94,India_Average,National
2023-07-19,Kidneybeans,3709.62,India_Average,National
2023-07-20,Kidneybeans,4112.72,India_Average,National
2023-07-21,Kidneybeans,4146.34,India_Average,National
2023-07-22,Kidneybeans,4169.4,India_Average,National
2023-07-23,Kidneybeans,3513.0,India_Average,National
2023-07-24,Kidneybeans,4326.69,India_Average,National
2023-07-25,Kidneybeans,3900.61,India_Average,National
2023-07-26,Kidneybeans,4189.03,India_Average,National
2023-07-27,Kidneybeans,4200.07,India_Average,National
2023-07-28,Kidneybeans,3872.47,India_Average,National
2023-07-29,Kidneybeans,4183.74,India_Average,National
2023-07-30,Kidneybeans,3971.94,India_Average,National
2023-07-31,Kidneybeans,3630.55,India_Average,National
2023-08-01,Kidneybeans,3937.81,India_Average,National
2023-08-02,Kidneybeans,3576.4,India_Average,National
2023-08-03,Kidneybeans,3561.62,India_Average,National
2023-08-04,Kidneybeans,3645.6,India_Average,National
2023-08-05,Kidneybeans,3771.22,India_Average,National
2023-08-06,Kidneybeans,3709.92,India_Average,National
2023-08-07,Kidneybeans,3822.53,India_Average,National
2023-08-08,Kidneybeans,3471.39,India_Average,National
2023-08-09,Kidneybeans,3582.47,India_Average,National
2023-08-10,Kidneybeans,3699.0,India_Average,National
2023-08-11,Kidneybeans,4073.64,India_Average,National
2023-08-12,Kidneybeans,3699.4,India_Average,National
2023-08-13,Kidneybeans,3922.46,India_Average,National
2023-08-14,Kidneybeans,3727.75,India_Average,National
2023-08-15,Kidneybeans,3630.6,India_Average,National
2023-08-16,Kidneybeans,3674.68,India_Average,National
2023-08-17,Kidneybeans,3689.25,India_Average,National
2023-08-18,Kidneybeans,3832.87,India_Average,National
2023-08-19,Kidneybeans,3976.29,India_Average,National
2023-08-20,Kidneybeans,3787.49,India_Average,National
2023-08-21,Kidneybeans,3941.41,India_Average,National
2023-08-22,Kidneybeans,3541.1,India_Average,National
2023-08-23,Kidneybeans,3643.44,India_Average,National
2023-08-24,Kidneybeans,3585.84,India_Average,National
2023-08-25,Kidneybeans,3779.07,India_Average,National
2023-08-26,Kidneybeans,3653.8,India_Average,National
2023-08-27,Kidneybeans,3856.34,India_Average,National
2023-08-28,Kidneybeans,3547.38,India_Average,National
2023-08-29,Kidneybeans,3728.58,India_Average,National
2023-08-30,Kidneybeans,3848.35,India_Average,National
2023-08-31,Kidneybeans,3336.37,India_Average,National
2023-09-01,Kidneybeans,3981.89,India_Average,National
2023-09-02,Kidneybeans,3549.03,India_Average,National
2023-09-03,Kidneybeans,3235.49,India_Average,National
2023-09-04,Kidneybeans,3628.46,India_Average,National
2023-09-05,Kidneybeans,3606.02,India_Average,National
2023-09-06,Kidneybeans,3585.26,India_Average,National
2023-09-07,Kidneybeans,3778.41,India_Average,National
2023-09-08,Kidneybeans,3734.54,India_Average,National
2023-09-09,Kidneybeans,3653.62,India_Average,National
2023-09-10,Kidneybeans,3681.03,India_Average,National
2023-09-11,Kidneybeans,3581.22,India_Average,National
2023-09-12,Kidneybeans,3919.59,India_Average,National
2023-09-13,Kidneybeans,3333.74,India_Average,National
2023-09-14,Kidneybeans,3625.14,India_Average,National
2023-09-15,Kidneybeans,3611.7,India_Average,National
2023-09-16,Kidneybeans,3746.39,India_Average,National
2023-09-17,Kidneybeans,3448.11,India_Average,National
2023-09-18,Kidneybeans,3286.14,India_Average,National
2023-09-19,Kidneybeans,3628.23,India_Average,National
2023-09-20,Kidneybeans,3650.62,India_Average,National
2023-09-21,Kidneybeans,3868.13,India_Average,National
2023-09-22,Kidneybeans,3371.33,India_Average,National
2023-09-23,Kidneybeans,3807.84,India_Average,National
2023-09-24,Kidneybeans,4026.13,India_Average,National
2023-09-25,Kidneybeans,3532.0,India_Average,National
2023-09-26,Kidneybeans,3367.63,India_Average,National
2023-09-27,Kidneybeans,3526.74,India_Average,National
2023-09-28,Kidneybeans,3602.52,India_Average,National
2023-09-29,Kidneybeans,3701.48,India_Average,National
2023-09-30,Kidneybeans,3493.55,India_Average,National
2023-10-01,Kidneybeans,4009.89,India_Average,National
2023-10-02,Kidneybeans,3513.24,India_Average,National
2023-10-03,Kidneybeans,3397.03,India_Average,National
2023-10-04,Kidneybeans,3926.46,India_Average,National
2023-10-05,Kidneybeans,3297.43,India_Average,National
2023-10-06,Kidneybeans,3682.6,India_Average,National
2023-10-07,Kidneybeans,4300.56,India_Average,National
2023-10-08,Kidneybeans,3718.34,India_Average,National
2023-10-09,Kidneybeans,3512.08,India_Average,National
2023-10-10,Kidneybeans,3709.9,India_Average,National
2023-10-11,Kidneybeans,3711.13,India_Average,National
2023-10-12,Kidneybeans,3750.46,India_Average,National
2023-10-13,Kidneybeans,3843.78,India_Average,National
2023-10-14,Kidneybeans,3527.27,India_Average,National
2023-10-15,Kidneybeans,4034.51,India_Average,National
2023-10-16,Kidneybeans,3766.18,India_Average,National
2023-10-17,Kidneybeans,3855.78,India_Average,National
2023-10-18,Kidneybeans,3603.72,India_Average,National
2023-10-19,Kidneybeans,3959.88,India_Average,National
2023-10-20,Kidneybeans,3672.76,India_Average,National
2023-10-21,Kidneybeans,3772.21,India_Average,National
2023-10-22,Kidneybeans,3546.99,India_Average,National
2023-10-23,Kidneybeans,3535.12,India_Average,National
2023-10-24,Kidneybeans,3848.6,India_Average,National
2023-10-25,Kidneybeans,3638.05,India_Average,National
2023-10-26,Kidneybeans,3561.74,India_Average,National
2023-10-27,Kidneybeans,3600.93,India_Average,National
2023-10-28,Kidneybeans,3850.6,India_Average,National
2023-10-29,Kidneybeans,3603.56,India_Average,National
2023-10-30,Kidneybeans,3698.69,India_Average,National
2023-10-31,Kidneybeans,3723.37,India_Average,National
2023-11-01,Kidneybeans,3661.74,India_Average,National
2023-11-02,Kidneybeans,3752.1,India_Average,National
2023-11-03,Kidneybeans,4118.1,India_Average,National
2023-11-04,Kidneybeans,3900.75,India_Average,National
2023-11-05,Kidneybeans,4263.99,India_Average,National
2023-11-06,Kidneybeans,4245.78,India_Average,National
2023-11-07,Kidneybeans,4195.63,India_Average,National
2023-11-08,Kidneybeans,4418.5,India_Average,National
2023-11-09,Kidneybeans,4033.17,India_Average,National
2023-11-10,Kidneybeans,4181.4,India_Average,National
2023-11-11,Kidneybeans,3931.66,India_Average,National
2023-11-12,Kidneybeans,4546.6,India_Average,National
2023-11-13,Kidneybeans,4451.69,India_Average,National
2023-11-14,Kidneybeans,4052.41,India_Average,National
2023-11-15,Kidneybeans,4128.28,India_Average,National
2023-11-16,Kidneybeans,4325.26,India_Average,National
2023-11-17,Kidneybeans,4020.2,India_Average,National
2023-11-18,Kidneybeans,3917.03,India_Average,National
2023-11-19,Kidneybeans,4226.98,India_Average,National
2023-11-20,Kidneybeans,4065.88,India_Average,National
2023-11-21,Kidneybeans,4087.06,India_Average,National
2023-11-22,Kidneybeans,3881.06,India_Average,National
2023-11-23,Kidneybeans,3702.17,India_Average,National
2023-11-24,Kidneybeans,4097.82,India_Average,National
2023-11-25,Kidneybeans,4233.25,India_Average,National
2023-11-26,Kidneybeans,4004.27,India_Average,National
2023-11-27,Kidneybeans,4340.88,India_Average,National
2023-11-28,Kidneybeans,3907.46,India_Average,National
2023-11-29,Kidneybeans,3836.42,India_Average,National
2023-11-30,Kidneybeans,4036.39,India_Average,National
2023-12-01,Kidneybeans,4481.42,India_Average,National
2023-12-02,Kidneybeans,4673.24,India_Average,National
2023-12-03,Kidneybeans,4325.63,India_Average,National
2023-12-04,Kidneybeans,4807.82,India_Average,National
2023-12-05,Kidneybeans,4942.56,India_Average,National
2023-12-06,Kidneybeans,4491.19,India_Average,National
2023-12-07,Kidneybeans,4781.18,India_Average,National
2023-12-08,Kidneybeans,4262.29,India_Average,National
2023-12-09,Kidneybeans,4741.92,India_Average,National
2023-12-10,Kidneybeans,4735.64,India_Average,National
2023-12-11,Kidneybeans,4694.27,India_Average,National
2023-12-12,Kidneybeans,4496.5,India_Average,National
2023-12-13,Kidneybeans,3835.29,India_Average,National
2023-12-14,Kidneybeans,4355.61,India_Average,National
2023-12-15,Kidneybeans,4359.17,India_Average,National
2023-12-16,Kidneybeans,4279.89,India_Average,National
2023-12-17,Kidneybeans,4527.5,India_Average,National
2023-12-18,Kidneybeans,4405.73,India_Average,National
2023-12-19,Kidneybeans,4314.46,India_Average,National
2023-12-20,Kidneybeans,4261.77,India_Average,National
2023-12-21,Kidneybeans,4339.01,India_Average,National
2023-12-22,Kidneybeans,4752.34,India_Average,National
2023-12-23,Kidneybeans,4351.27,India_Average,National
2023-12-24,Kidneybeans,4384.14,India_Average,National
2023-12-25,Kidneybeans,4397.24,India_Average,National
2023-12-26,Kidneybeans,4576.27,India_Average,National
2023-12-27,Kidneybeans,4602.66,India_Average,National
2023-12-28,Kidneybeans,3814.95,India_Average,National
2023-12-29,Kidneybeans,4729.87,India_Average,National
2023-12-30,Kidneybeans,4823.18,India_Average,National
2023-12-31,Kidneybeans,4263.71,India_Average,National
2024-01-01,Kidneybeans,4709.36,India_Average,National
2022-01-01,Lentil,5913.8,India_Average,National
2022-01-02,Lentil,5821.31,India_Average,National
2022-01-03,Lentil,6117.74,India_Average,National
2022-01-04,Lentil,5461.18,India_Average,National
2022-01-05,Lentil,5711.83,India_Average,National
2022-01-06,Lentil,6515.61,India_Average,National
2022-01-07,Lentil,5769.21,India_Average,National
2022-01-08,Lentil,6426.14,India_Average,National
2022-01-09,Lentil,6157.49,India_Average,National
2022-01-10,Lentil,5502.7,India_Average,National
2022-01-11,Lentil,6242.19,India_Average,National
2022-01-12,Lentil,6014.41,India_Average,National
2022-01-13,Lentil,5912.22,India_Average,National
2022-01-14,Lentil,6124.1,India_Average,National
2022-01-15,Lentil,6193.58,India_Average,National
2022-01-16,Lentil,6264.05,India_Average,National
2022-01-17,Lentil,6406.42,India_Average,National
2022-01-18,Lentil,6173.46,India_Average,National
2022-01-19,Lentil,5633.87,India_Average,National
2022-01-20,Lentil,5906.72,India_Average,National
2022-01-21,Lentil,6940.27,India_Average,National
2022-01-22,Lentil,6269.16,India_Average,National
2022-01-23,Lentil,6766.71,India_Average,National
2022-01-24,Lentil,6472.12,India_Average,National
2022-01-25,Lentil,6123.15,India_Average,National
2022-01-26,Lentil,6141.18,India_Average,National
2022-01-27,Lentil,6038.93,India_Average,National
2022-01-28,Lentil,5524.31,India_Average,National
2022-01-29,Lentil,6055.46,India_Average,National
2022-01-30,Lentil,6416.23,India_Average,National
2022-01-31,Lentil,5868.61,India_Average,National
2022-02-01,Lentil,6585.54,India_Average,National
2022-02-02,Lentil,6727.38,India_Average,National
2022-02-03,Lentil,6159.14,India_Average,National
2022-02-04,Lentil,6307.02,India_Average,National
2022-02-05,Lentil,6124.22,India_Average,National
2022-02-06,Lentil,6187.37,India_Average,National
2022-02-07,Lentil,6037.21,India_Average,National
2022-02-08,Lentil,6162.11,India_Average,National
2022-02-09,Lentil,6910.59,India_Average,National
2022-02-10,Lentil,6157.27,India_Average,National
2022-02-11,Lentil,6493.43,India_Average,National
2022-02-12,Lentil,6290.39,India_Average,National
2022-02-13,Lentil,6832.97,India_Average,National
2022-02-14,Lentil,6875.65,India_Average,National
2022-02-15,Lentil,6731.4,India_Average,National
2022-02-16,Lentil,6551.4,India_Average,National
2022-02-17,Lentil,6378.08,India_Average,National
2022-02-18,Lentil,6068.09,India_Average,National
2022-02-19,Lentil,7079.67,India_Average,National
2022-02-20,Lentil,6207.53,India_Average,National
2022-02-21,Lentil,6666.74,India_Average,National
2022-02-22,Lentil,6794.48,India_Average,National
2022-02-23,Lentil,6273.48,India_Average,National
2022-02-24,Lentil,6787.52,India_Average,National
2022-02-25,Lentil,6699.19,India_Average,National
2022-02-26,Lentil,7010.12,India_Average,National
2022-02-27,Lentil,6301.2,India_Average,National
2022-02-28,Lentil,6037.77,India_Average,National
2022-03-01,Lentil,6433.19,India_Average,National
2022-03-02,Lentil,6668.92,India_Average,National
2022-03-03,Lentil,6619.21,India_Average,National
2022-03-04,Lentil,6470.17,India_Average,National
2022-03-05,Lentil,5969.96,India_Average,National
2022-03-06,Lentil,6755.26,India_Average,National
2022-03-07,Lentil,7250.87,India_Average,National
2022-03-08,Lentil,6753.2,India_Average,National
2022-03-09,Lentil,6801.01,India_Average,National
2022-03-10,Lentil,6788.91,India_Average,National
2022-03-11,Lentil,6731.03,India_Average,National
2022-03-12,Lentil,6907.45,India_Average,National
2022-03-13,Lentil,6730.47,India_Average,National
2022-03-14,Lentil,6496.82,India_Average,National
2022-03-15,Lentil,6337.32,India_Average,National
2022-03-16,Lentil,6517.84,India_Average,National
2022-03-17,Lentil,6703.66,India_Average,National
2022-03-18,Lentil,6495.69,India_Average,National
2022-03-19,Lentil,6703.73,India_Average,National
2022-03-20,Lentil,6744.92,India_Average,National
2022-03-21,Lentil,6874.95,India_Average,National
2022-03-22,Lentil,7023.32,India_Average,National
2022-03-23,Lentil,6625.74,India_Average,National
2022-03-24,Lentil,6168.43,India_Average,National
2022-03-25,Lentil,6486.12,India_Average,National
2022-03-26,Lentil,6614.54,India_Average,National
2022-03-27,Lentil,5994.2,India_Average,National
2022-03-28,Lentil,7058.26,India_Average,National
2022-03-29,Lentil,6646.98,India_Average,National
2022-03-30,Lentil,6725.85,India_Average,National
2022-03-31,Lentil,7050.62,India_Average,National
2022-04-01,Lentil,6249.32,India_Average,National
2022-04-02,Lentil,6637.83,India_Average,National
2022-04-03,Lentil,6417.18,India_Average,National
2022-04-04,Lentil,6393.24,India_Average,National
2022-04-05,Lentil,6203.49,India_Average,National
2022-04-06,Lentil,6990.0,India_Average,National
2022-04-07,Lentil,6331.48,India_Average,National
2022-04-08,Lentil,6678.3,India_Average,National
2022-04-09,Lentil,5847.69,India_Average,National
2022-04-10,Lentil,6833.33,India_Average,National
2022-04-11,Lentil,6792.1,India_Average,National
2022-04-12,Lentil,6484.06,India_Average,National
2022-04-13,Lentil,6379.41,India_Average,National
2022-04-14,Lentil,6581.68,India_Average,National
2022-04-15,Lentil,7191.06,India_Average,National
2022-04-16,Lentil,5883.75,India_Average,National
2022-04-17,Lentil,6704.93,India_Average,National
2022-04-18,Lentil,6158.51,India_Average,National
2022-04-19,Lentil,6446.2,India_Average,National
2022-04-20,Lentil,6372.65,India_Average,National
2022-04-21,Lentil,6314.44,India_Average,National
2022-04-22,Lentil,6449.25,India_Average,National
2022-04-23,Lentil,6086.71,India_Average,National
2022-04-24,Lentil,6784.67,India_Average,National
2022-04-25,Lentil,5873.78,India_Average,National
2022-04-26,Lentil,6626.77,India_Average,National
2022-04-27,Lentil,6347.28,India_Average,National
2022-04-28,Lentil,6074.85,India_Average,National
2022-04-29,Lentil,6517.92,India_Average,National
2022-04-30,Lentil,5950.31,India_Average,National
2022-05-01,Lentil,6062.01,India_Average,National
2022-05-02,Lentil,5619.58,India_Average,National
2022-05-03,Lentil,6189.53,India_Average,National
2022-05-04,Lentil,5770.38,India_Average,National
2022-05-05,Lentil,5913.57,India_Average,National
2022-05-06,Lentil,6138.92,India_Average,National
2022-05-07,Lentil,5816.31,India_Average,National
2022-05-08,Lentil,6032.47,India_Average,National
2022-05-09,Lentil,5592.07,India_Average,National
2022-05-10,Lentil,6240.84,India_Average,National
2022-05-11,Lentil,6583.89,India_Average,National
2022-05-12,Lentil,6894.64,India_Average,National
2022-05-13,Lentil,6077.58,India_Average,National
2022-05-14,Lentil,6288.43,India_Average,National
2022-05-15,Lentil,5511.36,India_Average,National
2022-05-16,Lentil,6504.58,India_Average,National
2022-05-17,Lentil,6284.81,India_Average,National
2022-05-18,Lentil,5903.61,India_Average,National
2022-05-19,Lentil,6424.25,India_Average,National
2022-05-20,Lentil,5973.02,India_Average,National
2022-05-21,Lentil,5911.45,India_Average,National
2022-05-22,Lentil,6193.79,India_Average,National
2022-05-23,Lentil,5728.34,India_Average,National
2022-05-24,Lentil,6359.04,India_Average,National
2022-05-25,Lentil,5730.56,India_Average,National
2022-05-26,Lentil,5732.36,India_Average,National
2022-05-27,Lentil,5774.82,India_Average,National
2022-05-28,Lentil,6279.75,India_Average,National
2022-05-29,Lentil,5863.43,India_Average,National
2022-05-30,Lentil,5642.23,India_Average,National
2022-05-31,Lentil,5866.78,India_Average,National
2022-06-01,Lentil,5491.19,India_Average,National
2022-06-02,Lentil,5175.23,India_Average,National
2022-06-03,Lentil,5183.29,India_Average,National
2022-06-04,Lentil,6080.61,India_Average,National
2022-06-05,Lentil,5263.34,India_Average,National
2022-06-06,Lentil,5411.16,India_Average,National
2022-06-07,Lentil,5399.01,India_Average,National
2022-06-08,Lentil,5384.13,India_Average,National
2022-06-09,Lentil,5670.87,India_Average,National
2022-06-10,Lentil,5760.74,India_Average,National
2022-06-11,Lentil,5415.86,India_Average,National
2022-06-12,Lentil,5159.97,India_Average,National
2022-06-13,Lentil,5850.47,India_Average,National
2022-06-14,Lentil,5473.78,India_Average,National
2022-06-15,Lentil,5975.84,India_Average,National
2022-06-16,Lentil,4882.46,India_Average,National
2022-06-17,Lentil,5553.74,India_Average,National
2022-06-18,Lentil,6027.62,India_Average,National
2022-06-19,Lentil,5402.85,India_Average,National
2022-06-20,Lentil,5437.99,India_Average,National
2022-06-21,Lentil,5581.27,India_Average,National
2022-06-22,Lentil,5346.33,India_Average,National
2022-06-23,Lentil,5414.18,India_Average,National
2022-06-24,Lentil,5407.1,India_Average,National
2022-06-25,Lentil,5327.46,India_Average,National
2022-06-26,Lentil,5837.94,India_Average,National
2022-06-27,Lentil,5626.8,India_Average,National
2022-06-28,Lentil,5568.92,India_Average,National
2022-06-29,Lentil,5722.36,India_Average,National
2022-06-30,Lentil,5427.3,India_Average,National
2022-07-01,Lentil,4758.38,India_Average,National
2022-07-02,Lentil,4800.85,India_Average,National
2022-07-03,Lentil,4950.44,India_Average,National
2022-07-04,Lentil,4687.85,India_Average,National
2022-07-05,Lentil,4826.19,India_Average,National
2022-07-06,Lentil,4822.26,India_Average,National
2022-07-07,Lentil,5475.83,India_Average,National
2022-07-08,Lentil,4263.48,India_Average,National
2022-07-09,Lentil,4905.54,India_Average,National
2022-07-10,Lentil,5377.11,India_Average,National
2022-07-11,Lentil,4980.16,India_Average,National
2022-07-12,Lentil,5136.47,India_Average,National
2022-07-13,Lentil,4974.71,India_Average,National
2022-07-14,Lentil,4784.83,India_Average,National
2022-07-15,Lentil,4395.13,India_Average,National
2022-07-16,Lentil,5000.85,India_Average,National
2022-07-17,Lentil,4758.04,India_Average,National
2022-07-18,Lentil,4751.92,India_Average,National
2022-07-19,Lentil,4826.5,India_Average,National
2022-07-20,Lentil,5381.85,India_Average,National
2022-07-21,Lentil,5545.2,India_Average,National
2022-07-22,Lentil,5003.76,India_Average,National
2022-07-23,Lentil,4834.97,India_Average,National
2022-07-24,Lentil,4658.64,India_Average,National
2022-07-25,Lentil,5065.96,India_Average,National
2022-07-26,Lentil,5391.27,India_Average,National
2022-07-27,Lentil,4888.78,India_Average,National
2022-07-28,Lentil,4361.2,India_Average,National
2022-07-29,Lentil,5115.84,India_Average,National
2022-07-30,Lentil,5193.89,India_Average,National
2022-07-31,Lentil,4557.5,India_Average,National
2022-08-01,Lentil,4587.5,India_Average,National
2022-08-02,Lentil,4649.97,India_Average,National
2022-08-03,Lentil,4530.75,India_Average,National
2022-08-04,Lentil,4367.58,India_Average,National
2022-08-05,Lentil,4778.36,India_Average,National
2022-08-06,Lentil,4455.66,India_Average,National
2022-08-07,Lentil,4209.69,India_Average,National
2022-08-08,Lentil,4081.39,India_Average,National
2022-08-09,Lentil,4834.05,India_Average,National
2022-08-10,Lentil,4687.58,India_Average,National
2022-08-11,Lentil,4567.37,India_Average,National
2022-08-12,Lentil,4447.27,India_Average,National
2022-08-13,Lentil,4427.09,India_Average,National
2022-08-14,Lentil,4302.78,India_Average,National
2022-08-15,Lentil,4449.27,India_Average,National
2022-08-16,Lentil,4065.33,India_Average,National
2022-08-17,Lentil,4380.01,India_Average,National
2022-08-18,Lentil,4476.67,India_Average,National
2022-08-19,Lentil,4686.04,India_Average,National
2022-08-20,Lentil,4538.29,India_Average,National
2022-08-21,Lentil,4728.11,India_Average,National
2022-08-22,Lentil,4854.12,India_Average,National
2022-08-23,Lentil,4787.97,India_Average,National
2022-08-24,Lentil,4654.35,India_Average,National
2022-08-25,Lentil,4550.07,India_Average,National
2022-08-26,Lentil,4324.37,India_Average,National
2022-08-27,Lentil,4715.61,India_Average,National
2022-08-28,Lentil,4929.29,India_Average,National
2022-08-29,Lentil,4625.16,India_Average,National
2022-08-30,Lentil,4983.3,India_Average,National
2022-08-31,Lentil,4200.5,India_Average,National
2022-09-01,Lentil,4146.08,India_Average,National
2022-09-02,Lentil,4588.14,India_Average,National
2022-09-03,Lentil,4458.14,India_Average,National
2022-09-04,Lentil,4689.03,India_Average,National
2022-09-05,Lentil,4396.6,India_Average,National
2022-09-06,Lentil,4209.05,India_Average,National
2022-09-07,Lentil,4353.01,India_Average,National
2022-09-08,Lentil,4062.81,India_Average,National
2022-09-09,Lentil,4151.71,India_Average,National
2022-09-10,Lentil,4613.94,India_Average,National
2022-09-11,Lentil,4592.01,India_Average,National
2022-09-12,Lentil,4479.86,India_Average,National
2022-09-13,Lentil,4021.36,India_Average,National
2022-09-14,Lentil,4321.15,India_Average,National
2022-09-15,Lentil,4130.5,India_Average,National
2022-09-16,Lentil,4658.84,India_Average,National
2022-09-17,Lentil,4271.58,India_Average,National
2022-09-18,Lentil,4161.14,India_Average,National
2022-09-19,Lentil,4406.56,India_Average,National
2022-09-20,Lentil,4259.17,India_Average,National
2022-09-21,Lentil,4726.42,India_Average,National
2022-09-22,Lentil,4238.34,India_Average,National
2022-09-23,Lentil,4092.17,India_Average,National
2022-09-24,Lentil,3926.36,India_Average,National
2022-09-25,Lentil,4393.23,India_Average,National
2022-09-26,Lentil,4276.38,India_Average,National
2022-09-27,Lentil,4085.64,India_Average,National
2022-09-28,Lentil,4661.63,India_Average,National
2022-09-29,Lentil,4546.79,India_Average,National
2022-09-30,Lentil,4393.79,India_Average,National
2022-10-01,Lentil,4857.58,India_Average,National
2022-10-02,Lentil,4698.01,India_Average,National
2022-10-03,Lentil,4360.28,India_Average,National
2022-10-04,Lentil,4311.09,India_Average,National
2022-10-05,Lentil,4733.36,India_Average,National
2022-10-06,Lentil,4637.49,India_Average,National
2022-10-07,Lentil,4585.97,India_Average,National
2022-10-08,Lentil,4354.91,India_Average,National
2022-10-09,Lentil,4685.6,India_Average,National
2022-10-10,Lentil,4375.6,India_Average,National
2022-10-11,Lentil,4524.18,India_Average,National
2022-10-12,Lentil,4876.36,India_Average,National
2022-10-13,Lentil,4397.12,India_Average,National
2022-10-14,Lentil,4189.72,India_Average,National
2022-10-15,Lentil,4308.06,India_Average,National
2022-10-16,Lentil,4773.44,India_Average,National
2022-10-17,Lentil,4605.29,India_Average,National
2022-10-18,Lentil,4518.07,India_Average,National
2022-10-19,Lentil,4431.62,India_Average,National
2022-10-20,Lentil,4657.73,India_Average,National
2022-10-21,Lentil,4354.31,India_Average,National
2022-10-22,Lentil,4616.87,India_Average,National
2022-10-23,Lentil,4381.11,India_Average,National
2022-10-24,Lentil,4343.27,India_Average,National
2022-10-25,Lentil,4402.43,India_Average,National
2022-10-26,Lentil,4462.02,India_Average,National
2022-10-27,Lentil,4536.27,India_Average,National
2022-10-28,Lentil,4600.91,India_Average,National
2022-10-29,Lentil,3708.75,India_Average,National
2022-10-30,Lentil,4363.74,India_Average,National
2022-10-31,Lentil,4458.34,India_Average,National
2022-11-01,Lentil,5322.5,India_Average,National
2022-11-02,Lentil,4682.7,India_Average,National
2022-11-03,Lentil,4990.29,India_Average,National
2022-11-04,Lentil,5320.02,India_Average,National
2022-11-05,Lentil,4625.04,India_Average,National
2022-11-06,Lentil,5047.51,India_Average,National
2022-11-07,Lentil,4751.44,India_Average,National
2022-11-08,Lentil,4825.1,India_Average,National
2022-11-09,Lentil,4751.23,India_Average,National
2022-11-10,Lentil,4768.87,India_Average,National
2022-11-11,Lentil,5623.67,India_Average,National
2022-11-12,Lentil,5159.0,India_Average,National
2022-11-13,Lentil,5222.68,India_Average,National
2022-11-14,Lentil,5071.77,India_Average,National
2022-11-15,Lentil,4552.45,India_Average,National
2022-11-16,Lentil,5047.75,India_Average,National
2022-11-17,Lentil,5215.55,India_Average,National
2022-11-18,Lentil,4738.78,India_Average,National
2022-11-19,Lentil,5188.92,India_Average,National
2022-11-20,Lentil,5124.32,India_Average,National
2022-11-21,Lentil,5408.38,India_Average,National
2022-11-22,Lentil,4846.6,India_Average,National
2022-11-23,Lentil,4678.34,India_Average,National
2022-11-24,Lentil,4860.5,India_Average,National
2022-11-25,Lentil,5305.3,India_Average,National
2022-11-26,Lentil,4497.47,India_Average,National
2022-11-27,Lentil,4438.08,India_Average,National
2022-11-28,Lentil,4972.13,India_Average,National
2022-11-29,Lentil,4840.46,India_Average,National
2022-11-30,Lentil,4951.91,India_Average,National
2022-12-01,Lentil,5759.96,India_Average,National
2022-12-02,Lentil,5348.04,India_Average,National
2022-12-03,Lentil,4984.92,India_Average,National
2022-12-04,Lentil,6062.23,India_Average,National
2022-12-05,Lentil,5225.76,India_Average,National
2022-12-06,Lentil,5208.76,India_Average,National
2022-12-07,Lentil,5803.52,India_Average,National
2022-12-08,Lentil,5394.27,India_Average,National
2022-12-09,Lentil,5482.57,India_Average,National
2022-12-10,Lentil,5632.77,India_Average,National
2022-12-11,Lentil,5797.99,India_Average,National
2022-12-12,Lentil,5408.3,India_Average,National
2022-12-13,Lentil,5917.99,India_Average,National
2022-12-14,Lentil,4912.66,India_Average,National
2022-12-15,Lentil,5708.94,India_Average,National
2022-12-16,Lentil,5269.13,India_Average,National
2022-12-17,Lentil,5877.37,India_Average,National
2022-12-18,Lentil,5539.06,India_Average,National
2022-12-19,Lentil,5314.95,India_Average,National
2022-12-20,Lentil,5682.28,India_Average,National
2022-12-21,Lentil,5745.63,India_Average,National
2022-12-22,Lentil,5676.52,India_Average,National
2022-12-23,Lentil,5216.83,India_Average,National
2022-12-24,Lentil,5366.9,India_Average,National
2022-12-25,Lentil,5498.88,India_Average,National
2022-12-26,Lentil,5488.65,India_Average,National
2022-12-27,Lentil,5706.18,India_Average,National
2022-12-28,Lentil,4945.9,India_Average,National
2022-12-29,Lentil,5591.94,India_Average,National
2022-12-30,Lentil,5420.26,India_Average,National
2022-12-31,Lentil,5269.41,India_Average,National
2023-01-01,Lentil,5825.4,India_Average,National
2023-01-02,Lentil,5985.1,India_Average,National
2023-01-03,Lentil,4960.67,India_Average,National
2023-01-04,Lentil,5837.86,India_Average,National
2023-01-05,Lentil,5785.07,India_Average,National
2023-01-06,Lentil,6211.17,India_Average,National
2023-01-07,Lentil,5806.33,India_Average,National
2023-01-08,Lentil,5984.93,India_Average,National
2023-01-09,Lentil,6516.54,India_Average,National
2023-01-10,Lentil,6350.79,India_Average,National
2023-01-11,Lentil,6322.94,India_Average,National
2023-01-12,Lentil,5898.79,India_Average,National
2023-01-13,Lentil,6214.27,India_Average,National
2023-01-14,Lentil,5979.25,India_Average,National
2023-01-15,Lentil,5990.68,India_Average,National
2023-01-16,Lentil,6173.93,India_Average,National
2023-01-17,Lentil,5869.41,India_Average,National
2023-01-18,Lentil,6501.63,India_Average,National
2023-01-19,Lentil,6001.56,India_Average,National
2023-01-20,Lentil,6237.05,India_Average,National
2023-01-21,Lentil,6490.32,India_Average,National
2023-01-22,Lentil,6362.08,India_Average,National
2023-01-23,Lentil,5623.8,India_Average,National
2023-01-24,Lentil,6184.58,India_Average,National
2023-01-25,Lentil,6307.34,India_Average,National
2023-01-26,Lentil,6319.79,India_Average,National
2023-01-27,Lentil,5713.23,India_Average,National
2023-01-28,Lentil,5851.25,India_Average,National
2023-01-29,Lentil,6350.85,India_Average,National
2023-01-30,Lentil,5819.57,India_Average,National
2023-01-31,Lentil,5959.34,India_Average,National
2023-02-01,Lentil,6961.05,India_Average,National
2023-02-02,Lentil,6437.21,India_Average,National
2023-02-03,Lentil,6218.15,India_Average,National
2023-02-04,Lentil,6169.48,India_Average,National
2023-02-05,Lentil,6559.97,India_Average,National
2023-02-06,Lentil,6022.51,India_Average,National
2023-02-07,Lentil,6372.83,India_Average,National
2023-02-08,Lentil,6560.14,India_Average,National
2023-02-09,Lentil,6871.77,India_Average,National
2023-02-10,Lentil,6668.0,India_Average,National
2023-02-11,Lentil,6222.25,India_Average,National
2023-02-12,Lentil,6832.82,India_Average,National
2023-02-13,Lentil,6355.99,India_Average,National
2023-02-14,Lentil,6053.95,India_Average,National
2023-02-15,Lentil,6397.12,India_Average,National
2023-02-16,Lentil,6916.63,India_Average,National
2023-02-17,Lentil,6505.94,India_Average,National
2023-02-18,Lentil,6456.67,India_Average,National
2023-02-19,Lentil,6980.84,India_Average,National
2023-02-20,Lentil,5990.83,India_Average,National
2023-02-21,Lentil,6037.85,India_Average,National
2023-02-22,Lentil,5931.31,India_Average,National
2023-02-23,Lentil,6572.86,India_Average,National
2023-02-24,Lentil,6506.34,India_Average,National
2023-02-25,Lentil,6950.36,India_Average,National
2023-02-26,Lentil,6531.18,India_Average,National
2023-02-27,Lentil,6322.23,India_Average,National
2023-02-28,Lentil,6453.21,India_Average,National
2023-03-01,Lentil,6638.84,India_Average,National
2023-03-02,Lentil,6048.32,India_Average,National
2023-03-03,Lentil,7494.41,India_Average,National
2023-03-04,Lentil,6771.56,India_Average,National
2023-03-05,Lentil,6669.3,India_Average,National
2023-03-06,Lentil,6803.0,India_Average,National
2023-03-07,Lentil,6834.11,India_Average,National
2023-03-08,Lentil,6553.62,India_Average,National
2023-03-09,Lentil,6391.69,India_Average,National
2023-03-10,Lentil,6797.82,India_Average,National
2023-03-11,Lentil,6727.28,India_Average,National
2023-03-12,Lentil,6332.74,India_Average,National
2023-03-13,Lentil,7068.28,India_Average,National
2023-03-14,Lentil,6696.81,India_Average,National
2023-03-15,Lentil,6840.84,India_Average,National
2023-03-16,Lentil,7059.33,India_Average,National
2023-03-17,Lentil,6607.22,India_Average,National
2023-03-18,Lentil,6704.59,India_Average,National
2023-03-19,Lentil,6867.31,India_Average,National
2023-03-20,Lentil,6360.8,India_Average,National
2023-03-21,Lentil,6617.84,India_Average,National
2023-03-22,Lentil,6641.43,India_Average,National
2023-03-23,Lentil,6284.5,India_Average,National
2023-03-24,Lentil,7364.82,India_Average,National
2023-03-25,Lentil,6135.59,India_Average,National
2023-03-26,Lentil,6171.63,India_Average,National
2023-03-27,Lentil,7033.69,India_Average,National
2023-03-28,Lentil,6835.38,India_Average,National
2023-03-29,Lentil,6261.43,India_Average,National
2023-03-30,Lentil,6800.41,India_Average,National
2023-03-31,Lentil,7084.39,India_Average,National
2023-04-01,Lentil,6442.86,India_Average,National
2023-04-02,Lentil,7291.09,India_Average,National
2023-04-03,Lentil,5896.39,India_Average,National
2023-04-04,Lentil,6676.48,India_Average,National
2023-04-05,Lentil,6828.99,India_Average,National
2023-04-06,Lentil,6740.2,India_Average,National
2023-04-07,Lentil,6386.7,India_Average,National
2023-04-08,Lentil,6358.92,India_Average,National
2023-04-09,Lentil,6595.92,India_Average,National
2023-04-10,Lentil,6715.82,India_Average,National
2023-04-11,Lentil,6647.0,India_Average,National
2023-04-12,Lentil,6788.18,India_Average,National
2023-04-13,Lentil,6123.91,India_Average,National
2023-04-14,Lentil,6379.14,India_Average,National
2023-04-15,Lentil,6149.35,India_Average,National
2023-04-16,Lentil,6328.06,India_Average,National
2023-04-17,Lentil,6780.17,India_Average,National
2023-04-18,Lentil,6487.47,India_Average,National
2023-04-19,Lentil,7293.68,India_Average,National
2023-04-20,Lentil,6515.03,India_Average,National
2023-04-21,Lentil,6471.89,India_Average,National
2023-04-22,Lentil,6486.89,India_Average,National
2023-04-23,Lentil,6246.85,India_Average,National
2023-04-24,Lentil,6433.97,India_Average,National
2023-04-25,Lentil,6816.49,India_Average,National
2023-04-26,Lentil,6489.4,India_Average,National
2023-04-27,Lentil,6196.63,India_Average,National
2023-04-28,Lentil,6154.17,India_Average,National
2023-04-29,Lentil,6307.38,India_Average,National
2023-04-30,Lentil,6476.46,India_Average,National
2023-05-01,Lentil,6411.06,India_Average,National
2023-05-02,Lentil,5644.5,India_Average,National
2023-05-03,Lentil,5953.25,India_Average,National
2023-05-04,Lentil,6093.65,India_Average,National
2023-05-05,Lentil,5495.3,India_Average,National
2023-05-06,Lentil,5797.84,India_Average,National
2023-05-07,Lentil,5844.33,India_Average,National
2023-05-08,Lentil,5809.22,India_Average,National
2023-05-09,Lentil,6108.05,India_Average,National
2023-05-10,Lentil,6001.43,India_Average,National
2023-05-11,Lentil,5882.03,India_Average,National
2023-05-12,Lentil,6179.46,India_Average,National
2023-05-13,Lentil,6571.23,India_Average,National
2023-05-14,Lentil,6545.88,India_Average,National
2023-05-15,Lentil,5468.36,India_Average,National
2023-05-16,Lentil,6224.56,India_Average,National
2023-05-17,Lentil,5996.15,India_Average,National
2023-05-18,Lentil,6096.93,India_Average,National
2023-05-19,Lentil,5929.52,India_Average,National
2023-05-20,Lentil,6085.57,India_Average,National
2023-05-21,Lentil,6095.8,India_Average,National
2023-05-22,Lentil,5874.87,India_Average,National
2023-05-23,Lentil,5778.85,India_Average,National
2023-05-24,Lentil,5914.27,India_Average,National
2023-05-25,Lentil,6120.86,India_Average,National
2023-05-26,Lentil,6231.2,India_Average,National
2023-05-27,Lentil,6308.14,India_Average,National
2023-05-28,Lentil,5900.51,India_Average,National
2023-05-29,Lentil,6135.86,India_Average,National
2023-05-30,Lentil,6341.16,India_Average,National
2023-05-31,Lentil,6402.59,India_Average,National
2023-06-01,Lentil,5483.82,India_Average,National
2023-06-02,Lentil,5439.24,India_Average,National
2023-06-03,Lentil,5552.56,India_Average,National
2023-06-04,Lentil,5183.83,India_Average,National
2023-06-05,Lentil,5446.76,India_Average,National
2023-06-06,Lentil,5704.76,India_Average,National
2023-06-07,Lentil,5676.54,India_Average,National
2023-06-08,Lentil,5425.68,India_Average,National
2023-06-09,Lentil,5559.87,India_Average,National
2023-06-10,Lentil,5273.22,India_Average,National
2023-06-11,Lentil,5693.46,India_Average,National
2023-06-12,Lentil,5478.6,India_Average,National
2023-06-13,Lentil,5424.11,India_Average,National
2023-06-14,Lentil,5400.53,India_Average,National
2023-06-15,Lentil,5482.7,India_Average,National
2023-06-16,Lentil,5376.83,India_Average,National
2023-06-17,Lentil,5680.99,India_Average,National
2023-06-18,Lentil,5391.3,India_Average,National
2023-06-19,Lentil,5938.07,India_Average,National
2023-06-20,Lentil,5902.93,India_Average,National
2023-06-21,Lentil,5254.83,India_Average,National
2023-06-22,Lentil,5519.17,India_Average,National
2023-06-23,Lentil,5321.07,India_Average,National
2023-06-24,Lentil,5410.17,India_Average,National
2023-06-25,Lentil,6050.67,India_Average,National
2023-06-26,Lentil,5415.42,India_Average,National
2023-06-27,Lentil,5599.06,India_Average,National
2023-06-28,Lentil,5648.86,India_Average,National
2023-06-29,Lentil,5224.83,India_Average,National
2023-06-30,Lentil,5264.85,India_Average,National
2023-07-01,Lentil,4651.51,India_Average,National
2023-07-02,Lentil,4730.72,India_Average,National
2023-07-03,Lentil,4244.62,India_Average,National
2023-07-04,Lentil,5084.78,India_Average,National
2023-07-05,Lentil,5458.41,India_Average,National
2023-07-06,Lentil,4986.59,India_Average,National
2023-07-07,Lentil,4599.47,India_Average,National
2023-07-08,Lentil,4790.91,India_Average,National
2023-07-09,Lentil,4836.43,India_Average,National
2023-07-10,Lentil,4698.15,India_Average,National
2023-07-11,Lentil,5162.9,India_Average,National
2023-07-12,Lentil,5150.54,India_Average,National
2023-07-13,Lentil,4664.03,India_Average,National
2023-07-14,Lentil,5129.46,India_Average,National
2023-07-15,Lentil,5327.89,India_Average,National
2023-07-16,Lentil,5420.88,India_Average,National
2023-07-17,Lentil,5659.14,India_Average,National
2023-07-18,Lentil,4726.76,India_Average,National
2023-07-19,Lentil,5648.99,India_Average,National
2023-07-20,Lentil,4862.33,India_Average,National
2023-07-21,Lentil,4803.36,India_Average,National
2023-07-22,Lentil,5030.95,India_Average,National
2023-07-23,Lentil,4805.94,India_Average,National
2023-07-24,Lentil,5048.76,India_Average,National
2023-07-25,Lentil,4623.28,India_Average,National
2023-07-26,Lentil,4890.91,India_Average,National
2023-07-27,Lentil,5268.18,India_Average,National
2023-07-28,Lentil,4935.88,India_Average,National
2023-07-29,Lentil,4985.04,India_Average,National
2023-07-30,Lentil,5067.63,India_Average,National
2023-07-31,Lentil,5239.74,India_Average,National
2023-08-01,Lentil,4171.03,India_Average,National
2023-08-02,Lentil,4680.27,India_Average,National
2023-08-03,Lentil,4486.41,India_Average,National
2023-08-04,Lentil,4585.26,India_Average,National
2023-08-05,Lentil,4788.37,India_Average,National
2023-08-06,Lentil,4275.85,India_Average,National
2023-08-07,Lentil,4317.13,India_Average,National
2023-08-08,Lentil,4107.32,India_Average,National
2023-08-09,Lentil,4422.51,India_Average,National
2023-08-10,Lentil,4849.87,India_Average,National
2023-08-11,Lentil,4519.95,India_Average,National
2023-08-12,Lentil,4242.67,India_Average,National
2023-08-13,Lentil,4436.94,India_Average,National
2023-08-14,Lentil,4209.08,India_Average,National
2023-08-15,Lentil,4291.54,India_Average,National
2023-08-16,Lentil,4635.78,India_Average,National
2023-08-17,Lentil,4280.47,India_Average,National
2023-08-18,Lentil,4800.35,India_Average,National
2023-08-19,Lentil,4531.2,India_Average,National
2023-08-20,Lentil,4566.83,India_Average,National
2023-08-21,Lentil,4484.08,India_Average,National
2023-08-22,Lentil,4723.09,India_Average,National
2023-08-23,Lentil,4725.44,India_Average,National
2023-08-24,Lentil,4623.55,India_Average,National
2023-08-25,Lentil,4675.79,India_Average,National
2023-08-26,Lentil,4499.15,India_Average,National
2023-08-27,Lentil,4670.65,India_Average,National
2023-08-28,Lentil,4470.55,India_Average,National
2023-08-29,Lentil,4547.88,India_Average,National
2023-08-30,Lentil,4484.93,India_Average,National
2023-08-31,Lentil,4443.41,India_Average,National
2023-09-01,Lentil,4248.4,India_Average,National
2023-09-02,Lentil,4502.89,India_Average,National
2023-09-03,Lentil,4688.33,India_Average,National
2023-09-04,Lentil,4657.64,India_Average,National
2023-09-05,Lentil,4123.56,India_Average,National
2023-09-06,Lentil,4683.62,India_Average,National
2023-09-07,Lentil,4330.01,India_Average,National
2023-09-08,Lentil,4532.16,India_Average,National
2023-09-09,Lentil,4200.63,India_Average,National
2023-09-10,Lentil,4431.24,India_Average,National
2023-09-11,Lentil,4469.02,India_Average,National
2023-09-12,Lentil,4073.39,India_Average,National
2023-09-13,Lentil,4533.82,India_Average,National
2023-09-14,Lentil,4696.11,India_Average,National
2023-09-15,Lentil,4361.58,India_Average,National
2023-09-16,Lentil,4699.24,India_Average,National
2023-09-17,Lentil,4358.27,India_Average,National
2023-09-18,Lentil,4586.91,India_Average,National
2023-09-19,Lentil,3911.91,India_Average,National
2023-09-20,Lentil,4932.13,India_Average,National
2023-09-21,Lentil,4729.0,India_Average,National
2023-09-22,Lentil,4337.38,India_Average,National
2023-09-23,Lentil,3966.14,India_Average,National
2023-09-24,Lentil,4463.37,India_Average,National
2023-09-25,Lentil,4082.34,India_Average,National
2023-09-26,Lentil,4497.87,India_Average,National
2023-09-27,Lentil,4490.54,India_Average,National
2023-09-28,Lentil,4192.89,India_Average,National
2023-09-29,Lentil,4646.61,India_Average,National
2023-09-30,Lentil,4577.23,India_Average,National
2023-10-01,Lentil,4769.24,India_Average,National
2023-10-02,Lentil,4549.39,India_Average,National
2023-10-03,Lentil,4225.53,India_Average,National
2023-10-04,Lentil,4769.71,India_Average,National
2023-10-05,Lentil,4485.9,India_Average,National
2023-10-06,Lentil,4231.38,India_Average,National
2023-10-07,Lentil,4854.78,India_Average,National
2023-10-08,Lentil,5024.71,India_Average,National
2023-10-09,Lentil,4537.99,India_Average,National
2023-10-10,Lentil,5038.29,India_Average,National
2023-10-11,Lentil,4568.13,India_Average,National
2023-10-12,Lentil,4460.87,India_Average,National
2023-10-13,Lentil,4404.03,India_Average,National
2023-10-14,Lentil,4919.59,India_Average,National
2023-10-15,Lentil,4369.99,India_Average,National
2023-10-16,Lentil,4714.55,India_Average,National
2023-10-17,Lentil,4420.24,India_Average,National
2023-10-18,Lentil,4442.71,India_Average,National
2023-10-19,Lentil,4781.62,India_Average,National
2023-10-20,Lentil,4460.96,India_Average,National
2023-10-21,Lentil,4455.33,India_Average,National
2023-10-22,Lentil,4804.94,India_Average,National
2023-10-23,Lentil,4910.57,India_Average,National
2023-10-24,Lentil,4693.95,India_Average,National
2023-10-25,Lentil,4398.5,India_Average,National
2023-10-26,Lentil,4431.28,India_Average,National
2023-10-27,Lentil,4565.54,India_Average,National
2023-10-28,Lentil,4620.34,India_Average,National
2023-10-29,Lentil,4322.76,India_Average,National
2023-10-30,Lentil,4711.77,India_Average,National
2023-10-31,Lentil,4566.82,India_Average,National
2023-11-01,Lentil,4525.36,India_Average,National
2023-11-02,Lentil,4720.09,India_Average,National
2023-11-03,Lentil,4825.23,India_Average,National
2023-11-04,Lentil,4931.97,India_Average,National
2023-11-05,Lentil,5417.6,India_Average,National
2023-11-06,Lentil,5008.95,India_Average,National
2023-11-07,Lentil,4741.91,India_Average,National
2023-11-08,Lentil,5004.61,India_Average,National
2023-11-09,Lentil,4862.86,India_Average,National
2023-11-10,Lentil,5030.38,India_Average,National
2023-11-11,Lentil,5093.69,India_Average,National
2023-11-12,Lentil,5249.28,India_Average,National
2023-11-13,Lentil,4943.99,India_Average,National
2023-11-14,Lentil,5355.64,India_Average,National
2023-11-15,Lentil,5174.74,India_Average,National
2023-11-16,Lentil,4774.91,India_Average,National
2023-11-17,Lentil,5496.94,India_Average,National
2023-11-18,Lentil,5030.93,India_Average,National
2023-11-19,Lentil,4743.31,India_Average,National
2023-11-20,Lentil,5359.1,India_Average,National
2023-11-21,Lentil,5464.25,India_Average,National
2023-11-22,Lentil,4941.83,India_Average,National
2023-11-23,Lentil,4825.35,India_Average,National
2023-11-24,Lentil,4907.34,India_Average,National
2023-11-25,Lentil,5126.9,India_Average,National
2023-11-26,Lentil,5266.27,India_Average,National
2023-11-27,Lentil,5091.2,India_Average,National
2023-11-28,Lentil,4975.18,India_Average,National
2023-11-29,Lentil,5320.76,India_Average,National
2023-11-30,Lentil,4872.57,India_Average,National
2023-12-01,Lentil,5783.5,India_Average,National
2023-12-02,Lentil,5420.78,India_Average,National
2023-12-03,Lentil,5618.53,India_Average,National
2023-12-04,Lentil,5468.77,India_Average,National
2023-12-05,Lentil,5484.64,India_Average,National
2023-12-06,Lentil,5396.22,India_Average,National
2023-12-07,Lentil,5869.83,India_Average,National
2023-12-08,Lentil,5298.45,India_Average,National
2023-12-09,Lentil,5296.44,India_Average,National
2023-12-10,Lentil,6083.27,India_Average,National
2023-12-11,Lentil,5768.91,India_Average,National
2023-12-12,Lentil,4844.09,India_Average,National
2023-12-13,Lentil,5344.55,India_Average,National
2023-12-14,Lentil,5001.7,India_Average,National
2023-12-15,Lentil,5238.56,India_Average,National
2023-12-16,Lentil,4636.91,India_Average,National
2023-12-17,Lentil,5462.33,India_Average,National
2023-12-18,Lentil,5185.97,India_Average,National
2023-12-19,Lentil,5516.47,India_Average,National
2023-12-20,Lentil,5053.09,India_Average,National
2023-12-21,Lentil,5522.8,India_Average,National
2023-12-22,Lentil,5385.9,India_Average,National
2023-12-23,Lentil,5913.04,India_Average,National
2023-12-24,Lentil,5888.12,India_Average,National
2023-12-25,Lentil,5715.97,India_Average,National
2023-12-26,Lentil,5410.18,India_Average,National
2023-12-27,Lentil,6045.98,India_Average,National
2023-12-28,Lentil,5072.92,India_Average,National
2023-12-29,Lentil,5114.02,India_Average,National
2023-12-30,Lentil,5476.96,India_Average,National
2023-12-31,Lentil,6119.86,India_Average,National
2024-01-01,Lentil,5988.79,India_Average,National
2022-01-01,Maize,1961.86,India_Average,National
2022-01-02,Maize,1837.25,India_Average,National
2022-01-03,Maize,2073.65,India_Average,National
2022-01-04,Maize,2074.36,India_Average,National
2022-01-05,Maize,2058.12,India_Average,National
2022-01-06,Maize,1917.71,India_Average,National
2022-01-07,Maize,1910.04,India_Average,National
2022-01-08,Maize,1851.98,India_Average,National
2022-01-09,Maize,1988.3,India_Average,National
2022-01-10,Maize,1873.04,India_Average,National
2022-01-11,Maize,1863.44,India_Average,National
2022-01-12,Maize,1938.05,India_Average,National
2022-01-13,Maize,1931.57,India_Average,National
2022-01-14,Maize,1926.74,India_Average,National
2022-01-15,Maize,2026.18,India_Average,National
2022-01-16,Maize,1987.83,India_Average,National
2022-01-17,Maize,1951.47,India_Average,National
2022-01-18,Maize,1998.12,India_Average,National
2022-01-19,Maize,1881.84,India_Average,National
2022-01-20,Maize,1990.42,India_Average,National
2022-01-21,Maize,1994.91,India_Average,National
2022-01-22,Maize,1831.2,India_Average,National
2022-01-23,Maize,2078.57,India_Average,National
2022-01-24,Maize,1892.74,India_Average,National
2022-01-25,Maize,1988.94,India_Average,National
2022-01-26,Maize,2095.28,India_Average,National
2022-01-27,Maize,2071.64,India_Average,National
2022-01-28,Maize,1983.4,India_Average,National
2022-01-29,Maize,1944.11,India_Average,National
2022-01-30,Maize,2073.8,India_Average,National
2022-01-31,Maize,2046.79,India_Average,National
2022-02-01,Maize,2046.48,India_Average,National
2022-02-02,Maize,2027.84,India_Average,National
2022-02-03,Maize,1892.95,India_Average,National
2022-02-04,Maize,2128.03,India_Average,National
2022-02-05,Maize,2103.04,India_Average,National
2022-02-06,Maize,2231.74,India_Average,National
2022-02-07,Maize,2149.68,India_Average,National
2022-02-08,Maize,2252.65,India_Average,National
2022-02-09,Maize,2038.14,India_Average,National
2022-02-10,Maize,2231.94,India_Average,National
2022-02-11,Maize,2055.92,India_Average,National
2022-02-12,Maize,2193.87,India_Average,National
2022-02-13,Maize,1957.74,India_Average,National
2022-02-14,Maize,2136.6,India_Average,National
2022-02-15,Maize,1902.21,India_Average,National
2022-02-16,Maize,2083.56,India_Average,National
2022-02-17,Maize,2158.27,India_Average,National
2022-02-18,Maize,2056.76,India_Average,National
2022-02-19,Maize,2000.86,India_Average,National
2022-02-20,Maize,2201.11,India_Average,National
2022-02-21,Maize,2100.84,India_Average,National
2022-02-22,Maize,2060.08,India_Average,National
2022-02-23,Maize,2116.19,India_Average,National
2022-02-24,Maize,2390.17,India_Average,National
2022-02-25,Maize,2233.57,India_Average,National
2022-02-26,Maize,2234.52,India_Average,National
2022-02-27,Maize,2157.76,India_Average,National
2022-02-28,Maize,2129.35,India_Average,National
2022-03-01,Maize,1901.22,India_Average,National
2022-03-02,Maize,2086.67,India_Average,National
2022-03-03,Maize,2108.1,India_Average,National
2022-03-04,Maize,1957.51,India_Average,National
2022-03-05,Maize,2035.0,India_Average,National
2022-03-06,Maize,1946.07,India_Average,National
2022-03-07,Maize,2155.86,India_Average,National
2022-03-08,Maize,2248.43,India_Average,National
2022-03-09,Maize,2279.53,India_Average,National
2022-03-10,Maize,2204.8,India_Average,National
2022-03-11,Maize,2055.95,India_Average,National
2022-03-12,Maize,1951.34,India_Average,National
2022-03-13,Maize,1970.26,India_Average,National
2022-03-14,Maize,2022.95,India_Average,National
2022-03-15,Maize,2064.0,India_Average,National
2022-03-16,Maize,2142.75,India_Average,National
2022-03-17,Maize,2050.47,India_Average,National
2022-03-18,Maize,2196.61,India_Average,National
2022-03-19,Maize,2134.91,India_Average,National
2022-03-20,Maize,2161.14,India_Average,National
2022-03-21,Maize,2283.15,India_Average,National
2022-03-22,Maize,2032.53,India_Average,National
2022-03-23,Maize,2205.22,India_Average,National
2022-03-24,Maize,2158.49,India_Average,National
2022-03-25,Maize,2123.98,India_Average,National
2022-03-26,Maize,2255.61,India_Average,National
2022-03-27,Maize,2254.93,India_Average,National
2022-03-28,Maize,2057.78,India_Average,National
2022-03-29,Maize,2140.33,India_Average,National
2022-03-30,Maize,2190.37,India_Average,National
2022-03-31,Maize,2130.52,India_Average,National
2022-04-01,Maize,2173.54,India_Average,National
2022-04-02,Maize,2141.46,India_Average,National
2022-04-03,Maize,2305.27,India_Average,National
2022-04-04,Maize,1950.19,India_Average,National
2022-04-05,Maize,2098.84,India_Average,National
2022-04-06,Maize,2015.84,India_Average,National
2022-04-07,Maize,2175.56,India_Average,National
2022-04-08,Maize,1941.01,India_Average,National
2022-04-09,Maize,2148.34,India_Average,National
2022-04-10,Maize,2045.24,India_Average,National
2022-04-11,Maize,2034.25,India_Average,National
2022-04-12,Maize,1959.04,India_Average,National
2022-04-13,Maize,2062.66,India_Average,National
2022-04-14,Maize,2226.28,India_Average,National
2022-04-15,Maize,2109.11,India_Average,National
2022-04-16,Maize,2178.04,India_Average,National
2022-04-17,Maize,2287.54,India_Average,National
2022-04-18,Maize,2139.62,India_Average,National
2022-04-19,Maize,2052.77,India_Average,National
2022-04-20,Maize,2161.11,India_Average,National
2022-04-21,Maize,2054.3,India_Average,National
2022-04-22,Maize,2058.51,India_Average,National
2022-04-23,Maize,1951.29,India_Average,National
2022-04-24,Maize,2209.57,India_Average,National
2022-04-25,Maize,2071.01,India_Average,National
2022-04-26,Maize,2131.0,India_Average,National
2022-04-27,Maize,2002.38,India_Average,National
2022-04-28,Maize,2157.8,India_Average,National
2022-04-29,Maize,2031.32,India_Average,National
2022-04-30,Maize,2096.81,India_Average,National
2022-05-01,Maize,2066.9,India_Average,National
2022-05-02,Maize,2058.29,India_Average,National
2022-05-03,Maize,1977.82,India_Average,National
2022-05-04,Maize,1804.96,India_Average,National
2022-05-05,Maize,2276.29,India_Average,National
2022-05-06,Maize,2152.84,India_Average,National
2022-05-07,Maize,2051.54,India_Average,National
2022-05-08,Maize,1905.43,India_Average,National
2022-05-09,Maize,1968.75,India_Average,National
2022-05-10,Maize,1926.2,India_Average,National
2022-05-11,Maize,2105.12,India_Average,National
2022-05-12,Maize,2005.99,India_Average,National
2022-05-13,Maize,1902.37,India_Average,National
2022-05-14,Maize,1933.4,India_Average,National
2022-05-15,Maize,2091.0,India_Average,National
2022-05-16,Maize,2138.41,India_Average,National
2022-05-17,Maize,2131.3,India_Average,National
2022-05-18,Maize,2054.95,India_Average,National
2022-05-19,Maize,1954.99,India_Average,National
2022-05-20,Maize,1659.09,India_Average,National
2022-05-21,Maize,2009.42,India_Average,National
2022-05-22,Maize,1979.82,India_Average,National
2022-05-23,Maize,1993.86,India_Average,National
2022-05-24,Maize,1985.34,India_Average,National
2022-05-25,Maize,1848.7,India_Average,National
2022-05-26,Maize,2035.18,India_Average,National
2022-05-27,Maize,2042.59,India_Average,National
2022-05-28,Maize,2047.55,India_Average,National
2022-05-29,Maize,2073.71,India_Average,National
2022-05-30,Maize,2039.8,India_Average,National
2022-05-31,Maize,1939.41,India_Average,National
2022-06-01,Maize,1793.62,India_Average,National
2022-06-02,Maize,1808.2,India_Average,National
2022-06-03,Maize,1809.69,India_Average,National
2022-06-04,Maize,1889.84,India_Average,National
2022-06-05,Maize,1857.93,India_Average,National
2022-06-06,Maize,1986.96,India_Average,National
2022-06-07,Maize,1998.58,India_Average,National
2022-06-08,Maize,1807.17,India_Average,National
2022-06-09,Maize,1454.7,India_Average,National
2022-06-10,Maize,1911.31,India_Average,National
2022-06-11,Maize,1751.37,India_Average,National
2022-06-12,Maize,1727.87,India_Average,National
2022-06-13,Maize,1764.14,India_Average,National
2022-06-14,Maize,1759.8,India_Average,National
2022-06-15,Maize,1855.1,India_Average,National
2022-06-16,Maize,1659.65,India_Average,National
2022-06-17,Maize,1703.01,India_Average,National
2022-06-18,Maize,1830.88,India_Average,National
2022-06-19,Maize,1856.06,India_Average,National
2022-06-20,Maize,1857.74,India_Average,National
2022-06-21,Maize,1729.17,India_Average,National
2022-06-22,Maize,1711.96,India_Average,National
2022-06-23,Maize,1754.4,India_Average,National
2022-06-24,Maize,1821.59,India_Average,National
2022-06-25,Maize,1933.69,India_Average,National
2022-06-26,Maize,1615.73,India_Average,National
2022-06-27,Maize,1780.13,India_Average,National
2022-06-28,Maize,1680.06,India_Average,National
2022-06-29,Maize,1651.3,India_Average,National
2022-06-30,Maize,1887.03,India_Average,National
2022-07-01,Maize,1664.11,India_Average,National
2022-07-02,Maize,1656.4,India_Average,National
2022-07-03,Maize,1694.6,India_Average,National
2022-07-04,Maize,1581.14,India_Average,National
2022-07-05,Maize,1584.96,India_Average,National
2022-07-06,Maize,1797.04,India_Average,National
2022-07-07,Maize,1600.03,India_Average,National
2022-07-08,Maize,1679.55,India_Average,National
2022-07-09,Maize,1620.52,India_Average,National
2022-07-10,Maize,1470.29,India_Average,National
2022-07-11,Maize,1454.39,India_Average,National
2022-07-12,Maize,1573.1,India_Average,National
2022-07-13,Maize,1705.54,India_Average,National
2022-07-14,Maize,1683.85,India_Average,National
2022-07-15,Maize,1694.04,India_Average,National
2022-07-16,Maize,1540.05,India_Average,National
2022-07-17,Maize,1750.89,India_Average,National
2022-07-18,Maize,1541.84,India_Average,National
2022-07-19,Maize,1637.24,India_Average,National
2022-07-20,Maize,1619.16,India_Average,National
2022-07-21,Maize,1605.92,India_Average,National
2022-07-22,Maize,1728.43,India_Average,National
2022-07-23,Maize,1562.89,India_Average,National
2022-07-24,Maize,1510.68,India_Average,National
2022-07-25,Maize,1621.62,India_Average,National
2022-07-26,Maize,1587.61,India_Average,National
2022-07-27,Maize,1893.57,India_Average,National
2022-07-28,Maize,1674.8,India_Average,National
2022-07-29,Maize,1586.84,India_Average,National
2022-07-30,Maize,1534.45,India_Average,National
2022-07-31,Maize,1467.7,India_Average,National
2022-08-01,Maize,1411.94,India_Average,National
2022-08-02,Maize,1496.78,India_Average,National
2022-08-03,Maize,1594.44,India_Average,National
2022-08-04,Maize,1571.7,India_Average,National
2022-08-05,Maize,1505.28,India_Average,National
2022-08-06,Maize,1464.18,India_Average,National
2022-08-07,Maize,1508.23,India_Average,National
2022-08-08,Maize,1449.64,India_Average,National
2022-08-09,Maize,1616.1,India_Average,National
2022-08-10,Maize,1474.15,India_Average,National
2022-08-11,Maize,1481.81,India_Average,National
2022-08-12,Maize,1323.35,India_Average,National
2022-08-13,Maize,1473.69,India_Average,National
2022-08-14,Maize,1550.47,India_Average,National
2022-08-15,Maize,1408.78,India_Average,National
2022-08-16,Maize,1432.37,India_Average,National
2022-08-17,Maize,1547.22,India_Average,National
2022-08-18,Maize,1378.35,India_Average,National
2022-08-19,Maize,1566.94,India_Average,National
2022-08-20,Maize,1448.63,India_Average,National
2022-08-21,Maize,1459.32,India_Average,National
2022-08-22,Maize,1404.6,India_Average,National
2022-08-23,Maize,1516.36,India_Average,National
2022-08-24,Maize,1671.27,India_Average,National
2022-08-25,Maize,1546.38,India_Average,National
2022-08-26,Maize,1423.92,India_Average,National
2022-08-27,Maize,1572.73,India_Average,National
2022-08-28,Maize,1464.67,India_Average,National
2022-08-29,Maize,1590.51,India_Average,National
2022-08-30,Maize,1548.26,India_Average,National
2022-08-31,Maize,1269.23,India_Average,National
2022-09-01,Maize,1367.71,India_Average,National
2022-09-02,Maize,1508.0,India_Average,National
2022-09-03,Maize,1450.92,India_Average,National
2022-09-04,Maize,1366.29,India_Average,National
2022-09-05,Maize,1394.38,India_Average,National
2022-09-06,Maize,1302.75,India_Average,National
2022-09-07,Maize,1433.64,India_Average,National
2022-09-08,Maize,1599.17,India_Average,National
2022-09-09,Maize,1497.96,India_Average,National
2022-09-10,Maize,1597.71,India_Average,National
2022-09-11,Maize,1503.53,India_Average,National
2022-09-12,Maize,1513.98,India_Average,National
2022-09-13,Maize,1582.13,India_Average,National
2022-09-14,Maize,1467.16,India_Average,National
2022-09-15,Maize,1426.52,India_Average,National
2022-09-16,Maize,1514.35,India_Average,National
2022-09-17,Maize,1544.68,India_Average,National
2022-09-18,Maize,1405.44,India_Average,National
2022-09-19,Maize,1388.05,India_Average,National
2022-09-20,Maize,1450.0,India_Average,National
2022-09-21,Maize,1499.87,India_Average,National
2022-09-22,Maize,1497.46,India_Average,National
2022-09-23,Maize,1337.46,India_Average,National
2022-09-24,Maize,1577.64,India_Average,National
2022-09-25,Maize,1393.84,India_Average,National
2022-09-26,Maize,1420.92,India_Average,National
2022-09-27,Maize,1375.01,India_Average,National
2022-09-28,Maize,1634.28,India_Average,National
2022-09-29,Maize,1457.43,India_Average,National
2022-09-30,Maize,1378.73,India_Average,National
2022-10-01,Maize,1552.52,India_Average,National
2022-10-02,Maize,1545.46,India_Average,National
2022-10-03,Maize,1474.26,India_Average,National
2022-10-04,Maize,1550.78,India_Average,National
2022-10-05,Maize,1426.82,India_Average,National
2022-10-06,Maize,1451.55,India_Average,National
2022-10-07,Maize,1338.65,India_Average,National
2022-10-08,Maize,1389.71,India_Average,National
2022-10-09,Maize,1622.74,India_Average,National
2022-10-10,Maize,1610.37,India_Average,National
2022-10-11,Maize,1493.13,India_Average,National
2022-10-12,Maize,1611.97,India_Average,National
2022-10-13,Maize,1476.32,India_Average,National
2022-10-14,Maize,1470.12,India_Average,National
2022-10-15,Maize,1492.44,India_Average,National
2022-10-16,Maize,1478.94,India_Average,National
2022-10-17,Maize,1472.22,India_Average,National
2022-10-18,Maize,1573.31,India_Average,National
2022-10-19,Maize,1499.4,India_Average,National
2022-10-20,Maize,1541.25,India_Average,National
2022-10-21,Maize,1564.98,India_Average,National
2022-10-22,Maize,1517.12,India_Average,National
2022-10-23,Maize,1416.03,India_Average,National
2022-10-24,Maize,1387.56,India_Average,National
2022-10-25,Maize,1499.3,India_Average,National
2022-10-26,Maize,1475.49,India_Average,National
2022-10-27,Maize,1494.73,India_Average,National
2022-10-28,Maize,1487.04,India_Average,National
2022-10-29,Maize,1680.48,India_Average,National
2022-10-30,Maize,1389.25,India_Average,National
2022-10-31,Maize,1340.16,India_Average,National
2022-11-01,Maize,1646.92,India_Average,National
2022-11-02,Maize,1589.51,India_Average,National
2022-11-03,Maize,1645.6,India_Average,National
2022-11-04,Maize,1667.29,India_Average,National
2022-11-05,Maize,1724.01,India_Average,National
2022-11-06,Maize,1497.91,India_Average,National
2022-11-07,Maize,1574.91,India_Average,National
2022-11-08,Maize,1654.73,India_Average,National
2022-11-09,Maize,1682.41,India_Average,National
2022-11-10,Maize,1797.67,India_Average,National
2022-11-11,Maize,1697.41,India_Average,National
2022-11-12,Maize,1615.4,India_Average,National
2022-11-13,Maize,1547.87,India_Average,National
2022-11-14,Maize,1574.29,India_Average,National
2022-11-15,Maize,1571.99,India_Average,National
2022-11-16,Maize,1673.07,India_Average,National
2022-11-17,Maize,1640.82,India_Average,National
2022-11-18,Maize,1512.78,India_Average,National
2022-11-19,Maize,1584.69,India_Average,National
2022-11-20,Maize,1691.08,India_Average,National
2022-11-21,Maize,1648.48,India_Average,National
2022-11-22,Maize,1666.06,India_Average,National
2022-11-23,Maize,1651.02,India_Average,National
2022-11-24,Maize,1751.74,India_Average,National
2022-11-25,Maize,1639.12,India_Average,National
2022-11-26,Maize,1588.73,India_Average,National
2022-11-27,Maize,1545.82,India_Average,National
2022-11-28,Maize,1640.22,India_Average,National
2022-11-29,Maize,1422.3,India_Average,National
2022-11-30,Maize,1605.07,India_Average,National
2022-12-01,Maize,1781.47,India_Average,National
2022-12-02,Maize,1677.2,India_Average,National
2022-12-03,Maize,1716.46,India_Average,National
2022-12-04,Maize,1872.87,India_Average,National
2022-12-05,Maize,1820.76,India_Average,National
2022-12-06,Maize,1809.16,India_Average,National
2022-12-07,Maize,1827.57,India_Average,National
2022-12-08,Maize,1808.34,India_Average,National
2022-12-09,Maize,1911.86,India_Average,National
2022-12-10,Maize,1811.11,India_Average,National
2022-12-11,Maize,1668.76,India_Average,National
2022-12-12,Maize,1946.71,India_Average,National
2022-12-13,Maize,1833.33,India_Average,National
2022-12-14,Maize,1746.97,India_Average,National
2022-12-15,Maize,1687.19,India_Average,National
2022-12-16,Maize,1835.63,India_Average,National
2022-12-17,Maize,1789.45,India_Average,National
2022-12-18,Maize,1941.67,India_Average,National
2022-12-19,Maize,1768.87,India_Average,National
2022-12-20,Maize,1724.64,India_Average,National
2022-12-21,Maize,1880.62,India_Average,National
2022-12-22,Maize,1883.28,India_Average,National
2022-12-23,Maize,1815.18,India_Average,National
2022-12-24,Maize,1860.87,India_Average,National
2022-12-25,Maize,1796.61,India_Average,National
2022-12-26,Maize,1821.05,India_Average,National
2022-12-27,Maize,1904.85,India_Average,National
2022-12-28,Maize,1856.28,India_Average,National
2022-12-29,Maize,1784.77,India_Average,National
2022-12-30,Maize,1921.71,India_Average,National
2022-12-31,Maize,1587.16,India_Average,National
2023-01-01,Maize,2183.16,India_Average,National
2023-01-02,Maize,1811.11,India_Average,National
2023-01-03,Maize,1917.92,India_Average,National
2023-01-04,Maize,1975.95,India_Average,National
2023-01-05,Maize,1965.5,India_Average,National
2023-01-06,Maize,2079.63,India_Average,National
2023-01-07,Maize,1875.27,India_Average,National
2023-01-08,Maize,2005.82,India_Average,National
2023-01-09,Maize,1922.76,India_Average,National
2023-01-10,Maize,2009.22,India_Average,National
2023-01-11,Maize,1973.59,India_Average,National
2023-01-12,Maize,1989.2,India_Average,National
2023-01-13,Maize,1925.56,India_Average,National
2023-01-14,Maize,1929.5,India_Average,National
2023-01-15,Maize,2008.44,India_Average,National
2023-01-16,Maize,2073.43,India_Average,National
2023-01-17,Maize,1920.77,India_Average,National
2023-01-18,Maize,1893.99,India_Average,National
2023-01-19,Maize,2040.73,India_Average,National
2023-01-20,Maize,1976.78,India_Average,National
2023-01-21,Maize,2062.22,India_Average,National
2023-01-22,Maize,1890.33,India_Average,National
2023-01-23,Maize,1803.84,India_Average,National
2023-01-24,Maize,1927.23,India_Average,National
2023-01-25,Maize,1904.13,India_Average,National
2023-01-26,Maize,1972.2,India_Average,National
2023-01-27,Maize,1916.95,India_Average,National
2023-01-28,Maize,2053.36,India_Average,National
2023-01-29,Maize,1951.47,India_Average,National
2023-01-30,Maize,1994.9,India_Average,National
2023-01-31,Maize,1995.61,India_Average,National
2023-02-01,Maize,2132.35,India_Average,National
2023-02-02,Maize,2109.22,India_Average,National
2023-02-03,Maize,2165.68,India_Average,National
2023-02-04,Maize,2027.76,India_Average,National
2023-02-05,Maize,2259.53,India_Average,National
2023-02-06,Maize,2086.79,India_Average,National
2023-02-07,Maize,1973.28,India_Average,National
2023-02-08,Maize,2131.63,India_Average,National
2023-02-09,Maize,2021.89,India_Average,National
2023-02-10,Maize,2182.02,India_Average,National
2023-02-11,Maize,2345.08,India_Average,National
2023-02-12,Maize,2028.72,India_Average,National
2023-02-13,Maize,2146.86,India_Average,National
2023-02-14,Maize,1926.41,India_Average,National
2023-02-15,Maize,2159.7,India_Average,National
2023-02-16,Maize,2018.25,India_Average,National
2023-02-17,Maize,2045.79,India_Average,National
2023-02-18,Maize,1995.49,India_Average,National
2023-02-19,Maize,2189.08,India_Average,National
2023-02-20,Maize,2218.13,India_Average,National
2023-02-21,Maize,2114.24,India_Average,National
2023-02-22,Maize,2020.5,India_Average,National
2023-02-23,Maize,2279.6,India_Average,National
2023-02-24,Maize,2032.53,India_Average,National
2023-02-25,Maize,1883.48,India_Average,National
2023-02-26,Maize,2160.17,India_Average,National
2023-02-27,Maize,1995.12,India_Average,National
2023-02-28,Maize,2216.15,India_Average,National
2023-03-01,Maize,2118.84,India_Average,National
2023-03-02,Maize,2225.2,India_Average,National
2023-03-03,Maize,2311.36,India_Average,National
2023-03-04,Maize,2029.44,India_Average,National
2023-03-05,Maize,2098.88,India_Average,National
2023-03-06,Maize,2151.83,India_Average,National
2023-03-07,Maize,2326.06,India_Average,National
2023-03-08,Maize,2088.89,India_Average,National
2023-03-09,Maize,2095.79,India_Average,National
2023-03-10,Maize,2211.64,India_Average,National
2023-03-11,Maize,2097.66,India_Average,National
2023-03-12,Maize,2176.47,India_Average,National
2023-03-13,Maize,1992.43,India_Average,National
2023-03-14,Maize,2399.15,India_Average,National
2023-03-15,Maize,2014.45,India_Average,National
2023-03-16,Maize,2125.25,India_Average,National
2023-03-17,Maize,2156.49,India_Average,National
2023-03-18,Maize,2366.57,India_Average,National
2023-03-19,Maize,2016.92,India_Average,National
2023-03-20,Maize,2374.24,India_Average,National
2023-03-21,Maize,2241.78,India_Average,National
2023-03-22,Maize,2205.05,India_Average,National
2023-03-23,Maize,2053.66,India_Average,National
2023-03-24,Maize,2221.68,India_Average,National
2023-03-25,Maize,2081.86,India_Average,National
2023-03-26,Maize,2296.8,India_Average,National
2023-03-27,Maize,2055.13,India_Average,National
2023-03-28,Maize,2147.78,India_Average,National
2023-03-29,Maize,2100.03,India_Average,National
2023-03-30,Maize,2053.35,India_Average,National
2023-03-31,Maize,2240.06,India_Average,National
2023-04-01,Maize,2168.31,India_Average,National
2023-04-02,Maize,2239.43,India_Average,National
2023-04-03,Maize,1923.83,India_Average,National
2023-04-04,Maize,2224.13,India_Average,National
2023-04-05,Maize,2376.32,India_Average,National
2023-04-06,Maize,2064.08,India_Average,National
2023-04-07,Maize,2311.87,India_Average,National
2023-04-08,Maize,2083.98,India_Average,National
2023-04-09,Maize,1966.86,India_Average,National
2023-04-10,Maize,2079.5,India_Average,National
2023-04-11,Maize,2222.45,India_Average,National
2023-04-12,Maize,2023.27,India_Average,National
2023-04-13,Maize,2048.38,India_Average,National
2023-04-14,Maize,2174.44,India_Average,National
2023-04-15,Maize,2112.09,India_Average,National
2023-04-16,Maize,2173.5,India_Average,National
2023-04-17,Maize,2136.88,India_Average,National
2023-04-18,Maize,2162.41,India_Average,National
2023-04-19,Maize,2066.12,India_Average,National
2023-04-20,Maize,2136.24,India_Average,National
2023-04-21,Maize,2013.85,India_Average,National
2023-04-22,Maize,2247.81,India_Average,National
2023-04-23,Maize,2044.8,India_Average,National
2023-04-24,Maize,2230.96,India_Average,National
2023-04-25,Maize,2087.1,India_Average,National
2023-04-26,Maize,2133.1,India_Average,National
2023-04-27,Maize,2059.51,India_Average,National
2023-04-28,Maize,2004.49,India_Average,National
2023-04-29,Maize,1927.54,India_Average,National
2023-04-30,Maize,2000.34,India_Average,National
2023-05-01,Maize,1947.93,India_Average,National
2023-05-02,Maize,2000.98,India_Average,National
2023-05-03,Maize,2080.03,India_Average,National
2023-05-04,Maize,1935.87,India_Average,National
2023-05-05,Maize,1892.69,India_Average,National
2023-05-06,Maize,1837.17,India_Average,National
2023-05-07,Maize,2027.53,India_Average,National
2023-05-08,Maize,2116.94,India_Average,National
2023-05-09,Maize,2105.37,India_Average,National
2023-05-10,Maize,2050.28,India_Average,National
2023-05-11,Maize,2043.22,India_Average,National
2023-05-12,Maize,2148.06,India_Average,National
2023-05-13,Maize,2012.88,India_Average,National
2023-05-14,Maize,2043.97,India_Average,National
2023-05-15,Maize,1948.24,India_Average,National
2023-05-16,Maize,1845.16,India_Average,National
2023-05-17,Maize,1912.3,India_Average,National
2023-05-18,Maize,1979.09,India_Average,National
2023-05-19,Maize,1986.02,India_Average,National
2023-05-20,Maize,2170.7,India_Average,National
2023-05-21,Maize,1988.05,India_Average,National
2023-05-22,Maize,2096.71,India_Average,National
2023-05-23,Maize,1936.93,India_Average,National
2023-05-24,Maize,1949.14,India_Average,National
2023-05-25,Maize,1848.43,India_Average,National
2023-05-26,Maize,1906.51,India_Average,National
2023-05-27,Maize,2032.17,India_Average,National
2023-05-28,Maize,1980.75,India_Average,National
2023-05-29,Maize,2073.35,India_Average,National
2023-05-30,Maize,1997.94,India_Average,National
2023-05-31,Maize,1945.11,India_Average,National
2023-06-01,Maize,1993.35,India_Average,National
2023-06-02,Maize,1791.55,India_Average,National
2023-06-03,Maize,1904.67,India_Average,National
2023-06-04,Maize,1763.89,India_Average,National
2023-06-05,Maize,1863.86,India_Average,National
2023-06-06,Maize,1883.52,India_Average,National
2023-06-07,Maize,1818.76,India_Average,National
2023-06-08,Maize,1588.1,India_Average,National
2023-06-09,Maize,1801.64,India_Average,National
2023-06-10,Maize,1910.74,India_Average,National
2023-06-11,Maize,1847.47,India_Average,National
2023-06-12,Maize,1840.13,India_Average,National
2023-06-13,Maize,1645.0,India_Average,National
2023-06-14,Maize,1735.16,India_Average,National
2023-06-15,Maize,1837.02,India_Average,National
2023-06-16,Maize,1836.93,India_Average,National
2023-06-17,Maize,1909.32,India_Average,National
2023-06-18,Maize,1786.96,India_Average,National
2023-06-19,Maize,1836.52,India_Average,National
2023-06-20,Maize,1801.47,India_Average,National
2023-06-21,Maize,1711.18,India_Average,National
2023-06-22,Maize,1596.98,India_Average,National
2023-06-23,Maize,1838.79,India_Average,National
2023-06-24,Maize,1815.66,India_Average,National
2023-06-25,Maize,1744.36,India_Average,National
2023-06-26,Maize,1654.27,India_Average,National
2023-06-27,Maize,1856.68,India_Average,National
2023-06-28,Maize,1776.07,India_Average,National
2023-06-29,Maize,1850.12,India_Average,National
2023-06-30,Maize,1967.76,India_Average,National
2023-07-01,Maize,1446.54,India_Average,National
2023-07-02,Maize,1563.33,India_Average,National
2023-07-03,Maize,1603.04,India_Average,National
2023-07-04,Maize,1737.84,India_Average,National
2023-07-05,Maize,1487.45,India_Average,National
2023-07-06,Maize,1776.8,India_Average,National
2023-07-07,Maize,1631.0,India_Average,National
2023-07-08,Maize,1612.22,India_Average,National
2023-07-09,Maize,1603.96,India_Average,National
2023-07-10,Maize,1584.66,India_Average,National
2023-07-11,Maize,1704.9,India_Average,National
2023-07-12,Maize,1533.45,India_Average,National
2023-07-13,Maize,1647.98,India_Average,National
2023-07-14,Maize,1588.88,India_Average,National
2023-07-15,Maize,1558.27,India_Average,National
2023-07-16,Maize,1829.46,India_Average,National
2023-07-17,Maize,1653.94,India_Average,National
2023-07-18,Maize,1669.67,India_Average,National
2023-07-19,Maize,1712.16,India_Average,National
2023-07-20,Maize,1504.87,India_Average,National
2023-07-21,Maize,1761.94,India_Average,National
2023-07-22,Maize,1416.77,India_Average,National
2023-07-23,Maize,1557.73,India_Average,National
2023-07-24,Maize,1582.82,India_Average,National
2023-07-25,Maize,1667.12,India_Average,National
2023-07-26,Maize,1637.72,India_Average,National
2023-07-27,Maize,1606.49,India_Average,National
2023-07-28,Maize,1619.03,India_Average,National
2023-07-29,Maize,1540.78,India_Average,National
2023-07-30,Maize,1498.72,India_Average,National
2023-07-31,Maize,1678.85,India_Average,National
2023-08-01,Maize,1539.85,India_Average,National
2023-08-02,Maize,1606.14,India_Average,National
2023-08-03,Maize,1429.44,India_Average,National
2023-08-04,Maize,1539.78,India_Average,National
2023-08-05,Maize,1467.12,India_Average,National
2023-08-06,Maize,1576.82,India_Average,National
2023-08-07,Maize,1564.28,India_Average,National
2023-08-08,Maize,1503.95,India_Average,National
2023-08-09,Maize,1462.97,India_Average,National
2023-08-10,Maize,1559.74,India_Average,National
2023-08-11,Maize,1536.37,India_Average,National
2023-08-12,Maize,1437.3,India_Average,National
2023-08-13,Maize,1389.43,India_Average,National
2023-08-14,Maize,1466.76,India_Average,National
2023-08-15,Maize,1601.0,India_Average,National
2023-08-16,Maize,1573.54,India_Average,National
2023-08-17,Maize,1405.46,India_Average,National
2023-08-18,Maize,1401.34,India_Average,National
2023-08-19,Maize,1583.08,India_Average,National
2023-08-20,Maize,1403.73,India_Average,National
2023-08-21,Maize,1526.13,India_Average,National
2023-08-22,Maize,1442.39,India_Average,National
2023-08-23,Maize,1608.56,India_Average,National
2023-08-24,Maize,1430.9,India_Average,National
2023-08-25,Maize,1573.31,India_Average,National
2023-08-26,Maize,1501.99,India_Average,National
2023-08-27,Maize,1507.0,India_Average,National
2023-08-28,Maize,1341.62,India_Average,National
2023-08-29,Maize,1324.31,India_Average,National
2023-08-30,Maize,1471.82,India_Average,National
2023-08-31,Maize,1506.6,India_Average,National
2023-09-01,Maize,1358.99,India_Average,National
2023-09-02,Maize,1361.61,India_Average,National
2023-09-03,Maize,1480.43,India_Average,National
2023-09-04,Maize,1480.53,India_Average,National
2023-09-05,Maize,1430.08,India_Average,National
2023-09-06,Maize,1496.17,India_Average,National
2023-09-07,Maize,1355.46,India_Average,National
2023-09-08,Maize,1414.37,India_Average,National
2023-09-09,Maize,1558.65,India_Average,National
2023-09-10,Maize,1444.92,India_Average,National
2023-09-11,Maize,1449.09,India_Average,National
2023-09-12,Maize,1606.03,India_Average,National
2023-09-13,Maize,1339.25,India_Average,National
2023-09-14,Maize,1497.34,India_Average,National
2023-09-15,Maize,1559.81,India_Average,National
2023-09-16,Maize,1416.61,India_Average,National
2023-09-17,Maize,1501.89,India_Average,National
2023-09-18,Maize,1369.29,India_Average,National
2023-09-19,Maize,1390.56,India_Average,National
2023-09-20,Maize,1467.72,India_Average,National
2023-09-21,Maize,1497.5,India_Average,National
2023-09-22,Maize,1520.71,India_Average,National
2023-09-23,Maize,1553.01,India_Average,National
2023-09-24,Maize,1435.14,India_Average,National
2023-09-25,Maize,1525.94,India_Average,National
2023-09-26,Maize,1415.35,India_Average,National
2023-09-27,Maize,1504.95,India_Average,National
2023-09-28,Maize,1454.94,India_Average,National
2023-09-29,Maize,1472.09,India_Average,National
2023-09-30,Maize,1470.49,India_Average,National
2023-10-01,Maize,1368.82,India_Average,National
2023-10-02,Maize,1404.58,India_Average,National
2023-10-03,Maize,1495.86,India_Average,National
2023-10-04,Maize,1362.68,India_Average,National
2023-10-05,Maize,1550.08,India_Average,National
2023-10-06,Maize,1553.08,India_Average,National
2023-10-07,Maize,1512.58,India_Average,National
2023-10-08,Maize,1404.81,India_Average,National
2023-10-09,Maize,1590.93,India_Average,National
2023-10-10,Maize,1639.82,India_Average,National
2023-10-11,Maize,1499.18,India_Average,National
2023-10-12,Maize,1526.22,India_Average,National
2023-10-13,Maize,1503.24,India_Average,National
2023-10-14,Maize,1527.7,India_Average,National
2023-10-15,Maize,1479.33,India_Average,National
2023-10-16,Maize,1485.66,India_Average,National
2023-10-17,Maize,1555.63,India_Average,National
2023-10-18,Maize,1662.77,India_Average,National
2023-10-19,Maize,1384.05,India_Average,National
2023-10-20,Maize,1480.51,India_Average,National
2023-10-21,Maize,1400.39,India_Average,National
2023-10-22,Maize,1606.7,India_Average,National
2023-10-23,Maize,1444.5,India_Average,National
2023-10-24,Maize,1380.84,India_Average,National
2023-10-25,Maize,1535.72,India_Average,National
2023-10-26,Maize,1618.03,India_Average,National
2023-10-27,Maize,1537.61,India_Average,National
2023-10-28,Maize,1503.47,India_Average,National
2023-10-29,Maize,1518.68,India_Average,National
2023-10-30,Maize,1593.51,India_Average,National
2023-10-31,Maize,1423.18,India_Average,National
2023-11-01,Maize,1610.94,India_Average,National
2023-11-02,Maize,1583.33,India_Average,National
2023-11-03,Maize,1525.4,India_Average,National
2023-11-04,Maize,1593.4,India_Average,National
2023-11-05,Maize,1709.73,India_Average,National
2023-11-06,Maize,1665.89,India_Average,National
2023-11-07,Maize,1672.19,India_Average,National
2023-11-08,Maize,1631.86,India_Average,National
2023-11-09,Maize,1662.39,India_Average,National
2023-11-10,Maize,1555.15,India_Average,National
2023-11-11,Maize,1594.93,India_Average,National
2023-11-12,Maize,1635.55,India_Average,National
2023-11-13,Maize,1642.48,India_Average,National
2023-11-14,Maize,1645.94,India_Average,National
2023-11-15,Maize,1608.79,India_Average,National
2023-11-16,Maize,1589.43,India_Average,National
2023-11-17,Maize,1875.78,India_Average,National
2023-11-18,Maize,1693.45,India_Average,National
2023-11-19,Maize,1653.46,India_Average,National
2023-11-20,Maize,1601.11,India_Average,National
2023-11-21,Maize,1583.45,India_Average,National
2023-11-22,Maize,1609.41,India_Average,National
2023-11-23,Maize,1643.72,India_Average,National
2023-11-24,Maize,1467.68,India_Average,National
2023-11-25,Maize,1492.88,India_Average,National
2023-11-26,Maize,1568.41,India_Average,National
2023-11-27,Maize,1636.78,India_Average,National
2023-11-28,Maize,1600.62,India_Average,National
2023-11-29,Maize,1739.73,India_Average,National
2023-11-30,Maize,1499.93,India_Average,National
2023-12-01,Maize,1732.38,India_Average,National
2023-12-02,Maize,1936.81,India_Average,National
2023-12-03,Maize,1811.8,India_Average,National
2023-12-04,Maize,1879.64,India_Average,National
2023-12-05,Maize,1984.61,India_Average,National
2023-12-06,Maize,1737.56,India_Average,National
2023-12-07,Maize,1791.06,India_Average,National
2023-12-08,Maize,1775.48,India_Average,National
2023-12-09,Maize,1624.09,India_Average,National
2023-12-10,Maize,1772.06,India_Average,National
2023-12-11,Maize,1879.3,India_Average,National
2023-12-12,Maize,1848.65,India_Average,National
2023-12-13,Maize,1855.72,India_Average,National
2023-12-14,Maize,1766.2,India_Average,National
2023-12-15,Maize,1740.95,India_Average,National
2023-12-16,Maize,1914.23,India_Average,National
2023-12-17,Maize,1755.24,India_Average,National
2023-12-18,Maize,1826.47,India_Average,National
2023-12-19,Maize,1814.7,India_Average,National
2023-12-20,Maize,1931.55,India_Average,National
2023-12-21,Maize,1887.43,India_Average,National
2023-12-22,Maize,1683.43,India_Average,National
2023-12-23,Maize,1693.12,India_Average,National
2023-12-24,Maize,1852.1,India_Average,National
2023-12-25,Maize,1794.21,India_Average,National
2023-12-26,Maize,1759.03,India_Average,National
2023-12-27,Maize,1891.41,India_Average,National
2023-12-28,Maize,1816.87,India_Average,National
2023-12-29,Maize,1804.72,India_Average,National
2023-12-30,Maize,1870.18,India_Average,National
2023-12-31,Maize,1766.24,India_Average,National
2024-01-01,Maize,2135.28,India_Average,National
2022-01-01,Mango,2641.64,India_Average,National
2022-01-02,Mango,2840.33,India_Average,National
2022-01-03,Mango,2947.15,India_Average,National
2022-01-04,Mango,2560.62,India_Average,National
2022-01-05,Mango,2702.79,India_Average,National
2022-01-06,Mango,2907.05,India_Average,National
2022-01-07,Mango,2909.12,India_Average,National
2022-01-08,Mango,2726.42,India_Average,National
2022-01-09,Mango,2648.98,India_Average,National
2022-01-10,Mango,2881.44,India_Average,National
2022-01-11,Mango,2912.74,India_Average,National
2022-01-12,Mango,2589.86,India_Average,National
2022-01-13,Mango,2584.46,India_Average,National
2022-01-14,Mango,2780.97,India_Average,National
2022-01-15,Mango,2836.54,India_Average,National
2022-01-16,Mango,2708.88,India_Average,National
2022-01-17,Mango,2843.4,India_Average,National
2022-01-18,Mango,2652.36,India_Average,National
2022-01-19,Mango,2459.23,India_Average,National
2022-01-20,Mango,2691.71,India_Average,National
2022-01-21,Mango,2758.69,India_Average,National
2022-01-22,Mango,2712.07,India_Average,National
2022-01-23,Mango,2590.69,India_Average,National
2022-01-24,Mango,2500.35,India_Average,National
2022-01-25,Mango,2679.31,India_Average,National
2022-01-26,Mango,2873.43,India_Average,National
2022-01-27,Mango,2922.73,India_Average,National
2022-01-28,Mango,2913.31,India_Average,National
2022-01-29,Mango,2637.81,India_Average,National
2022-01-30,Mango,2591.37,India_Average,National
2022-01-31,Mango,2818.29,India_Average,National
2022-02-01,Mango,3026.15,India_Average,National
2022-02-02,Mango,2991.7,India_Average,National
2022-02-03,Mango,2637.65,India_Average,National
2022-02-04,Mango,2805.88,India_Average,National
2022-02-05,Mango,2928.66,India_Average,National
2022-02-06,Mango,3004.46,India_Average,National
2022-02-07,Mango,3045.54,India_Average,National
2022-02-08,Mango,2954.17,India_Average,National
2022-02-09,Mango,2981.52,India_Average,National
2022-02-10,Mango,2945.46,India_Average,National
2022-02-11,Mango,3033.56,India_Average,National
2022-02-12,Mango,2978.89,India_Average,National
2022-02-13,Mango,2942.65,India_Average,National
2022-02-14,Mango,2893.66,India_Average,National
2022-02-15,Mango,2944.93,India_Average,National
2022-02-16,Mango,3004.08,India_Average,National
2022-02-17,Mango,2972.24,India_Average,National
2022-02-18,Mango,2988.86,India_Average,National
2022-02-19,Mango,3129.92,India_Average,National
2022-02-20,Mango,2971.9,India_Average,National
2022-02-21,Mango,2837.84,India_Average,National
2022-02-22,Mango,3062.59,India_Average,National
2022-02-23,Mango,2732.66,India_Average,National
2022-02-24,Mango,2774.42,India_Average,National
2022-02-25,Mango,2982.26,India_Average,National
2022-02-26,Mango,3008.74,India_Average,National
2022-02-27,Mango,2750.43,India_Average,National
2022-02-28,Mango,2876.87,India_Average,National
2022-03-01,Mango,2909.09,India_Average,National
2022-03-02,Mango,2927.0,India_Average,National
2022-03-03,Mango,3141.54,India_Average,National
2022-03-04,Mango,3105.98,India_Average,National
2022-03-05,Mango,2997.13,India_Average,National
2022-03-06,Mango,2918.11,India_Average,National
2022-03-07,Mango,2797.55,India_Average,National
2022-03-08,Mango,3213.03,India_Average,National
2022-03-09,Mango,3088.82,India_Average,National
2022-03-10,Mango,2894.0,India_Average,National
2022-03-11,Mango,3107.94,India_Average,National
2022-03-12,Mango,2989.47,India_Average,National
2022-03-13,Mango,2956.93,India_Average,National
2022-03-14,Mango,3065.28,India_Average,National
2022-03-15,Mango,2888.78,India_Average,National
2022-03-16,Mango,2948.44,India_Average,National
2022-03-17,Mango,3018.22,India_Average,National
2022-03-18,Mango,2925.08,India_Average,National
2022-03-19,Mango,3100.36,India_Average,National
2022-03-20,Mango,3280.36,India_Average,National
2022-03-21,Mango,2886.86,India_Average,National
2022-03-22,Mango,2750.23,India_Average,National
2022-03-23,Mango,2699.74,India_Average,National
2022-03-24,Mango,2977.43,India_Average,National
2022-03-25,Mango,2900.53,India_Average,National
2022-03-26,Mango,3031.18,India_Average,National
2022-03-27,Mango,3019.89,India_Average,National
2022-03-28,Mango,2759.52,India_Average,National
2022-03-29,Mango,2727.77,India_Average,National
2022-03-30,Mango,3044.39,India_Average,National
2022-03-31,Mango,3020.31,India_Average,National
2022-04-01,Mango,2870.57,India_Average,National
2022-04-02,Mango,2689.99,India_Average,National
2022-04-03,Mango,3002.14,India_Average,National
2022-04-04,Mango,3119.54,India_Average,National
2022-04-05,Mango,2973.78,India_Average,National
2022-04-06,Mango,2808.73,India_Average,National
2022-04-07,Mango,2939.55,India_Average,National
2022-04-08,Mango,2732.67,India_Average,National
2022-04-09,Mango,3088.16,India_Average,National
2022-04-10,Mango,2945.02,India_Average,National
2022-04-11,Mango,2673.71,India_Average,National
2022-04-12,Mango,2888.92,India_Average,National
2022-04-13,Mango,3000.96,India_Average,National
2022-04-14,Mango,2884.17,India_Average,National
2022-04-15,Mango,2892.55,India_Average,National
2022-04-16,Mango,2753.45,India_Average,National
2022-04-17,Mango,3016.1,India_Average,National
2022-04-18,Mango,2837.91,India_Average,National
2022-04-19,Mango,2616.77,India_Average,National
2022-04-20,Mango,2878.57,India_Average,National
2022-04-21,Mango,3076.9,India_Average,National
2022-04-22,Mango,2876.27,India_Average,National
2022-04-23,Mango,3187.89,India_Average,National
2022-04-24,Mango,2995.92,India_Average,National
2022-04-25,Mango,2982.69,India_Average,National
2022-04-26,Mango,2914.18,India_Average,National
2022-04-27,Mango,2923.0,India_Average,National
2022-04-28,Mango,2894.38,India_Average,National
2022-04-29,Mango,2888.68,India_Average,National
2022-04-30,Mango,3010.86,India_Average,National
2022-05-01,Mango,2621.32,India_Average,National
2022-05-02,Mango,2602.06,India_Average,National
2022-05-03,Mango,2595.56,India_Average,National
2022-05-04,Mango,3031.28,India_Average,National
2022-05-05,Mango,2822.92,India_Average,National
2022-05-06,Mango,2791.87,India_Average,National
2022-05-07,Mango,2604.59,India_Average,National
2022-05-08,Mango,2835.71,India_Average,National
2022-05-09,Mango,2733.97,India_Average,National
2022-05-10,Mango,2779.45,India_Average,National
2022-05-11,Mango,2615.71,India_Average,National
2022-05-12,Mango,2772.04,India_Average,National
2022-05-13,Mango,2691.72,India_Average,National
2022-05-14,Mango,2644.73,India_Average,National
2022-05-15,Mango,2850.94,India_Average,National
2022-05-16,Mango,2538.57,India_Average,National
2022-05-17,Mango,2827.66,India_Average,National
2022-05-18,Mango,2844.12,India_Average,National
2022-05-19,Mango,2629.05,India_Average,National
2022-05-20,Mango,2637.2,India_Average,National
2022-05-21,Mango,2719.33,India_Average,National
2022-05-22,Mango,2788.78,India_Average,National
2022-05-23,Mango,2728.98,India_Average,National
2022-05-24,Mango,2809.61,India_Average,National
2022-05-25,Mango,2992.41,India_Average,National
2022-05-26,Mango,2680.19,India_Average,National
2022-05-27,Mango,2514.16,India_Average,National
2022-05-28,Mango,2863.56,India_Average,National
2022-05-29,Mango,2981.46,India_Average,National
2022-05-30,Mango,2804.01,India_Average,National
2022-05-31,Mango,2600.43,India_Average,National
2022-06-01,Mango,2484.51,India_Average,National
2022-06-02,Mango,2360.18,India_Average,National
2022-06-03,Mango,2580.36,India_Average,National
2022-06-04,Mango,2331.09,India_Average,National
2022-06-05,Mango,2462.48,India_Average,National
2022-06-06,Mango,2374.46,India_Average,National
2022-06-07,Mango,2515.85,India_Average,National
2022-06-08,Mango,2454.21,India_Average,National
2022-06-09,Mango,2522.1,India_Average,National
2022-06-10,Mango,2502.79,India_Average,National
2022-06-11,Mango,2376.67,India_Average,National
2022-06-12,Mango,2578.36,India_Average,National
2022-06-13,Mango,2493.9,India_Average,National
2022-06-14,Mango,2376.43,India_Average,National
2022-06-15,Mango,2780.12,India_Average,National
2022-06-16,Mango,2559.55,India_Average,National
2022-06-17,Mango,2480.84,India_Average,National
2022-06-18,Mango,2676.9,India_Average,National
2022-06-19,Mango,2730.23,India_Average,National
2022-06-20,Mango,2481.83,India_Average,National
2022-06-21,Mango,2543.42,India_Average,National
2022-06-22,Mango,2376.5,India_Average,National
2022-06-23,Mango,2481.6,India_Average,National
2022-06-24,Mango,2475.12,India_Average,National
2022-06-25,Mango,2523.1,India_Average,National
2022-06-26,Mango,2541.6,India_Average,National
2022-06-27,Mango,2569.98,India_Average,National
2022-06-28,Mango,2529.71,India_Average,National
2022-06-29,Mango,2348.66,India_Average,National
2022-06-30,Mango,2382.69,India_Average,National
2022-07-01,Mango,2188.53,India_Average,National
2022-07-02,Mango,2218.25,India_Average,National
2022-07-03,Mango,2368.21,India_Average,National
2022-07-04,Mango,2119.17,India_Average,National
2022-07-05,Mango,2209.79,India_Average,National
2022-07-06,Mango,2357.21,India_Average,National
2022-07-07,Mango,2216.26,India_Average,National
2022-07-08,Mango,2301.8,India_Average,National
2022-07-09,Mango,2234.3,India_Average,National
2022-07-10,Mango,2278.89,India_Average,National
2022-07-11,Mango,2224.3,India_Average,National
2022-07-12,Mango,2325.04,India_Average,National
2022-07-13,Mango,2076.18,India_Average,National
2022-07-14,Mango,2209.13,India_Average,National
2022-07-15,Mango,2283.36,India_Average,National
2022-07-16,Mango,2310.04,India_Average,National
2022-07-17,Mango,2417.96,India_Average,National
2022-07-18,Mango,2206.01,India_Average,National
2022-07-19,Mango,2416.44,India_Average,National
2022-07-20,Mango,2175.86,India_Average,National
2022-07-21,Mango,2399.47,India_Average,National
2022-07-22,Mango,2341.97,India_Average,National
2022-07-23,Mango,2147.24,India_Average,National
2022-07-24,Mango,2284.54,India_Average,National
2022-07-25,Mango,2244.24,India_Average,National
2022-07-26,Mango,2320.38,India_Average,National
2022-07-27,Mango,2224.88,India_Average,National
2022-07-28,Mango,2215.43,India_Average,National
2022-07-29,Mango,2404.02,India_Average,National
2022-07-30,Mango,2238.89,India_Average,National
2022-07-31,Mango,2342.97,India_Average,National
2022-08-01,Mango,2043.7,India_Average,National
2022-08-02,Mango,2239.24,India_Average,National
2022-08-03,Mango,1996.88,India_Average,National
2022-08-04,Mango,2003.52,India_Average,National
2022-08-05,Mango,2224.55,India_Average,National
2022-08-06,Mango,2021.0,India_Average,National
2022-08-07,Mango,2232.46,India_Average,National
2022-08-08,Mango,2159.16,India_Average,National
2022-08-09,Mango,2051.0,India_Average,National
2022-08-10,Mango,1879.58,India_Average,National
2022-08-11,Mango,2064.99,India_Average,National
2022-08-12,Mango,2077.49,India_Average,National
2022-08-13,Mango,2187.62,India_Average,National
2022-08-14,Mango,2231.15,India_Average,National
2022-08-15,Mango,1996.19,India_Average,National
2022-08-16,Mango,2149.79,India_Average,National
2022-08-17,Mango,2146.09,India_Average,National
2022-08-18,Mango,2177.92,India_Average,National
2022-08-19,Mango,2118.53,India_Average,National
2022-08-20,Mango,1866.23,India_Average,National
2022-08-21,Mango,2050.92,India_Average,National
2022-08-22,Mango,1947.55,India_Average,National
2022-08-23,Mango,2046.05,India_Average,National
2022-08-24,Mango,2168.27,India_Average,National
2022-08-25,Mango,2098.52,India_Average,National
2022-08-26,Mango,2185.64,India_Average,National
2022-08-27,Mango,2102.31,India_Average,National
2022-08-28,Mango,1932.81,India_Average,National
2022-08-29,Mango,1806.46,India_Average,National
2022-08-30,Mango,2082.37,India_Average,National
2022-08-31,Mango,2044.88,India_Average,National
2022-09-01,Mango,1902.31,India_Average,National
2022-09-02,Mango,1829.94,India_Average,National
2022-09-03,Mango,1926.53,India_Average,National
2022-09-04,Mango,1980.55,India_Average,National
2022-09-05,Mango,2066.59,India_Average,National
2022-09-06,Mango,2018.86,India_Average,National
2022-09-07,Mango,2160.81,India_Average,National
2022-09-08,Mango,1896.44,India_Average,National
2022-09-09,Mango,2088.11,India_Average,National
2022-09-10,Mango,2004.73,India_Average,National
2022-09-11,Mango,2069.47,India_Average,National
2022-09-12,Mango,1956.35,India_Average,National
2022-09-13,Mango,2107.17,India_Average,National
2022-09-14,Mango,2029.52,India_Average,National
2022-09-15,Mango,1932.06,India_Average,National
2022-09-16,Mango,1998.8,India_Average,National
2022-09-17,Mango,1976.04,India_Average,National
2022-09-18,Mango,2048.92,India_Average,National
2022-09-19,Mango,1882.02,India_Average,National
2022-09-20,Mango,1997.06,India_Average,National
2022-09-21,Mango,2039.53,India_Average,National
2022-09-22,Mango,2003.3,India_Average,National
2022-09-23,Mango,2134.69,India_Average,National
2022-09-24,Mango,2077.4,India_Average,National
2022-09-25,Mango,1999.25,India_Average,National
2022-09-26,Mango,2021.67,India_Average,National
2022-09-27,Mango,2029.57,India_Average,National
2022-09-28,Mango,2040.33,India_Average,National
2022-09-29,Mango,1817.43,India_Average,National
2022-09-30,Mango,1969.85,India_Average,National
2022-10-01,Mango,1913.57,India_Average,National
2022-10-02,Mango,2199.1,India_Average,National
2022-10-03,Mango,2060.7,India_Average,National
2022-10-04,Mango,2047.01,India_Average,National
2022-10-05,Mango,2159.67,India_Average,National
2022-10-06,Mango,2110.63,India_Average,National
2022-10-07,Mango,1950.34,India_Average,National
2022-10-08,Mango,2059.66,India_Average,National
2022-10-09,Mango,2032.35,India_Average,National
2022-10-10,Mango,1886.69,India_Average,National
2022-10-11,Mango,1995.65,India_Average,National
2022-10-12,Mango,2048.02,India_Average,National
2022-10-13,Mango,2055.11,India_Average,National
2022-10-14,Mango,1913.8,India_Average,National
2022-10-15,Mango,2186.01,India_Average,National
2022-10-16,Mango,2056.44,India_Average,National
2022-10-17,Mango,2070.87,India_Average,National
2022-10-18,Mango,2108.39,India_Average,National
2022-10-19,Mango,1985.54,India_Average,National
2022-10-20,Mango,2114.15,India_Average,National
2022-10-21,Mango,2029.05,India_Average,National
2022-10-22,Mango,1974.33,India_Average,National
2022-10-23,Mango,2126.25,India_Average,National
2022-10-24,Mango,2221.15,India_Average,National
2022-10-25,Mango,2141.9,India_Average,National
2022-10-26,Mango,2162.38,India_Average,National
2022-10-27,Mango,2013.18,India_Average,National
2022-10-28,Mango,1901.87,India_Average,National
2022-10-29,Mango,2220.99,India_Average,National
2022-10-30,Mango,2279.32,India_Average,National
2022-10-31,Mango,2226.44,India_Average,National
2022-11-01,Mango,2212.22,India_Average,National
2022-11-02,Mango,2120.1,India_Average,National
2022-11-03,Mango,2130.11,India_Average,National
2022-11-04,Mango,2060.58,India_Average,National
2022-11-05,Mango,2237.92,India_Average,National
2022-11-06,Mango,2430.64,India_Average,National
2022-11-07,Mango,2234.06,India_Average,National
2022-11-08,Mango,2284.01,India_Average,National
2022-11-09,Mango,2404.75,India_Average,National
2022-11-10,Mango,2204.54,India_Average,National
2022-11-11,Mango,2479.0,India_Average,National
2022-11-12,Mango,2474.11,India_Average,National
2022-11-13,Mango,2235.25,India_Average,National
2022-11-14,Mango,2185.03,India_Average,National
2022-11-15,Mango,2328.44,India_Average,National
2022-11-16,Mango,2210.9,India_Average,National
2022-11-17,Mango,2119.89,India_Average,National
2022-11-18,Mango,2394.14,India_Average,National
2022-11-19,Mango,2386.85,India_Average,National
2022-11-20,Mango,2267.5,India_Average,National
2022-11-21,Mango,2107.93,India_Average,National
2022-11-22,Mango,2111.68,India_Average,National
2022-11-23,Mango,2262.06,India_Average,National
2022-11-24,Mango,2193.76,India_Average,National
2022-11-25,Mango,2211.63,India_Average,National
2022-11-26,Mango,2364.97,India_Average,National
2022-11-27,Mango,2332.48,India_Average,National
2022-11-28,Mango,2405.04,India_Average,National
2022-11-29,Mango,2138.55,India_Average,National
2022-11-30,Mango,2211.39,India_Average,National
2022-12-01,Mango,2594.87,India_Average,National
2022-12-02,Mango,2556.01,India_Average,National
2022-12-03,Mango,2691.55,India_Average,National
2022-12-04,Mango,2552.57,India_Average,National
2022-12-05,Mango,2731.01,India_Average,National
2022-12-06,Mango,2567.5,India_Average,National
2022-12-07,Mango,2632.77,India_Average,National
2022-12-08,Mango,2459.56,India_Average,National
2022-12-09,Mango,2501.79,India_Average,National
2022-12-10,Mango,2613.87,India_Average,National
2022-12-11,Mango,2701.62,India_Average,National
2022-12-12,Mango,2591.15,India_Average,National
2022-12-13,Mango,2489.6,India_Average,National
2022-12-14,Mango,2672.17,India_Average,National
2022-12-15,Mango,2226.0,India_Average,National
2022-12-16,Mango,2322.22,India_Average,National
2022-12-17,Mango,2585.2,India_Average,National
2022-12-18,Mango,2501.76,India_Average,National
2022-12-19,Mango,2575.69,India_Average,National
2022-12-20,Mango,2508.05,India_Average,National
2022-12-21,Mango,2571.37,India_Average,National
2022-12-22,Mango,2398.2,India_Average,National
2022-12-23,Mango,2571.31,India_Average,National
2022-12-24,Mango,2624.3,India_Average,National
2022-12-25,Mango,2652.57,India_Average,National
2022-12-26,Mango,2751.69,India_Average,National
2022-12-27,Mango,2530.51,India_Average,National
2022-12-28,Mango,2534.24,India_Average,National
2022-12-29,Mango,2309.6,India_Average,National
2022-12-30,Mango,2433.57,India_Average,National
2022-12-31,Mango,2475.86,India_Average,National
2023-01-01,Mango,2894.42,India_Average,National
2023-01-02,Mango,2665.99,India_Average,National
2023-01-03,Mango,2859.5,India_Average,National
2023-01-04,Mango,2749.78,India_Average,National
2023-01-05,Mango,2725.64,India_Average,National
2023-01-06,Mango,2784.22,India_Average,National
2023-01-07,Mango,2696.22,India_Average,National
2023-01-08,Mango,2691.01,India_Average,National
2023-01-09,Mango,2515.59,India_Average,National
2023-01-10,Mango,2715.91,India_Average,National
2023-01-11,Mango,2684.0,India_Average,National
2023-01-12,Mango,2679.05,India_Average,National
2023-01-13,Mango,2807.32,India_Average,National
2023-01-14,Mango,2840.56,India_Average,National
2023-01-15,Mango,2781.93,India_Average,National
2023-01-16,Mango,2886.87,India_Average,National
2023-01-17,Mango,2829.14,India_Average,National
2023-01-18,Mango,2709.43,India_Average,National
2023-01-19,Mango,2686.36,India_Average,National
2023-01-20,Mango,2793.01,India_Average,National
2023-01-21,Mango,2828.89,India_Average,National
2023-01-22,Mango,2942.2,India_Average,National
2023-01-23,Mango,2913.79,India_Average,National
2023-01-24,Mango,2675.55,India_Average,National
2023-01-25,Mango,2735.97,India_Average,National
2023-01-26,Mango,2842.26,India_Average,National
2023-01-27,Mango,2896.85,India_Average,National
2023-01-28,Mango,2879.11,India_Average,National
2023-01-29,Mango,2741.22,India_Average,National
2023-01-30,Mango,2577.57,India_Average,National
2023-01-31,Mango,2612.65,India_Average,National
2023-02-01,Mango,2972.99,India_Average,National
2023-02-02,Mango,2983.2,India_Average,National
2023-02-03,Mango,2771.89,India_Average,National
2023-02-04,Mango,2939.55,India_Average,National
2023-02-05,Mango,3025.58,India_Average,National
2023-02-06,Mango,2764.18,India_Average,National
2023-02-07,Mango,3095.06,India_Average,National
2023-02-08,Mango,2877.65,India_Average,National
2023-02-09,Mango,3117.44,India_Average,National
2023-02-10,Mango,2854.78,India_Average,National
2023-02-11,Mango,2782.46,India_Average,National
2023-02-12,Mango,2865.83,India_Average,National
2023-02-13,Mango,2919.06,India_Average,National
2023-02-14,Mango,2876.04,India_Average,National
2023-02-15,Mango,2901.34,India_Average,National
2023-02-16,Mango,2981.99,India_Average,National
2023-02-17,Mango,2907.91,India_Average,National
2023-02-18,Mango,2923.32,India_Average,National
2023-02-19,Mango,2682.35,India_Average,National
2023-02-20,Mango,2990.46,India_Average,National
2023-02-21,Mango,2919.93,India_Average,National
2023-02-22,Mango,3169.16,India_Average,National
2023-02-23,Mango,2795.22,India_Average,National
2023-02-24,Mango,2667.83,India_Average,National
2023-02-25,Mango,3023.65,India_Average,National
2023-02-26,Mango,2983.83,India_Average,National
2023-02-27,Mango,2785.13,India_Average,National
2023-02-28,Mango,2708.67,India_Average,National
2023-03-01,Mango,3230.61,India_Average,National
2023-03-02,Mango,3212.12,India_Average,National
2023-03-03,Mango,2626.88,India_Average,National
2023-03-04,Mango,2931.27,India_Average,National
2023-03-05,Mango,3249.63,India_Average,National
2023-03-06,Mango,2928.59,India_Average,National
2023-03-07,Mango,2926.41,India_Average,National
2023-03-08,Mango,2957.59,India_Average,National
2023-03-09,Mango,2831.87,India_Average,National
2023-03-10,Mango,2744.28,India_Average,National
2023-03-11,Mango,3157.88,India_Average,National
2023-03-12,Mango,2723.56,India_Average,National
2023-03-13,Mango,3037.09,India_Average,National
2023-03-14,Mango,3132.99,India_Average,National
2023-03-15,Mango,2782.32,India_Average,National
2023-03-16,Mango,2861.36,India_Average,National
2023-03-17,Mango,3181.98,India_Average,National
2023-03-18,Mango,3079.93,India_Average,National
2023-03-19,Mango,2907.41,India_Average,National
2023-03-20,Mango,3180.34,India_Average,National
2023-03-21,Mango,3180.98,India_Average,National
2023-03-22,Mango,3040.36,India_Average,National
2023-03-23,Mango,2864.98,India_Average,National
2023-03-24,Mango,2937.98,India_Average,National
2023-03-25,Mango,3042.96,India_Average,National
2023-03-26,Mango,2971.71,India_Average,National
2023-03-27,Mango,3140.84,India_Average,National
2023-03-28,Mango,2770.53,India_Average,National
2023-03-29,Mango,2775.86,India_Average,National
2023-03-30,Mango,3027.13,India_Average,National
2023-03-31,Mango,2926.27,India_Average,National
2023-04-01,Mango,2841.06,India_Average,National
2023-04-02,Mango,2673.73,India_Average,National
2023-04-03,Mango,2935.88,India_Average,National
2023-04-04,Mango,2925.28,India_Average,National
2023-04-05,Mango,3028.85,India_Average,National
2023-04-06,Mango,2943.12,India_Average,National
2023-04-07,Mango,2913.57,India_Average,National
2023-04-08,Mango,3105.62,India_Average,National
2023-04-09,Mango,2740.54,India_Average,National
2023-04-10,Mango,3011.67,India_Average,National
2023-04-11,Mango,2687.94,India_Average,National
2023-04-12,Mango,2810.07,India_Average,National
2023-04-13,Mango,2755.18,India_Average,National
2023-04-14,Mango,3047.69,India_Average,National
2023-04-15,Mango,2923.42,India_Average,National
2023-04-16,Mango,2931.03,India_Average,National
2023-04-17,Mango,2770.71,India_Average,National
2023-04-18,Mango,2889.06,India_Average,National
2023-04-19,Mango,2821.05,India_Average,National
2023-04-20,Mango,2989.25,India_Average,National
2023-04-21,Mango,2787.67,India_Average,National
2023-04-22,Mango,3128.03,India_Average,National
2023-04-23,Mango,2687.29,India_Average,National
2023-04-24,Mango,2814.74,India_Average,National
2023-04-25,Mango,3178.98,India_Average,National
2023-04-26,Mango,2869.2,India_Average,National
2023-04-27,Mango,2740.18,India_Average,National
2023-04-28,Mango,2965.14,India_Average,National
2023-04-29,Mango,2863.3,India_Average,National
2023-04-30,Mango,2810.43,India_Average,National
2023-05-01,Mango,2599.32,India_Average,National
2023-05-02,Mango,3130.65,India_Average,National
2023-05-03,Mango,2715.41,India_Average,National
2023-05-04,Mango,2485.23,India_Average,National
2023-05-05,Mango,2955.39,India_Average,National
2023-05-06,Mango,2834.02,India_Average,National
2023-05-07,Mango,2644.61,India_Average,National
2023-05-08,Mango,2621.7,India_Average,National
2023-05-09,Mango,2842.6,India_Average,National
2023-05-10,Mango,2716.05,India_Average,National
2023-05-11,Mango,2485.18,India_Average,National
2023-05-12,Mango,2995.75,India_Average,National
2023-05-13,Mango,2690.33,India_Average,National
2023-05-14,Mango,2955.64,India_Average,National
2023-05-15,Mango,2925.78,India_Average,National
2023-05-16,Mango,2612.36,India_Average,National
2023-05-17,Mango,2892.06,India_Average,National
2023-05-18,Mango,2660.43,India_Average,National
2023-05-19,Mango,2493.33,India_Average,National
2023-05-20,Mango,2691.62,India_Average,National
2023-05-21,Mango,2804.68,India_Average,National
2023-05-22,Mango,2686.37,India_Average,National
2023-05-23,Mango,2707.78,India_Average,National
2023-05-24,Mango,2907.24,India_Average,National
2023-05-25,Mango,2764.64,India_Average,National
2023-05-26,Mango,2634.05,India_Average,National
2023-05-27,Mango,2846.53,India_Average,National
2023-05-28,Mango,2777.18,India_Average,National
2023-05-29,Mango,2403.28,India_Average,National
2023-05-30,Mango,2808.9,India_Average,National
2023-05-31,Mango,2803.88,India_Average,National
2023-06-01,Mango,2502.52,India_Average,National
2023-06-02,Mango,2611.46,India_Average,National
2023-06-03,Mango,2415.95,India_Average,National
2023-06-04,Mango,2542.06,India_Average,National
2023-06-05,Mango,2304.13,India_Average,National
2023-06-06,Mango,2550.89,India_Average,National
2023-06-07,Mango,2744.13,India_Average,National
2023-06-08,Mango,2375.64,India_Average,National
2023-06-09,Mango,2405.02,India_Average,National
2023-06-10,Mango,2411.25,India_Average,National
2023-06-11,Mango,2516.25,India_Average,National
2023-06-12,Mango,2367.12,India_Average,National
2023-06-13,Mango,2552.66,India_Average,National
2023-06-14,Mango,2605.85,India_Average,National
2023-06-15,Mango,2566.79,India_Average,National
2023-06-16,Mango,2278.95,India_Average,National
2023-06-17,Mango,2624.4,India_Average,National
2023-06-18,Mango,2617.17,India_Average,National
2023-06-19,Mango,2603.77,India_Average,National
2023-06-20,Mango,2546.61,India_Average,National
2023-06-21,Mango,2527.52,India_Average,National
2023-06-22,Mango,2629.05,India_Average,National
2023-06-23,Mango,2740.44,India_Average,National
2023-06-24,Mango,2380.87,India_Average,National
2023-06-25,Mango,2634.77,India_Average,National
2023-06-26,Mango,2489.22,India_Average,National
2023-06-27,Mango,2483.79,India_Average,National
2023-06-28,Mango,2307.93,India_Average,National
2023-06-29,Mango,2464.4,India_Average,National
2023-06-30,Mango,2375.34,India_Average,National
2023-07-01,Mango,2197.82,India_Average,National
2023-07-02,Mango,2126.45,India_Average,National
2023-07-03,Mango,2199.5,India_Average,National
2023-07-04,Mango,2204.31,India_Average,National
2023-07-05,Mango,2260.88,India_Average,National
2023-07-06,Mango,2068.34,India_Average,National
2023-07-07,Mango,2087.38,India_Average,National
2023-07-08,Mango,2290.72,India_Average,National
2023-07-09,Mango,2160.29,India_Average,National
2023-07-10,Mango,2370.88,India_Average,National
2023-07-11,Mango,2275.34,India_Average,National
2023-07-12,Mango,2318.26,India_Average,National
2023-07-13,Mango,2408.7,India_Average,National
2023-07-14,Mango,2215.16,India_Average,National
2023-07-15,Mango,2185.37,India_Average,National
2023-07-16,Mango,2348.07,India_Average,National
2023-07-17,Mango,2307.32,India_Average,National
2023-07-18,Mango,2228.93,India_Average,National
2023-07-19,Mango,2406.54,India_Average,National
2023-07-20,Mango,2226.12,India_Average,National
2023-07-21,Mango,2253.69,India_Average,National
2023-07-22,Mango,2252.39,India_Average,National
2023-07-23,Mango,2144.86,India_Average,National
2023-07-24,Mango,2258.73,India_Average,National
2023-07-25,Mango,2407.14,India_Average,National
2023-07-26,Mango,2300.06,India_Average,National
2023-07-27,Mango,2253.49,India_Average,National
2023-07-28,Mango,2231.8,India_Average,National
2023-07-29,Mango,2287.22,India_Average,National
2023-07-30,Mango,2334.35,India_Average,National
2023-07-31,Mango,2318.54,India_Average,National
2023-08-01,Mango,2032.69,India_Average,National
2023-08-02,Mango,2100.55,India_Average,National
2023-08-03,Mango,2116.59,India_Average,National
2023-08-04,Mango,1962.89,India_Average,National
2023-08-05,Mango,2084.37,India_Average,National
2023-08-06,Mango,1843.62,India_Average,National
2023-08-07,Mango,2116.86,India_Average,National
2023-08-08,Mango,2135.23,India_Average,National
2023-08-09,Mango,2144.25,India_Average,National
2023-08-10,Mango,2026.16,India_Average,National
2023-08-11,Mango,2098.93,India_Average,National
2023-08-12,Mango,2214.15,India_Average,National
2023-08-13,Mango,2213.1,India_Average,National
2023-08-14,Mango,2063.97,India_Average,National
2023-08-15,Mango,2081.39,India_Average,National
2023-08-16,Mango,2181.8,India_Average,National
2023-08-17,Mango,1911.88,India_Average,National
2023-08-18,Mango,2033.6,India_Average,National
2023-08-19,Mango,2205.02,India_Average,National
2023-08-20,Mango,2167.77,India_Average,National
2023-08-21,Mango,2105.15,India_Average,National
2023-08-22,Mango,1911.36,India_Average,National
2023-08-23,Mango,2061.83,India_Average,National
2023-08-24,Mango,2006.02,India_Average,National
2023-08-25,Mango,2101.2,India_Average,National
2023-08-26,Mango,1983.34,India_Average,National
2023-08-27,Mango,1960.98,India_Average,National
2023-08-28,Mango,1853.58,India_Average,National
2023-08-29,Mango,2193.26,India_Average,National
2023-08-30,Mango,2025.67,India_Average,National
2023-08-31,Mango,2083.23,India_Average,National
2023-09-01,Mango,1999.78,India_Average,National
2023-09-02,Mango,1893.26,India_Average,National
2023-09-03,Mango,1874.09,India_Average,National
2023-09-04,Mango,1899.47,India_Average,National
2023-09-05,Mango,1927.68,India_Average,National
2023-09-06,Mango,2036.66,India_Average,National
2023-09-07,Mango,1920.43,India_Average,National
2023-09-08,Mango,2174.65,India_Average,National
2023-09-09,Mango,2102.72,India_Average,National
2023-09-10,Mango,2080.84,India_Average,National
2023-09-11,Mango,1988.03,India_Average,National
2023-09-12,Mango,2151.43,India_Average,National
2023-09-13,Mango,1978.2,India_Average,National
2023-09-14,Mango,1996.87,India_Average,National
2023-09-15,Mango,2017.0,India_Average,National
2023-09-16,Mango,2070.18,India_Average,National
2023-09-17,Mango,2063.69,India_Average,National
2023-09-18,Mango,1952.49,India_Average,National
2023-09-19,Mango,1946.7,India_Average,National
2023-09-20,Mango,2063.99,India_Average,National
2023-09-21,Mango,2071.52,India_Average,National
2023-09-22,Mango,1960.66,India_Average,National
2023-09-23,Mango,1841.28,India_Average,National
2023-09-24,Mango,1979.27,India_Average,National
2023-09-25,Mango,2062.35,India_Average,National
2023-09-26,Mango,2180.54,India_Average,National
2023-09-27,Mango,1880.2,India_Average,National
2023-09-28,Mango,1957.34,India_Average,National
2023-09-29,Mango,1961.06,India_Average,National
2023-09-30,Mango,2135.58,India_Average,National
2023-10-01,Mango,2063.38,India_Average,National
2023-10-02,Mango,1973.22,India_Average,National
2023-10-03,Mango,2124.73,India_Average,National
2023-10-04,Mango,2025.17,India_Average,National
2023-10-05,Mango,1940.45,India_Average,National
2023-10-06,Mango,1974.72,India_Average,National
2023-10-07,Mango,2246.2,India_Average,National
2023-10-08,Mango,2106.7,India_Average,National
2023-10-09,Mango,2078.12,India_Average,National
2023-10-10,Mango,2041.16,India_Average,National
2023-10-11,Mango,2097.18,India_Average,National
2023-10-12,Mango,2095.95,India_Average,National
2023-10-13,Mango,2097.18,India_Average,National
2023-10-14,Mango,2078.86,India_Average,National
2023-10-15,Mango,2156.78,India_Average,National
2023-10-16,Mango,2069.38,India_Average,National
2023-10-17,Mango,1965.92,India_Average,National
2023-10-18,Mango,2003.69,India_Average,National
2023-10-19,Mango,1862.46,India_Average,National
2023-10-20,Mango,2276.46,India_Average,National
2023-10-21,Mango,2156.15,India_Average,National
2023-10-22,Mango,1981.2,India_Average,National
2023-10-23,Mango,2037.86,India_Average,National
2023-10-24,Mango,2001.17,India_Average,National
2023-10-25,Mango,2226.41,India_Average,National
2023-10-26,Mango,1920.24,India_Average,National
2023-10-27,Mango,2078.82,India_Average,National
2023-10-28,Mango,2055.77,India_Average,National
2023-10-29,Mango,2152.44,India_Average,National
2023-10-30,Mango,2056.24,India_Average,National
2023-10-31,Mango,1885.28,India_Average,National
2023-11-01,Mango,2221.75,India_Average,National
2023-11-02,Mango,2140.63,India_Average,National
2023-11-03,Mango,2258.95,India_Average,National
2023-11-04,Mango,2411.34,India_Average,National
2023-11-05,Mango,2054.31,India_Average,National
2023-11-06,Mango,2159.97,India_Average,National
2023-11-07,Mango,2187.82,India_Average,National
2023-11-08,Mango,2207.07,India_Average,National
2023-11-09,Mango,2333.26,India_Average,National
2023-11-10,Mango,2230.48,India_Average,National
2023-11-11,Mango,2296.78,India_Average,National
2023-11-12,Mango,2179.6,India_Average,National
2023-11-13,Mango,2275.87,India_Average,National
2023-11-14,Mango,2337.5,India_Average,National
2023-11-15,Mango,2167.62,India_Average,National
2023-11-16,Mango,2337.9,India_Average,National
2023-11-17,Mango,2255.89,India_Average,National
2023-11-18,Mango,2367.61,India_Average,National
2023-11-19,Mango,2227.34,India_Average,National
2023-11-20,Mango,2292.89,India_Average,National
2023-11-21,Mango,2245.43,India_Average,National
2023-11-22,Mango,2239.18,India_Average,National
2023-11-23,Mango,2279.13,India_Average,National
2023-11-24,Mango,2310.39,India_Average,National
2023-11-25,Mango,2109.42,India_Average,National
2023-11-26,Mango,2411.28,India_Average,National
2023-11-27,Mango,2040.79,India_Average,National
2023-11-28,Mango,2172.96,India_Average,National
2023-11-29,Mango,2239.39,India_Average,National
2023-11-30,Mango,2296.39,India_Average,National
2023-12-01,Mango,2697.02,India_Average,National
2023-12-02,Mango,2267.71,India_Average,National
2023-12-03,Mango,2436.54,India_Average,National
2023-12-04,Mango,2234.15,India_Average,National
2023-12-05,Mango,2503.95,India_Average,National
2023-12-06,Mango,2533.96,India_Average,National
2023-12-07,Mango,2698.85,India_Average,National
2023-12-08,Mango,2515.08,India_Average,National
2023-12-09,Mango,2630.5,India_Average,National
2023-12-10,Mango,2572.98,India_Average,National
2023-12-11,Mango,2445.59,India_Average,National
2023-12-12,Mango,2323.88,India_Average,National
2023-12-13,Mango,2534.38,India_Average,National
2023-12-14,Mango,2313.49,India_Average,National
2023-12-15,Mango,2661.9,India_Average,National
2023-12-16,Mango,2479.74,India_Average,National
2023-12-17,Mango,2649.4,India_Average,National
2023-12-18,Mango,2439.97,India_Average,National
2023-12-19,Mango,2533.61,India_Average,National
2023-12-20,Mango,2526.17,India_Average,National
2023-12-21,Mango,2494.37,India_Average,National
2023-12-22,Mango,2445.92,India_Average,National
2023-12-23,Mango,2549.06,India_Average,National
2023-12-24,Mango,2384.23,India_Average,National
2023-12-25,Mango,2348.82,India_Average,National
2023-12-26,Mango,2655.35,India_Average,National
2023-12-27,Mango,2590.9,India_Average,National
2023-12-28,Mango,2508.24,India_Average,National
2023-12-29,Mango,2708.14,India_Average,National
2023-12-30,Mango,2466.53,India_Average,National
2023-12-31,Mango,2665.34,India_Average,National
2024-01-01,Mango,2774.14,India_Average,National
2022-01-01,Mothbeans,3652.74,India_Average,National
2022-01-02,Mothbeans,4205.75,India_Average,National
2022-01-03,Mothbeans,4040.71,India_Average,National
2022-01-04,Mothbeans,3826.7,India_Average,National
2022-01-05,Mothbeans,3989.98,India_Average,National
2022-01-06,Mothbeans,3772.29,India_Average,National
2022-01-07,Mothbeans,4009.61,India_Average,National
2022-01-08,Mothbeans,3389.72,India_Average,National
2022-01-09,Mothbeans,3653.69,India_Average,National
2022-01-10,Mothbeans,4038.51,India_Average,National
2022-01-11,Mothbeans,3801.94,India_Average,National
2022-01-12,Mothbeans,3889.95,India_Average,National
2022-01-13,Mothbeans,3590.74,India_Average,National
2022-01-14,Mothbeans,4205.71,India_Average,National
2022-01-15,Mothbeans,4079.18,India_Average,National
2022-01-16,Mothbeans,3811.37,India_Average,National
2022-01-17,Mothbeans,3772.1,India_Average,National
2022-01-18,Mothbeans,4048.2,India_Average,National
2022-01-19,Mothbeans,4231.63,India_Average,National
2022-01-20,Mothbeans,4033.6,India_Average,National
2022-01-21,Mothbeans,4268.07,India_Average,National
2022-01-22,Mothbeans,3672.45,India_Average,National
2022-01-23,Mothbeans,3692.27,India_Average,National
2022-01-24,Mothbeans,3621.13,India_Average,National
2022-01-25,Mothbeans,3935.04,India_Average,National
2022-01-26,Mothbeans,3883.8,India_Average,National
2022-01-27,Mothbeans,3820.75,India_Average,National
2022-01-28,Mothbeans,4005.78,India_Average,National
2022-01-29,Mothbeans,4087.22,India_Average,National
2022-01-30,Mothbeans,3556.31,India_Average,National
2022-01-31,Mothbeans,3735.08,India_Average,National
2022-02-01,Mothbeans,4274.6,India_Average,National
2022-02-02,Mothbeans,4010.19,India_Average,National
2022-02-03,Mothbeans,3942.34,India_Average,National
2022-02-04,Mothbeans,4315.33,India_Average,National
2022-02-05,Mothbeans,3841.47,India_Average,National
2022-02-06,Mothbeans,4044.3,India_Average,National
2022-02-07,Mothbeans,4173.69,India_Average,National
2022-02-08,Mothbeans,3988.41,India_Average,National
2022-02-09,Mothbeans,4267.01,India_Average,National
2022-02-10,Mothbeans,3989.42,India_Average,National
2022-02-11,Mothbeans,4395.42,India_Average,National
2022-02-12,Mothbeans,4080.4,India_Average,National
2022-02-13,Mothbeans,4244.04,India_Average,National
2022-02-14,Mothbeans,4259.38,India_Average,National
2022-02-15,Mothbeans,3977.38,India_Average,National
2022-02-16,Mothbeans,3684.61,India_Average,National
2022-02-17,Mothbeans,4180.28,India_Average,National
2022-02-18,Mothbeans,4121.06,India_Average,National
2022-02-19,Mothbeans,4220.33,India_Average,National
2022-02-20,Mothbeans,4059.71,India_Average,National
2022-02-21,Mothbeans,4017.85,India_Average,National
2022-02-22,Mothbeans,4518.58,India_Average,National
2022-02-23,Mothbeans,3803.93,India_Average,National
2022-02-24,Mothbeans,4256.91,India_Average,National
2022-02-25,Mothbeans,3988.25,India_Average,National
2022-02-26,Mothbeans,4037.28,India_Average,National
2022-02-27,Mothbeans,4041.11,India_Average,National
2022-02-28,Mothbeans,3941.26,India_Average,National
2022-03-01,Mothbeans,4319.96,India_Average,National
2022-03-02,Mothbeans,4492.04,India_Average,National
2022-03-03,Mothbeans,4298.7,India_Average,National
2022-03-04,Mothbeans,4221.71,India_Average,National
2022-03-05,Mothbeans,3992.85,India_Average,National
2022-03-06,Mothbeans,4308.53,India_Average,National
2022-03-07,Mothbeans,4652.83,India_Average,National
2022-03-08,Mothbeans,4120.05,India_Average,National
2022-03-09,Mothbeans,4121.04,India_Average,National
2022-03-10,Mothbeans,4082.17,India_Average,National
2022-03-11,Mothbeans,4097.22,India_Average,National
2022-03-12,Mothbeans,3623.49,India_Average,National
2022-03-13,Mothbeans,4285.06,India_Average,National
2022-03-14,Mothbeans,4022.43,India_Average,National
2022-03-15,Mothbeans,3861.84,India_Average,National
2022-03-16,Mothbeans,4358.17,India_Average,National
2022-03-17,Mothbeans,3972.78,India_Average,National
2022-03-18,Mothbeans,4128.88,India_Average,National
2022-03-19,Mothbeans,4507.95,India_Average,National
2022-03-20,Mothbeans,3904.06,India_Average,National
2022-03-21,Mothbeans,3878.15,India_Average,National
2022-03-22,Mothbeans,4256.55,India_Average,National
2022-03-23,Mothbeans,4441.39,India_Average,National
2022-03-24,Mothbeans,3869.39,India_Average,National
2022-03-25,Mothbeans,4285.61,India_Average,National
2022-03-26,Mothbeans,4322.01,India_Average,National
2022-03-27,Mothbeans,3767.58,India_Average,National
2022-03-28,Mothbeans,4367.69,India_Average,National
2022-03-29,Mothbeans,4384.09,India_Average,National
2022-03-30,Mothbeans,4134.53,India_Average,National
2022-03-31,Mothbeans,4462.99,India_Average,National
2022-04-01,Mothbeans,4339.54,India_Average,National
2022-04-02,Mothbeans,4127.39,India_Average,National
2022-04-03,Mothbeans,4013.53,India_Average,National
2022-04-04,Mothbeans,3906.49,India_Average,National
2022-04-05,Mothbeans,4098.51,India_Average,National
2022-04-06,Mothbeans,4223.2,India_Average,National
2022-04-07,Mothbeans,4039.66,India_Average,National
2022-04-08,Mothbeans,3655.05,India_Average,National
2022-04-09,Mothbeans,4366.7,India_Average,National
2022-04-10,Mothbeans,4145.27,India_Average,National
2022-04-11,Mothbeans,4028.28,India_Average,National
2022-04-12,Mothbeans,4282.2,India_Average,National
2022-04-13,Mothbeans,4419.24,India_Average,National
2022-04-14,Mothbeans,3530.95,India_Average,National
2022-04-15,Mothbeans,4195.38,India_Average,National
2022-04-16,Mothbeans,3813.31,India_Average,National
2022-04-17,Mothbeans,4208.69,India_Average,National
2022-04-18,Mothbeans,4132.48,India_Average,National
2022-04-19,Mothbeans,4236.74,India_Average,National
2022-04-20,Mothbeans,4003.72,India_Average,National
2022-04-21,Mothbeans,3721.62,India_Average,National
2022-04-22,Mothbeans,4013.75,India_Average,National
2022-04-23,Mothbeans,4189.75,India_Average,National
2022-04-24,Mothbeans,4314.69,India_Average,National
2022-04-25,Mothbeans,3865.63,India_Average,National
2022-04-26,Mothbeans,4317.08,India_Average,National
2022-04-27,Mothbeans,3973.2,India_Average,National
2022-04-28,Mothbeans,4180.63,India_Average,National
2022-04-29,Mothbeans,4001.53,India_Average,National
2022-04-30,Mothbeans,4143.62,India_Average,National
2022-05-01,Mothbeans,4021.69,India_Average,National
2022-05-02,Mothbeans,3613.8,India_Average,National
2022-05-03,Mothbeans,3719.12,India_Average,National
2022-05-04,Mothbeans,3885.61,India_Average,National
2022-05-05,Mothbeans,4312.3,India_Average,National
2022-05-06,Mothbeans,3683.84,India_Average,National
2022-05-07,Mothbeans,4242.73,India_Average,National
2022-05-08,Mothbeans,4235.85,India_Average,National
2022-05-09,Mothbeans,3831.27,India_Average,National
2022-05-10,Mothbeans,3792.61,India_Average,National
2022-05-11,Mothbeans,3716.78,India_Average,National
2022-05-12,Mothbeans,3836.87,India_Average,National
2022-05-13,Mothbeans,3579.21,India_Average,National
2022-05-14,Mothbeans,3835.32,India_Average,National
2022-05-15,Mothbeans,4138.15,India_Average,National
2022-05-16,Mothbeans,3732.37,India_Average,National
2022-05-17,Mothbeans,3803.66,India_Average,National
2022-05-18,Mothbeans,3522.53,India_Average,National
2022-05-19,Mothbeans,3922.01,India_Average,National
2022-05-20,Mothbeans,3900.91,India_Average,National
2022-05-21,Mothbeans,3862.26,India_Average,National
2022-05-22,Mothbeans,3808.26,India_Average,National
2022-05-23,Mothbeans,3793.64,India_Average,National
2022-05-24,Mothbeans,3946.62,India_Average,National
2022-05-25,Mothbeans,3844.45,India_Average,National
2022-05-26,Mothbeans,3910.63,India_Average,National
2022-05-27,Mothbeans,3891.38,India_Average,National
2022-05-28,Mothbeans,4066.26,India_Average,National
2022-05-29,Mothbeans,3980.32,India_Average,National
2022-05-30,Mothbeans,3887.13,India_Average,National
2022-05-31,Mothbeans,4142.3,India_Average,National
2022-06-01,Mothbeans,3573.55,India_Average,National
2022-06-02,Mothbeans,3728.37,India_Average,National
2022-06-03,Mothbeans,3606.21,India_Average,National
2022-06-04,Mothbeans,3177.66,India_Average,National
2022-06-05,Mothbeans,3728.35,India_Average,National
2022-06-06,Mothbeans,3523.66,India_Average,National
2022-06-07,Mothbeans,3490.91,India_Average,National
2022-06-08,Mothbeans,3549.24,India_Average,National
2022-06-09,Mothbeans,3439.63,India_Average,National
2022-06-10,Mothbeans,3539.73,India_Average,National
2022-06-11,Mothbeans,3396.42,India_Average,National
2022-06-12,Mothbeans,3723.0,India_Average,National
2022-06-13,Mothbeans,3480.12,India_Average,National
2022-06-14,Mothbeans,3433.05,India_Average,National
2022-06-15,Mothbeans,3338.14,India_Average,National
2022-06-16,Mothbeans,3547.04,India_Average,National
2022-06-17,Mothbeans,3532.74,India_Average,National
2022-06-18,Mothbeans,3567.97,India_Average,National
2022-06-19,Mothbeans,3320.23,India_Average,National
2022-06-20,Mothbeans,3219.79,India_Average,National
2022-06-21,Mothbeans,3609.48,India_Average,National
2022-06-22,Mothbeans,3759.81,India_Average,National
2022-06-23,Mothbeans,3320.39,India_Average,National
2022-06-24,Mothbeans,3778.15,India_Average,National
2022-06-25,Mothbeans,3549.68,India_Average,National
2022-06-26,Mothbeans,3498.76,India_Average,National
2022-06-27,Mothbeans,3430.43,India_Average,National
2022-06-28,Mothbeans,3257.71,India_Average,National
2022-06-29,Mothbeans,3672.85,India_Average,National
2022-06-30,Mothbeans,3364.27,India_Average,National
2022-07-01,Mothbeans,3027.18,India_Average,National
2022-07-02,Mothbeans,3306.23,India_Average,National
2022-07-03,Mothbeans,2853.43,India_Average,National
2022-07-04,Mothbeans,2910.03,India_Average,National
2022-07-05,Mothbeans,3147.14,India_Average,National
2022-07-06,Mothbeans,3196.19,India_Average,National
2022-07-07,Mothbeans,3226.35,India_Average,National
2022-07-08,Mothbeans,3102.47,India_Average,National
2022-07-09,Mothbeans,3548.53,India_Average,National
2022-07-10,Mothbeans,3114.11,India_Average,National
2022-07-11,Mothbeans,3113.65,India_Average,National
2022-07-12,Mothbeans,3024.47,India_Average,National
2022-07-13,Mothbeans,3169.52,India_Average,National
2022-07-14,Mothbeans,3246.86,India_Average,National
2022-07-15,Mothbeans,3339.56,India_Average,National
2022-07-16,Mothbeans,2915.44,India_Average,National
2022-07-17,Mothbeans,3111.26,India_Average,National
2022-07-18,Mothbeans,3220.36,India_Average,National
2022-07-19,Mothbeans,3242.46,India_Average,National
2022-07-20,Mothbeans,3151.03,India_Average,National
2022-07-21,Mothbeans,3235.43,India_Average,National
2022-07-22,Mothbeans,3022.59,India_Average,National
2022-07-23,Mothbeans,3395.37,India_Average,National
2022-07-24,Mothbeans,3306.34,India_Average,National
2022-07-25,Mothbeans,2938.17,India_Average,National
2022-07-26,Mothbeans,2980.67,India_Average,National
2022-07-27,Mothbeans,2985.11,India_Average,National
2022-07-28,Mothbeans,3256.78,India_Average,National
2022-07-29,Mothbeans,2947.66,India_Average,National
2022-07-30,Mothbeans,3097.86,India_Average,National
2022-07-31,Mothbeans,3221.62,India_Average,National
2022-08-01,Mothbeans,2884.21,India_Average,National
2022-08-02,Mothbeans,2931.24,India_Average,National
2022-08-03,Mothbeans,2739.57,India_Average,National
2022-08-04,Mothbeans,2979.85,India_Average,National
2022-08-05,Mothbeans,2805.06,India_Average,National
2022-08-06,Mothbeans,2846.81,India_Average,National
2022-08-07,Mothbeans,2928.18,India_Average,National
2022-08-08,Mothbeans,2908.7,India_Average,National
2022-08-09,Mothbeans,2897.25,India_Average,National
2022-08-10,Mothbeans,2785.17,India_Average,National
2022-08-11,Mothbeans,2850.44,India_Average,National
2022-08-12,Mothbeans,2894.1,India_Average,National
2022-08-13,Mothbeans,2694.82,India_Average,National
2022-08-14,Mothbeans,2826.86,India_Average,National
2022-08-15,Mothbeans,2949.88,India_Average,National
2022-08-16,Mothbeans,2708.95,India_Average,National
2022-08-17,Mothbeans,3061.13,India_Average,National
2022-08-18,Mothbeans,3077.48,India_Average,National
2022-08-19,Mothbeans,2713.62,India_Average,National
2022-08-20,Mothbeans,3090.21,India_Average,National
2022-08-21,Mothbeans,2873.01,India_Average,National
2022-08-22,Mothbeans,2954.34,India_Average,National
2022-08-23,Mothbeans,2821.92,India_Average,National
2022-08-24,Mothbeans,3027.34,India_Average,National
2022-08-25,Mothbeans,2952.54,India_Average,National
2022-08-26,Mothbeans,2775.98,India_Average,National
2022-08-27,Mothbeans,2725.19,India_Average,National
2022-08-28,Mothbeans,2682.49,India_Average,National
2022-08-29,Mothbeans,2920.98,India_Average,National
2022-08-30,Mothbeans,2976.61,India_Average,National
2022-08-31,Mothbeans,2987.97,India_Average,National
2022-09-01,Mothbeans,2783.48,India_Average,National
2022-09-02,Mothbeans,2638.02,India_Average,National
2022-09-03,Mothbeans,2704.51,India_Average,National
2022-09-04,Mothbeans,2961.33,India_Average,National
2022-09-05,Mothbeans,2732.15,India_Average,National
2022-09-06,Mothbeans,2820.08,India_Average,National
2022-09-07,Mothbeans,2649.41,India_Average,National
2022-09-08,Mothbeans,2847.12,India_Average,National
2022-09-09,Mothbeans,2735.92,India_Average,National
2022-09-10,Mothbeans,2946.54,India_Average,National
2022-09-11,Mothbeans,2908.3,India_Average,National
2022-09-12,Mothbeans,2730.6,India_Average,National
2022-09-13,Mothbeans,2782.27,India_Average,National
2022-09-14,Mothbeans,2722.84,India_Average,National
2022-09-15,Mothbeans,2601.28,India_Average,National
2022-09-16,Mothbeans,2679.96,India_Average,National
2022-09-17,Mothbeans,2827.75,India_Average,National
2022-09-18,Mothbeans,2845.54,India_Average,National
2022-09-19,Mothbeans,2820.8,India_Average,National
2022-09-20,Mothbeans,2757.76,India_Average,National
2022-09-21,Mothbeans,2930.63,India_Average,National
2022-09-22,Mothbeans,2808.9,India_Average,National
2022-09-23,Mothbeans,2898.46,India_Average,National
2022-09-24,Mothbeans,2551.67,India_Average,National
2022-09-25,Mothbeans,2250.86,India_Average,National
2022-09-26,Mothbeans,2839.73,India_Average,National
2022-09-27,Mothbeans,2600.53,India_Average,National
2022-09-28,Mothbeans,2770.26,India_Average,National
2022-09-29,Mothbeans,2757.71,India_Average,National
2022-09-30,Mothbeans,3022.24,India_Average,National
2022-10-01,Mothbeans,2951.66,India_Average,National
2022-10-02,Mothbeans,2917.78,India_Average,National
2022-10-03,Mothbeans,3014.89,India_Average,National
2022-10-04,Mothbeans,2947.1,India_Average,National
2022-10-05,Mothbeans,2827.56,India_Average,National
2022-10-06,Mothbeans,3048.81,India_Average,National
2022-10-07,Mothbeans,2733.21,India_Average,National
2022-10-08,Mothbeans,2940.55,India_Average,National
2022-10-09,Mothbeans,2669.87,India_Average,National
2022-10-10,Mothbeans,2923.29,India_Average,National
2022-10-11,Mothbeans,2921.71,India_Average,National
2022-10-12,Mothbeans,3136.35,India_Average,National
2022-10-13,Mothbeans,2667.35,India_Average,National
2022-10-14,Mothbeans,2806.84,India_Average,National
2022-10-15,Mothbeans,3012.82,India_Average,National
2022-10-16,Mothbeans,2942.3,India_Average,National
2022-10-17,Mothbeans,2919.87,India_Average,National
2022-10-18,Mothbeans,2755.44,India_Average,National
2022-10-19,Mothbeans,2808.3,India_Average,National
2022-10-20,Mothbeans,3073.93,India_Average,National
2022-10-21,Mothbeans,2886.33,India_Average,National
2022-10-22,Mothbeans,2948.09,India_Average,National
2022-10-23,Mothbeans,2877.12,India_Average,National
2022-10-24,Mothbeans,2722.6,India_Average,National
2022-10-25,Mothbeans,3028.89,India_Average,National
2022-10-26,Mothbeans,2966.59,India_Average,National
2022-10-27,Mothbeans,3227.38,India_Average,National
2022-10-28,Mothbeans,2746.84,India_Average,National
2022-10-29,Mothbeans,3012.8,India_Average,National
2022-10-30,Mothbeans,2704.02,India_Average,National
2022-10-31,Mothbeans,2916.55,India_Average,National
2022-11-01,Mothbeans,3303.8,India_Average,National
2022-11-02,Mothbeans,2823.64,India_Average,National
2022-11-03,Mothbeans,3117.72,India_Average,National
2022-11-04,Mothbeans,3061.29,India_Average,National
2022-11-05,Mothbeans,3039.44,India_Average,National
2022-11-06,Mothbeans,3210.67,India_Average,National
2022-11-07,Mothbeans,3326.51,India_Average,National
2022-11-08,Mothbeans,3129.01,India_Average,National
2022-11-09,Mothbeans,3182.36,India_Average,National
2022-11-10,Mothbeans,3168.0,India_Average,National
2022-11-11,Mothbeans,3150.28,India_Average,National
2022-11-12,Mothbeans,2978.43,India_Average,National
2022-11-13,Mothbeans,3324.58,India_Average,National
2022-11-14,Mothbeans,3196.49,India_Average,National
2022-11-15,Mothbeans,3212.19,India_Average,National
2022-11-16,Mothbeans,3022.97,India_Average,National
2022-11-17,Mothbeans,3077.67,India_Average,National
2022-11-18,Mothbeans,3122.26,India_Average,National
2022-11-19,Mothbeans,2908.38,India_Average,National
2022-11-20,Mothbeans,2884.13,India_Average,National
2022-11-21,Mothbeans,3055.38,India_Average,National
2022-11-22,Mothbeans,3232.3,India_Average,National
2022-11-23,Mothbeans,3047.13,India_Average,National
2022-11-24,Mothbeans,2989.54,India_Average,National
2022-11-25,Mothbeans,3021.69,India_Average,National
2022-11-26,Mothbeans,3078.28,India_Average,National
2022-11-27,Mothbeans,3094.27,India_Average,National
2022-11-28,Mothbeans,3491.07,India_Average,National
2022-11-29,Mothbeans,3316.1,India_Average,National
2022-11-30,Mothbeans,3311.4,India_Average,National
2022-12-01,Mothbeans,3704.5,India_Average,National
2022-12-02,Mothbeans,3325.21,India_Average,National
2022-12-03,Mothbeans,3286.09,India_Average,National
2022-12-04,Mothbeans,3306.3,India_Average,National
2022-12-05,Mothbeans,3733.54,India_Average,National
2022-12-06,Mothbeans,3404.24,India_Average,National
2022-12-07,Mothbeans,3281.01,India_Average,National
2022-12-08,Mothbeans,3424.58,India_Average,National
2022-12-09,Mothbeans,3458.24,India_Average,National
2022-12-10,Mothbeans,3546.97,India_Average,National
2022-12-11,Mothbeans,3543.92,India_Average,National
2022-12-12,Mothbeans,3355.07,India_Average,National
2022-12-13,Mothbeans,3619.99,India_Average,National
2022-12-14,Mothbeans,3388.14,India_Average,National
2022-12-15,Mothbeans,3472.65,India_Average,National
2022-12-16,Mothbeans,3620.19,India_Average,National
2022-12-17,Mothbeans,3387.68,India_Average,National
2022-12-18,Mothbeans,3400.36,India_Average,National
2022-12-19,Mothbeans,3603.54,India_Average,National
2022-12-20,Mothbeans,3349.9,India_Average,National
2022-12-21,Mothbeans,3432.66,India_Average,National
2022-12-22,Mothbeans,3597.25,India_Average,National
2022-12-23,Mothbeans,3859.47,India_Average,National
2022-12-24,Mothbeans,3605.95,India_Average,National
2022-12-25,Mothbeans,3582.71,India_Average,National
2022-12-26,Mothbeans,3592.89,India_Average,National
2022-12-27,Mothbeans,3312.19,India_Average,National
2022-12-28,Mothbeans,3520.23,India_Average,National
2022-12-29,Mothbeans,3494.79,India_Average,National
2022-12-30,Mothbeans,3556.28,India_Average,National
2022-12-31,Mothbeans,3520.39,India_Average,National
2023-01-01,Mothbeans,3923.09,India_Average,National
2023-01-02,Mothbeans,3790.04,India_Average,National
2023-01-03,Mothbeans,3861.28,India_Average,National
2023-01-04,Mothbeans,3613.64,India_Average,National
2023-01-05,Mothbeans,3788.42,India_Average,National
2023-01-06,Mothbeans,4117.74,India_Average,National
2023-01-07,Mothbeans,3911.37,India_Average,National
2023-01-08,Mothbeans,3845.97,India_Average,National
2023-01-09,Mothbeans,4215.0,India_Average,National
2023-01-10,Mothbeans,3588.04,India_Average,National
2023-01-11,Mothbeans,3636.43,India_Average,National
2023-01-12,Mothbeans,4179.7,India_Average,National
2023-01-13,Mothbeans,3858.85,India_Average,National
2023-01-14,Mothbeans,3803.3,India_Average,National
2023-01-15,Mothbeans,3619.15,India_Average,National
2023-01-16,Mothbeans,3936.18,India_Average,National
2023-01-17,Mothbeans,3954.81,India_Average,National
2023-01-18,Mothbeans,3639.31,India_Average,National
2023-01-19,Mothbeans,3823.0,India_Average,National
2023-01-20,Mothbeans,3785.41,India_Average,National
2023-01-21,Mothbeans,3899.28,India_Average,National
2023-01-22,Mothbeans,3634.54,India_Average,National
2023-01-23,Mothbeans,4091.0,India_Average,National
2023-01-24,Mothbeans,4026.3,India_Average,National
2023-01-25,Mothbeans,3780.09,India_Average,National
2023-01-26,Mothbeans,3808.34,India_Average,National
2023-01-27,Mothbeans,3823.74,India_Average,National
2023-01-28,Mothbeans,3700.18,India_Average,National
2023-01-29,Mothbeans,3764.64,India_Average,National
2023-01-30,Mothbeans,3797.97,India_Average,National
2023-01-31,Mothbeans,4160.48,India_Average,National
2023-02-01,Mothbeans,4300.57,India_Average,National
2023-02-02,Mothbeans,4298.11,India_Average,National
2023-02-03,Mothbeans,4182.17,India_Average,National
2023-02-04,Mothbeans,3876.82,India_Average,National
2023-02-05,Mothbeans,4097.7,India_Average,National
2023-02-06,Mothbeans,4305.47,India_Average,National
2023-02-07,Mothbeans,3847.88,India_Average,National
2023-02-08,Mothbeans,4236.91,India_Average,National
2023-02-09,Mothbeans,4583.07,India_Average,National
2023-02-10,Mothbeans,4324.22,India_Average,National
2023-02-11,Mothbeans,4396.53,India_Average,National
2023-02-12,Mothbeans,4151.05,India_Average,National
2023-02-13,Mothbeans,4304.94,India_Average,National
2023-02-14,Mothbeans,3958.83,India_Average,National
2023-02-15,Mothbeans,4269.62,India_Average,National
2023-02-16,Mothbeans,4240.57,India_Average,National
2023-02-17,Mothbeans,4165.74,India_Average,National
2023-02-18,Mothbeans,4376.41,India_Average,National
2023-02-19,Mothbeans,3995.6,India_Average,National
2023-02-20,Mothbeans,4067.81,India_Average,National
2023-02-21,Mothbeans,4125.82,India_Average,National
2023-02-22,Mothbeans,3894.83,India_Average,National
2023-02-23,Mothbeans,4152.81,India_Average,National
2023-02-24,Mothbeans,3753.3,India_Average,National
2023-02-25,Mothbeans,4321.17,India_Average,National
2023-02-26,Mothbeans,4115.79,India_Average,National
2023-02-27,Mothbeans,3999.27,India_Average,National
2023-02-28,Mothbeans,3934.91,India_Average,National
2023-03-01,Mothbeans,4150.74,India_Average,National
2023-03-02,Mothbeans,4344.53,India_Average,National
2023-03-03,Mothbeans,4315.03,India_Average,National
2023-03-04,Mothbeans,4051.84,India_Average,National
2023-03-05,Mothbeans,4022.33,India_Average,National
2023-03-06,Mothbeans,4337.95,India_Average,National
2023-03-07,Mothbeans,4048.31,India_Average,National
2023-03-08,Mothbeans,4212.58,India_Average,National
2023-03-09,Mothbeans,4225.99,India_Average,National
2023-03-10,Mothbeans,4265.53,India_Average,National
2023-03-11,Mothbeans,4380.24,India_Average,National
2023-03-12,Mothbeans,3934.78,India_Average,National
2023-03-13,Mothbeans,3798.66,India_Average,National
2023-03-14,Mothbeans,4080.84,India_Average,National
2023-03-15,Mothbeans,4578.32,India_Average,National
2023-03-16,Mothbeans,4624.66,India_Average,National
2023-03-17,Mothbeans,4584.55,India_Average,National
2023-03-18,Mothbeans,4159.47,India_Average,National
2023-03-19,Mothbeans,3825.76,India_Average,National
2023-03-20,Mothbeans,3707.96,India_Average,National
2023-03-21,Mothbeans,4071.05,India_Average,National
2023-03-22,Mothbeans,4158.4,India_Average,National
2023-03-23,Mothbeans,4473.13,India_Average,National
2023-03-24,Mothbeans,4382.24,India_Average,National
2023-03-25,Mothbeans,4247.76,India_Average,National
2023-03-26,Mothbeans,4013.13,India_Average,National
2023-03-27,Mothbeans,3998.24,India_Average,National
2023-03-28,Mothbeans,4253.37,India_Average,National
2023-03-29,Mothbeans,4346.38,India_Average,National
2023-03-30,Mothbeans,4282.3,India_Average,National
2023-03-31,Mothbeans,3982.73,India_Average,National
2023-04-01,Mothbeans,4239.81,India_Average,National
2023-04-02,Mothbeans,4193.66,India_Average,National
2023-04-03,Mothbeans,3886.4,India_Average,National
2023-04-04,Mothbeans,3945.19,India_Average,National
2023-04-05,Mothbeans,4247.57,India_Average,National
2023-04-06,Mothbeans,4058.07,India_Average,National
2023-04-07,Mothbeans,4432.49,India_Average,National
2023-04-08,Mothbeans,4209.11,India_Average,National
2023-04-09,Mothbeans,4006.31,India_Average,National
2023-04-10,Mothbeans,4104.12,India_Average,National
2023-04-11,Mothbeans,4119.23,India_Average,National
2023-04-12,Mothbeans,3956.67,India_Average,National
2023-04-13,Mothbeans,3918.85,India_Average,National
2023-04-14,Mothbeans,4250.22,India_Average,National
2023-04-15,Mothbeans,4279.76,India_Average,National
2023-04-16,Mothbeans,4230.18,India_Average,National
2023-04-17,Mothbeans,4417.33,India_Average,National
2023-04-18,Mothbeans,3994.99,India_Average,National
2023-04-19,Mothbeans,4449.96,India_Average,National
2023-04-20,Mothbeans,3921.25,India_Average,National
2023-04-21,Mothbeans,3898.3,India_Average,National
2023-04-22,Mothbeans,3744.88,India_Average,National
2023-04-23,Mothbeans,4014.69,India_Average,National
2023-04-24,Mothbeans,4002.8,India_Average,National
2023-04-25,Mothbeans,4214.2,India_Average,National
2023-04-26,Mothbeans,4156.29,India_Average,National
2023-04-27,Mothbeans,3861.29,India_Average,National
2023-04-28,Mothbeans,4025.59,India_Average,National
2023-04-29,Mothbeans,4029.95,India_Average,National
2023-04-30,Mothbeans,3741.59,India_Average,National
2023-05-01,Mothbeans,3661.17,India_Average,National
2023-05-02,Mothbeans,3701.62,India_Average,National
2023-05-03,Mothbeans,4125.97,India_Average,National
2023-05-04,Mothbeans,3886.85,India_Average,National
2023-05-05,Mothbeans,3977.47,India_Average,National
2023-05-06,Mothbeans,3561.51,India_Average,National
2023-05-07,Mothbeans,4079.89,India_Average,National
2023-05-08,Mothbeans,4100.46,India_Average,National
2023-05-09,Mothbeans,3465.32,India_Average,National
2023-05-10,Mothbeans,3714.23,India_Average,National
2023-05-11,Mothbeans,3945.43,India_Average,National
2023-05-12,Mothbeans,3974.04,India_Average,National
2023-05-13,Mothbeans,3719.39,India_Average,National
2023-05-14,Mothbeans,3791.19,India_Average,National
2023-05-15,Mothbeans,3735.0,India_Average,National
2023-05-16,Mothbeans,3871.26,India_Average,National
2023-05-17,Mothbeans,4080.46,India_Average,National
2023-05-18,Mothbeans,3701.57,India_Average,National
2023-05-19,Mothbeans,4042.66,India_Average,National
2023-05-20,Mothbeans,3699.53,India_Average,National
2023-05-21,Mothbeans,3686.83,India_Average,National
2023-05-22,Mothbeans,4007.58,India_Average,National
2023-05-23,Mothbeans,4027.47,India_Average,National
2023-05-24,Mothbeans,4013.9,India_Average,National
2023-05-25,Mothbeans,3596.71,India_Average,National
2023-05-26,Mothbeans,3760.3,India_Average,National
2023-05-27,Mothbeans,4008.43,India_Average,National
2023-05-28,Mothbeans,3858.0,India_Average,National
2023-05-29,Mothbeans,3643.31,India_Average,National
2023-05-30,Mothbeans,3938.23,India_Average,National
2023-05-31,Mothbeans,3712.4,India_Average,National
2023-06-01,Mothbeans,3814.04,India_Average,National
2023-06-02,Mothbeans,3770.35,India_Average,National
2023-06-03,Mothbeans,3605.72,India_Average,National
2023-06-04,Mothbeans,3738.18,India_Average,National
2023-06-05,Mothbeans,3511.34,India_Average,National
2023-06-06,Mothbeans,3633.95,India_Average,National
2023-06-07,Mothbeans,3758.6,India_Average,National
2023-06-08,Mothbeans,3542.96,India_Average,National
2023-06-09,Mothbeans,3455.34,India_Average,National
2023-06-10,Mothbeans,3201.69,India_Average,National
2023-06-11,Mothbeans,3485.45,India_Average,National
2023-06-12,Mothbeans,3644.1,India_Average,National
2023-06-13,Mothbeans,3665.49,India_Average,National
2023-06-14,Mothbeans,3588.26,India_Average,National
2023-06-15,Mothbeans,3405.27,India_Average,National
2023-06-16,Mothbeans,3154.06,India_Average,National
2023-06-17,Mothbeans,3413.34,India_Average,National
2023-06-18,Mothbeans,3446.74,India_Average,National
2023-06-19,Mothbeans,3445.24,India_Average,National
2023-06-20,Mothbeans,3608.25,India_Average,National
2023-06-21,Mothbeans,3847.49,India_Average,National
2023-06-22,Mothbeans,3521.62,India_Average,National
2023-06-23,Mothbeans,3462.07,India_Average,National
2023-06-24,Mothbeans,3454.64,India_Average,National
2023-06-25,Mothbeans,3521.77,India_Average,National
2023-06-26,Mothbeans,3355.05,India_Average,National
2023-06-27,Mothbeans,3521.03,India_Average,National
2023-06-28,Mothbeans,3578.89,India_Average,National
2023-06-29,Mothbeans,3536.7,India_Average,National
2023-06-30,Mothbeans,3580.07,India_Average,National
2023-07-01,Mothbeans,3218.32,India_Average,National
2023-07-02,Mothbeans,2870.93,India_Average,National
2023-07-03,Mothbeans,3250.31,India_Average,National
2023-07-04,Mothbeans,3044.32,India_Average,National
2023-07-05,Mothbeans,2977.41,India_Average,National
2023-07-06,Mothbeans,2976.05,India_Average,National
2023-07-07,Mothbeans,3218.28,India_Average,National
2023-07-08,Mothbeans,3114.94,India_Average,National
2023-07-09,Mothbeans,2885.09,India_Average,National
2023-07-10,Mothbeans,3225.29,India_Average,National
2023-07-11,Mothbeans,2923.26,India_Average,National
2023-07-12,Mothbeans,3172.02,India_Average,National
2023-07-13,Mothbeans,3187.56,India_Average,National
2023-07-14,Mothbeans,3289.48,India_Average,National
2023-07-15,Mothbeans,3430.62,India_Average,National
2023-07-16,Mothbeans,2935.06,India_Average,National
2023-07-17,Mothbeans,3141.74,India_Average,National
2023-07-18,Mothbeans,3106.48,India_Average,National
2023-07-19,Mothbeans,3218.32,India_Average,National
2023-07-20,Mothbeans,3183.97,India_Average,National
2023-07-21,Mothbeans,3094.47,India_Average,National
2023-07-22,Mothbeans,3080.56,India_Average,National
2023-07-23,Mothbeans,2974.16,India_Average,National
2023-07-24,Mothbeans,3305.59,India_Average,National
2023-07-25,Mothbeans,3222.32,India_Average,National
2023-07-26,Mothbeans,3294.55,India_Average,National
2023-07-27,Mothbeans,3101.11,India_Average,National
2023-07-28,Mothbeans,3046.55,India_Average,National
2023-07-29,Mothbeans,2980.17,India_Average,National
2023-07-30,Mothbeans,3206.53,India_Average,National
2023-07-31,Mothbeans,2986.23,India_Average,National
2023-08-01,Mothbeans,3161.26,India_Average,National
2023-08-02,Mothbeans,2704.58,India_Average,National
2023-08-03,Mothbeans,2933.38,India_Average,National
2023-08-04,Mothbeans,3120.49,India_Average,National
2023-08-05,Mothbeans,2980.46,India_Average,National
2023-08-06,Mothbeans,2919.2,India_Average,National
2023-08-07,Mothbeans,2753.65,India_Average,National
2023-08-08,Mothbeans,2693.86,India_Average,National
2023-08-09,Mothbeans,3005.2,India_Average,National
2023-08-10,Mothbeans,3111.71,India_Average,National
2023-08-11,Mothbeans,2830.29,India_Average,National
2023-08-12,Mothbeans,2728.97,India_Average,National
2023-08-13,Mothbeans,2538.11,India_Average,National
2023-08-14,Mothbeans,2751.88,India_Average,National
2023-08-15,Mothbeans,2877.34,India_Average,National
2023-08-16,Mothbeans,3125.16,India_Average,National
2023-08-17,Mothbeans,2991.18,India_Average,National
2023-08-18,Mothbeans,2937.92,India_Average,National
2023-08-19,Mothbeans,2835.89,India_Average,National
2023-08-20,Mothbeans,2809.4,India_Average,National
2023-08-21,Mothbeans,3097.16,India_Average,National
2023-08-22,Mothbeans,2922.83,India_Average,National
2023-08-23,Mothbeans,2589.56,India_Average,National
2023-08-24,Mothbeans,2796.33,India_Average,National
2023-08-25,Mothbeans,2769.61,India_Average,National
2023-08-26,Mothbeans,2814.74,India_Average,National
2023-08-27,Mothbeans,2975.23,India_Average,National
2023-08-28,Mothbeans,2878.24,India_Average,National
2023-08-29,Mothbeans,2882.66,India_Average,National
2023-08-30,Mothbeans,3083.83,India_Average,National
2023-08-31,Mothbeans,2793.01,India_Average,National
2023-09-01,Mothbeans,3060.99,India_Average,National
2023-09-02,Mothbeans,2706.02,India_Average,National
2023-09-03,Mothbeans,2812.49,India_Average,National
2023-09-04,Mothbeans,2760.63,India_Average,National
2023-09-05,Mothbeans,2817.28,India_Average,National
2023-09-06,Mothbeans,2862.24,India_Average,National
2023-09-07,Mothbeans,2860.74,India_Average,National
2023-09-08,Mothbeans,2694.56,India_Average,National
2023-09-09,Mothbeans,2642.79,India_Average,National
2023-09-10,Mothbeans,3150.44,India_Average,National
2023-09-11,Mothbeans,2732.24,India_Average,National
2023-09-12,Mothbeans,2897.89,India_Average,National
2023-09-13,Mothbeans,2574.93,India_Average,National
2023-09-14,Mothbeans,2760.85,India_Average,National
2023-09-15,Mothbeans,2782.19,India_Average,National
2023-09-16,Mothbeans,2866.19,India_Average,National
2023-09-17,Mothbeans,2418.86,India_Average,National
2023-09-18,Mothbeans,2823.26,India_Average,National
2023-09-19,Mothbeans,2639.04,India_Average,National
2023-09-20,Mothbeans,2845.41,India_Average,National
2023-09-21,Mothbeans,2654.91,India_Average,National
2023-09-22,Mothbeans,2680.23,India_Average,National
2023-09-23,Mothbeans,2761.69,India_Average,National
2023-09-24,Mothbeans,2652.67,India_Average,National
2023-09-25,Mothbeans,2733.43,India_Average,National
2023-09-26,Mothbeans,2632.93,India_Average,National
2023-09-27,Mothbeans,2543.36,India_Average,National
2023-09-28,Mothbeans,2942.51,India_Average,National
2023-09-29,Mothbeans,2618.55,India_Average,National
2023-09-30,Mothbeans,2774.98,India_Average,National
2023-10-01,Mothbeans,3002.72,India_Average,National
2023-10-02,Mothbeans,2804.81,India_Average,National
2023-10-03,Mothbeans,2774.39,India_Average,National
2023-10-04,Mothbeans,2926.52,India_Average,National
2023-10-05,Mothbeans,3055.54,India_Average,National
2023-10-06,Mothbeans,2724.6,India_Average,National
2023-10-07,Mothbeans,2872.06,India_Average,National
2023-10-08,Mothbeans,2643.11,India_Average,National
2023-10-09,Mothbeans,2836.89,India_Average,National
2023-10-10,Mothbeans,2898.73,India_Average,National
2023-10-11,Mothbeans,2770.13,India_Average,National
2023-10-12,Mothbeans,2827.66,India_Average,National
2023-10-13,Mothbeans,2690.03,India_Average,National
2023-10-14,Mothbeans,2904.93,India_Average,National
2023-10-15,Mothbeans,3046.53,India_Average,National
2023-10-16,Mothbeans,2735.04,India_Average,National
2023-10-17,Mothbeans,2803.69,India_Average,National
2023-10-18,Mothbeans,2966.5,India_Average,National
2023-10-19,Mothbeans,3069.16,India_Average,National
2023-10-20,Mothbeans,2677.73,India_Average,National
2023-10-21,Mothbeans,2869.36,India_Average,National
2023-10-22,Mothbeans,2934.75,India_Average,National
2023-10-23,Mothbeans,2879.02,India_Average,National
2023-10-24,Mothbeans,2535.42,India_Average,National
2023-10-25,Mothbeans,2966.28,India_Average,National
2023-10-26,Mothbeans,3113.61,India_Average,National
2023-10-27,Mothbeans,2910.66,India_Average,National
2023-10-28,Mothbeans,2744.59,India_Average,National
2023-10-29,Mothbeans,2819.54,India_Average,National
2023-10-30,Mothbeans,3149.87,India_Average,National
2023-10-31,Mothbeans,3025.44,India_Average,National
2023-11-01,Mothbeans,3250.8,India_Average,National
2023-11-02,Mothbeans,3206.13,India_Average,National
2023-11-03,Mothbeans,3045.87,India_Average,National
2023-11-04,Mothbeans,3118.41,India_Average,National
2023-11-05,Mothbeans,3137.73,India_Average,National
2023-11-06,Mothbeans,3236.56,India_Average,National
2023-11-07,Mothbeans,3387.65,India_Average,National
2023-11-08,Mothbeans,3326.14,India_Average,National
2023-11-09,Mothbeans,2926.45,India_Average,National
2023-11-10,Mothbeans,3185.28,India_Average,National
2023-11-11,Mothbeans,3266.04,India_Average,National
2023-11-12,Mothbeans,3247.47,India_Average,National
2023-11-13,Mothbeans,3050.9,India_Average,National
2023-11-14,Mothbeans,3608.97,India_Average,National
2023-11-15,Mothbeans,2948.86,India_Average,National
2023-11-16,Mothbeans,2979.4,India_Average,National
2023-11-17,Mothbeans,3186.79,India_Average,National
2023-11-18,Mothbeans,3483.4,India_Average,National
2023-11-19,Mothbeans,3018.3,India_Average,National
2023-11-20,Mothbeans,3108.13,India_Average,National
2023-11-21,Mothbeans,3319.67,India_Average,National
2023-11-22,Mothbeans,3147.19,India_Average,National
2023-11-23,Mothbeans,3097.3,India_Average,National
2023-11-24,Mothbeans,3239.09,India_Average,National
2023-11-25,Mothbeans,3192.92,India_Average,National
2023-11-26,Mothbeans,3312.29,India_Average,National
2023-11-27,Mothbeans,3353.41,India_Average,National
2023-11-28,Mothbeans,3198.35,India_Average,National
2023-11-29,Mothbeans,3195.95,India_Average,National
2023-11-30,Mothbeans,3183.72,India_Average,National
2023-12-01,Mothbeans,3585.6,India_Average,National
2023-12-02,Mothbeans,3509.65,India_Average,National
2023-12-03,Mothbeans,3499.89,India_Average,National
2023-12-04,Mothbeans,3709.41,India_Average,National
2023-12-05,Mothbeans,3765.32,India_Average,National
2023-12-06,Mothbeans,3236.18,India_Average,National
2023-12-07,Mothbeans,3501.75,India_Average,National
2023-12-08,Mothbeans,3379.48,India_Average,National
2023-12-09,Mothbeans,3445.58,India_Average,National
2023-12-10,Mothbeans,3570.44,India_Average,National
2023-12-11,Mothbeans,3617.15,India_Average,National
2023-12-12,Mothbeans,3480.38,India_Average,National
2023-12-13,Mothbeans,3165.17,India_Average,National
2023-12-14,Mothbeans,3331.12,India_Average,National
2023-12-15,Mothbeans,3656.89,India_Average,National
2023-12-16,Mothbeans,3020.43,India_Average,National
2023-12-17,Mothbeans,3707.8,India_Average,National
2023-12-18,Mothbeans,3591.22,India_Average,National
2023-12-19,Mothbeans,3730.33,India_Average,National
2023-12-20,Mothbeans,3465.25,India_Average,National
2023-12-21,Mothbeans,3139.25,India_Average,National
2023-12-22,Mothbeans,3575.31,India_Average,National
2023-12-23,Mothbeans,3723.06,India_Average,National
2023-12-24,Mothbeans,3661.83,India_Average,National
2023-12-25,Mothbeans,3384.03,India_Average,National
2023-12-26,Mothbeans,3515.18,India_Average,National
2023-12-27,Mothbeans,3406.75,India_Average,National
2023-12-28,Mothbeans,3356.63,India_Average,National
2023-12-29,Mothbeans,3667.19,India_Average,National
2023-12-30,Mothbeans,3290.43,India_Average,National
2023-12-31,Mothbeans,3343.58,India_Average,National
2024-01-01,Mothbeans,3637.48,India_Average,National
2022-01-01,Mungbean,4072.15,India_Average,National
2022-01-02,Mungbean,4432.21,India_Average,National
2022-01-03,Mungbean,4655.53,India_Average,National
2022-01-04,Mungbean,4359.33,India_Average,National
2022-01-05,Mungbean,4068.74,India_Average,National
2022-01-06,Mungbean,4584.79,India_Average,National
2022-01-07,Mungbean,4770.85,India_Average,National
2022-01-08,Mungbean,4257.83,India_Average,National
2022-01-09,Mungbean,4294.72,India_Average,National
2022-01-10,Mungbean,4513.45,India_Average,National
2022-01-11,Mungbean,4756.81,India_Average,National
2022-01-12,Mungbean,4285.64,India_Average,National
2022-01-13,Mungbean,4106.86,India_Average,National
2022-01-14,Mungbean,4538.91,India_Average,National
2022-01-15,Mungbean,4575.79,India_Average,National
2022-01-16,Mungbean,4401.35,India_Average,National
2022-01-17,Mungbean,4277.21,India_Average,National
2022-01-18,Mungbean,4618.76,India_Average,National
2022-01-19,Mungbean,4516.17,India_Average,National
2022-01-20,Mungbean,4230.94,India_Average,National
2022-01-21,Mungbean,4410.8,India_Average,National
2022-01-22,Mungbean,4102.62,India_Average,National
2022-01-23,Mungbean,4550.9,India_Average,National
2022-01-24,Mungbean,4342.31,India_Average,National
2022-01-25,Mungbean,4304.14,India_Average,National
2022-01-26,Mungbean,4392.77,India_Average,National
2022-01-27,Mungbean,4408.87,India_Average,National
2022-01-28,Mungbean,4596.88,India_Average,National
2022-01-29,Mungbean,4530.04,India_Average,National
2022-01-30,Mungbean,4365.59,India_Average,National
2022-01-31,Mungbean,4568.01,India_Average,National
2022-02-01,Mungbean,4786.85,India_Average,National
2022-02-02,Mungbean,4592.72,India_Average,National
2022-02-03,Mungbean,4663.56,India_Average,National
2022-02-04,Mungbean,4658.04,India_Average,National
2022-02-05,Mungbean,4811.38,India_Average,National
2022-02-06,Mungbean,4606.7,India_Average,National
2022-02-07,Mungbean,4601.21,India_Average,National
2022-02-08,Mungbean,5154.77,India_Average,National
2022-02-09,Mungbean,4913.32,India_Average,National
2022-02-10,Mungbean,4514.35,India_Average,National
2022-02-11,Mungbean,4826.79,India_Average,National
2022-02-12,Mungbean,4720.59,India_Average,National
2022-02-13,Mungbean,4784.69,India_Average,National
2022-02-14,Mungbean,4725.05,India_Average,National
2022-02-15,Mungbean,4971.96,India_Average,National
2022-02-16,Mungbean,4773.92,India_Average,National
2022-02-17,Mungbean,4678.25,India_Average,National
2022-02-18,Mungbean,4937.36,India_Average,National
2022-02-19,Mungbean,4747.56,India_Average,National
2022-02-20,Mungbean,4721.32,India_Average,National
2022-02-21,Mungbean,4766.5,India_Average,National
2022-02-22,Mungbean,4670.86,India_Average,National
2022-02-23,Mungbean,4694.99,India_Average,National
2022-02-24,Mungbean,4555.16,India_Average,National
2022-02-25,Mungbean,4516.57,India_Average,National
2022-02-26,Mungbean,4458.51,India_Average,National
2022-02-27,Mungbean,4366.2,India_Average,National
2022-02-28,Mungbean,4486.4,India_Average,National
2022-03-01,Mungbean,4758.18,India_Average,National
2022-03-02,Mungbean,4824.75,India_Average,National
2022-03-03,Mungbean,4734.89,India_Average,National
2022-03-04,Mungbean,4234.63,India_Average,National
2022-03-05,Mungbean,5177.9,India_Average,National
2022-03-06,Mungbean,5060.76,India_Average,National
2022-03-07,Mungbean,4906.98,India_Average,National
2022-03-08,Mungbean,5257.8,India_Average,National
2022-03-09,Mungbean,4565.43,India_Average,National
2022-03-10,Mungbean,5253.03,India_Average,National
2022-03-11,Mungbean,4568.35,India_Average,National
2022-03-12,Mungbean,4857.3,India_Average,National
2022-03-13,Mungbean,4494.28,India_Average,National
2022-03-14,Mungbean,4803.53,India_Average,National
2022-03-15,Mungbean,4892.68,India_Average,National
2022-03-16,Mungbean,4762.87,India_Average,National
2022-03-17,Mungbean,4971.33,India_Average,National
2022-03-18,Mungbean,4823.76,India_Average,National
2022-03-19,Mungbean,4674.62,India_Average,National
2022-03-20,Mungbean,4663.96,India_Average,National
2022-03-21,Mungbean,4994.62,India_Average,National
2022-03-22,Mungbean,4643.1,India_Average,National
2022-03-23,Mungbean,5019.7,India_Average,National
2022-03-24,Mungbean,5093.45,India_Average,National
2022-03-25,Mungbean,4399.51,India_Average,National
2022-03-26,Mungbean,5071.9,India_Average,National
2022-03-27,Mungbean,5294.5,India_Average,National
2022-03-28,Mungbean,4860.48,India_Average,National
2022-03-29,Mungbean,4943.78,India_Average,National
2022-03-30,Mungbean,5048.88,India_Average,National
2022-03-31,Mungbean,4733.88,India_Average,National
2022-04-01,Mungbean,4735.59,India_Average,National
2022-04-02,Mungbean,4384.46,India_Average,National
2022-04-03,Mungbean,4725.35,India_Average,National
2022-04-04,Mungbean,4809.7,India_Average,National
2022-04-05,Mungbean,4813.93,India_Average,National
2022-04-06,Mungbean,4942.81,India_Average,National
2022-04-07,Mungbean,4511.02,India_Average,National
2022-04-08,Mungbean,4567.85,India_Average,National
2022-04-09,Mungbean,5137.58,India_Average,National
2022-04-10,Mungbean,4657.55,India_Average,National
2022-04-11,Mungbean,4739.76,India_Average,National
2022-04-12,Mungbean,4677.1,India_Average,National
2022-04-13,Mungbean,4500.02,India_Average,National
2022-04-14,Mungbean,5073.77,India_Average,National
2022-04-15,Mungbean,4569.0,India_Average,National
2022-04-16,Mungbean,4428.31,India_Average,National
2022-04-17,Mungbean,4587.06,India_Average,National
2022-04-18,Mungbean,4223.14,India_Average,National
2022-04-19,Mungbean,4540.0,India_Average,National
2022-04-20,Mungbean,4465.66,India_Average,National
2022-04-21,Mungbean,4837.69,India_Average,National
2022-04-22,Mungbean,4534.81,India_Average,National
2022-04-23,Mungbean,4901.14,India_Average,National
2022-04-24,Mungbean,5020.96,India_Average,National
2022-04-25,Mungbean,4876.12,India_Average,National
2022-04-26,Mungbean,4642.28,India_Average,National
2022-04-27,Mungbean,4725.93,India_Average,National
2022-04-28,Mungbean,4335.0,India_Average,National
2022-04-29,Mungbean,4661.43,India_Average,National
2022-04-30,Mungbean,4490.93,India_Average,National
2022-05-01,Mungbean,4552.75,India_Average,National
2022-05-02,Mungbean,4966.01,India_Average,National
2022-05-03,Mungbean,4509.96,India_Average,National
2022-05-04,Mungbean,3961.95,India_Average,National
2022-05-05,Mungbean,4320.53,India_Average,National
2022-05-06,Mungbean,4426.95,India_Average,National
2022-05-07,Mungbean,4419.22,India_Average,National
2022-05-08,Mungbean,4239.22,India_Average,National
2022-05-09,Mungbean,4453.96,India_Average,National
2022-05-10,Mungbean,4126.65,India_Average,National
2022-05-11,Mungbean,4192.12,India_Average,National
2022-05-12,Mungbean,4542.08,India_Average,National
2022-05-13,Mungbean,4176.55,India_Average,National
2022-05-14,Mungbean,4518.41,India_Average,National
2022-05-15,Mungbean,4098.72,India_Average,National
2022-05-16,Mungbean,4788.26,India_Average,National
2022-05-17,Mungbean,4229.66,India_Average,National
2022-05-18,Mungbean,4350.79,India_Average,National
2022-05-19,Mungbean,4472.73,India_Average,National
2022-05-20,Mungbean,4275.62,India_Average,National
2022-05-21,Mungbean,4431.55,India_Average,National
2022-05-22,Mungbean,4526.58,India_Average,National
2022-05-23,Mungbean,4611.33,India_Average,National
2022-05-24,Mungbean,4574.13,India_Average,National
2022-05-25,Mungbean,4362.2,India_Average,National
2022-05-26,Mungbean,4367.74,India_Average,National
2022-05-27,Mungbean,4916.8,India_Average,National
2022-05-28,Mungbean,4608.98,India_Average,National
2022-05-29,Mungbean,4197.2,India_Average,National
2022-05-30,Mungbean,4422.0,India_Average,National
2022-05-31,Mungbean,4326.27,India_Average,National
2022-06-01,Mungbean,3972.93,India_Average,National
2022-06-02,Mungbean,3754.1,India_Average,National
2022-06-03,Mungbean,3917.62,India_Average,National
2022-06-04,Mungbean,4362.31,India_Average,National
2022-06-05,Mungbean,4115.82,India_Average,National
2022-06-06,Mungbean,3501.77,India_Average,National
2022-06-07,Mungbean,4243.34,India_Average,National
2022-06-08,Mungbean,4217.93,India_Average,National
2022-06-09,Mungbean,3928.14,India_Average,National
2022-06-10,Mungbean,4143.45,India_Average,National
2022-06-11,Mungbean,3828.12,India_Average,National
2022-06-12,Mungbean,3905.95,India_Average,National
2022-06-13,Mungbean,4299.71,India_Average,National
2022-06-14,Mungbean,3945.65,India_Average,National
2022-06-15,Mungbean,3626.05,India_Average,National
2022-06-16,Mungbean,3987.34,India_Average,National
2022-06-17,Mungbean,3984.28,India_Average,National
2022-06-18,Mungbean,4239.67,India_Average,National
2022-06-19,Mungbean,4002.87,India_Average,National
2022-06-20,Mungbean,3915.68,India_Average,National
2022-06-21,Mungbean,4209.01,India_Average,National
2022-06-22,Mungbean,4024.16,India_Average,National
2022-06-23,Mungbean,3850.0,India_Average,National
2022-06-24,Mungbean,4231.0,India_Average,National
2022-06-25,Mungbean,4038.73,India_Average,National
2022-06-26,Mungbean,4000.59,India_Average,National
2022-06-27,Mungbean,4035.58,India_Average,National
2022-06-28,Mungbean,3785.87,India_Average,National
2022-06-29,Mungbean,3894.47,India_Average,National
2022-06-30,Mungbean,4000.72,India_Average,National
2022-07-01,Mungbean,3564.96,India_Average,National
2022-07-02,Mungbean,3829.04,India_Average,National
2022-07-03,Mungbean,3639.13,India_Average,National
2022-07-04,Mungbean,3753.88,India_Average,National
2022-07-05,Mungbean,3601.69,India_Average,National
2022-07-06,Mungbean,3790.13,India_Average,National
2022-07-07,Mungbean,3671.55,India_Average,National
2022-07-08,Mungbean,3602.42,India_Average,National
2022-07-09,Mungbean,3597.61,India_Average,National
2022-07-10,Mungbean,3428.2,India_Average,National
2022-07-11,Mungbean,3691.24,India_Average,National
2022-07-12,Mungbean,3592.76,India_Average,National
2022-07-13,Mungbean,3509.64,India_Average,National
2022-07-14,Mungbean,3799.16,India_Average,National
2022-07-15,Mungbean,3374.96,India_Average,National
2022-07-16,Mungbean,3523.95,India_Average,National
2022-07-17,Mungbean,3784.99,India_Average,National
2022-07-18,Mungbean,3656.79,India_Average,National
2022-07-19,Mungbean,3591.39,India_Average,National
2022-07-20,Mungbean,3645.18,India_Average,National
2022-07-21,Mungbean,3632.29,India_Average,National
2022-07-22,Mungbean,3327.0,India_Average,National
2022-07-23,Mungbean,3537.13,India_Average,National
2022-07-24,Mungbean,3890.97,India_Average,National
2022-07-25,Mungbean,3481.32,India_Average,National
2022-07-26,Mungbean,3542.71,India_Average,National
2022-07-27,Mungbean,3502.51,India_Average,National
2022-07-28,Mungbean,3584.34,India_Average,National
2022-07-29,Mungbean,3495.04,India_Average,National
2022-07-30,Mungbean,3687.61,India_Average,National
2022-07-31,Mungbean,3635.52,India_Average,National
2022-08-01,Mungbean,3435.09,India_Average,National
2022-08-02,Mungbean,3133.4,India_Average,National
2022-08-03,Mungbean,3250.9,India_Average,National
2022-08-04,Mungbean,3269.85,India_Average,National
2022-08-05,Mungbean,3382.52,India_Average,National
2022-08-06,Mungbean,3176.01,India_Average,National
2022-08-07,Mungbean,3458.59,India_Average,National
2022-08-08,Mungbean,3503.36,India_Average,National
2022-08-09,Mungbean,3143.66,India_Average,National
2022-08-10,Mungbean,3226.01,India_Average,National
2022-08-11,Mungbean,3219.22,India_Average,National
2022-08-12,Mungbean,3742.47,India_Average,National
2022-08-13,Mungbean,3236.09,India_Average,National
2022-08-14,Mungbean,3584.59,India_Average,National
2022-08-15,Mungbean,3097.73,India_Average,National
2022-08-16,Mungbean,3143.53,India_Average,National
2022-08-17,Mungbean,3193.64,India_Average,National
2022-08-18,Mungbean,3167.34,India_Average,National
2022-08-19,Mungbean,3262.88,India_Average,National
2022-08-20,Mungbean,3189.98,India_Average,National
2022-08-21,Mungbean,3171.69,India_Average,National
2022-08-22,Mungbean,3498.74,India_Average,National
2022-08-23,Mungbean,3509.54,India_Average,National
2022-08-24,Mungbean,3464.15,India_Average,National
2022-08-25,Mungbean,3393.83,India_Average,National
2022-08-26,Mungbean,3322.52,India_Average,National
2022-08-27,Mungbean,3224.99,India_Average,National
2022-08-28,Mungbean,3149.57,India_Average,National
2022-08-29,Mungbean,3367.2,India_Average,National
2022-08-30,Mungbean,3113.11,India_Average,National
2022-08-31,Mungbean,3142.83,India_Average,National
2022-09-01,Mungbean,3384.47,India_Average,National
2022-09-02,Mungbean,3504.1,India_Average,National
2022-09-03,Mungbean,3262.93,India_Average,National
2022-09-04,Mungbean,3377.03,India_Average,National
2022-09-05,Mungbean,3160.66,India_Average,National
2022-09-06,Mungbean,2985.97,India_Average,National
2022-09-07,Mungbean,3297.95,India_Average,National
2022-09-08,Mungbean,3291.09,India_Average,National
2022-09-09,Mungbean,3211.47,India_Average,National
2022-09-10,Mungbean,3161.22,India_Average,National
2022-09-11,Mungbean,3353.95,India_Average,National
2022-09-12,Mungbean,3042.28,India_Average,National
2022-09-13,Mungbean,3076.2,India_Average,National
2022-09-14,Mungbean,3038.7,India_Average,National
2022-09-15,Mungbean,3213.6,India_Average,National
2022-09-16,Mungbean,3025.94,India_Average,National
2022-09-17,Mungbean,3090.52,India_Average,National
2022-09-18,Mungbean,3087.08,India_Average,National
2022-09-19,Mungbean,3158.3,India_Average,National
2022-09-20,Mungbean,2962.02,India_Average,National
2022-09-21,Mungbean,3213.95,India_Average,National
2022-09-22,Mungbean,3399.57,India_Average,National
2022-09-23,Mungbean,3221.68,India_Average,National
2022-09-24,Mungbean,3446.61,India_Average,National
2022-09-25,Mungbean,3413.44,India_Average,National
2022-09-26,Mungbean,3324.44,India_Average,National
2022-09-27,Mungbean,3211.95,India_Average,National
2022-09-28,Mungbean,3203.6,India_Average,National
2022-09-29,Mungbean,3322.21,India_Average,National
2022-09-30,Mungbean,3137.33,India_Average,National
2022-10-01,Mungbean,2995.89,India_Average,National
2022-10-02,Mungbean,3388.54,India_Average,National
2022-10-03,Mungbean,3120.15,India_Average,National
2022-10-04,Mungbean,3148.08,India_Average,National
2022-10-05,Mungbean,3307.22,India_Average,National
2022-10-06,Mungbean,3291.45,India_Average,National
2022-10-07,Mungbean,3073.68,India_Average,National
2022-10-08,Mungbean,3334.55,India_Average,National
2022-10-09,Mungbean,3466.94,India_Average,National
2022-10-10,Mungbean,3120.6,India_Average,National
2022-10-11,Mungbean,3517.6,India_Average,National
2022-10-12,Mungbean,3049.19,India_Average,National
2022-10-13,Mungbean,3657.3,India_Average,National
2022-10-14,Mungbean,3239.17,India_Average,National
2022-10-15,Mungbean,3331.26,India_Average,National
2022-10-16,Mungbean,2994.31,India_Average,National
2022-10-17,Mungbean,3296.9,India_Average,National
2022-10-18,Mungbean,3344.96,India_Average,National
2022-10-19,Mungbean,3292.93,India_Average,National
2022-10-20,Mungbean,3214.07,India_Average,National
2022-10-21,Mungbean,3150.66,India_Average,National
2022-10-22,Mungbean,3494.12,India_Average,National
2022-10-23,Mungbean,3312.27,India_Average,National
2022-10-24,Mungbean,3561.96,India_Average,National
2022-10-25,Mungbean,3220.12,India_Average,National
2022-10-26,Mungbean,3235.28,India_Average,National
2022-10-27,Mungbean,3442.05,India_Average,National
2022-10-28,Mungbean,3038.81,India_Average,National
2022-10-29,Mungbean,3106.52,India_Average,National
2022-10-30,Mungbean,3488.66,India_Average,National
2022-10-31,Mungbean,3113.39,India_Average,National
2022-11-01,Mungbean,3272.57,India_Average,National
2022-11-02,Mungbean,3936.33,India_Average,National
2022-11-03,Mungbean,3349.11,India_Average,National
2022-11-04,Mungbean,3633.14,India_Average,National
2022-11-05,Mungbean,3612.44,India_Average,National
2022-11-06,Mungbean,3094.09,India_Average,National
2022-11-07,Mungbean,3551.88,India_Average,National
2022-11-08,Mungbean,3680.71,India_Average,National
2022-11-09,Mungbean,3663.78,India_Average,National
2022-11-10,Mungbean,3762.63,India_Average,National
2022-11-11,Mungbean,3530.25,India_Average,National
2022-11-12,Mungbean,3728.25,India_Average,National
2022-11-13,Mungbean,3475.92,India_Average,National
2022-11-14,Mungbean,3346.12,India_Average,National
2022-11-15,Mungbean,3366.41,India_Average,National
2022-11-16,Mungbean,3336.82,India_Average,National
2022-11-17,Mungbean,3781.73,India_Average,National
2022-11-18,Mungbean,3327.38,India_Average,National
2022-11-19,Mungbean,3649.33,India_Average,National
2022-11-20,Mungbean,3552.13,India_Average,National
2022-11-21,Mungbean,3581.52,India_Average,National
2022-11-22,Mungbean,3845.45,India_Average,National
2022-11-23,Mungbean,3521.08,India_Average,National
2022-11-24,Mungbean,3710.09,India_Average,National
2022-11-25,Mungbean,3606.76,India_Average,National
2022-11-26,Mungbean,3572.64,India_Average,National
2022-11-27,Mungbean,4013.99,India_Average,National
2022-11-28,Mungbean,3340.56,India_Average,National
2022-11-29,Mungbean,3832.04,India_Average,National
2022-11-30,Mungbean,3718.15,India_Average,National
2022-12-01,Mungbean,3904.1,India_Average,National
2022-12-02,Mungbean,4325.86,India_Average,National
2022-12-03,Mungbean,3630.38,India_Average,National
2022-12-04,Mungbean,3895.65,India_Average,National
2022-12-05,Mungbean,3758.3,India_Average,National
2022-12-06,Mungbean,4082.42,India_Average,National
2022-12-07,Mungbean,3777.39,India_Average,National
2022-12-08,Mungbean,4086.61,India_Average,National
2022-12-09,Mungbean,3962.71,India_Average,National
2022-12-10,Mungbean,3904.13,India_Average,National
2022-12-11,Mungbean,4077.73,India_Average,National
2022-12-12,Mungbean,3946.28,India_Average,National
2022-12-13,Mungbean,3782.27,India_Average,National
2022-12-14,Mungbean,4560.27,India_Average,National
2022-12-15,Mungbean,3902.57,India_Average,National
2022-12-16,Mungbean,3556.48,India_Average,National
2022-12-17,Mungbean,3831.58,India_Average,National
2022-12-18,Mungbean,3746.54,India_Average,National
2022-12-19,Mungbean,4165.23,India_Average,National
2022-12-20,Mungbean,4064.33,India_Average,National
2022-12-21,Mungbean,4079.74,India_Average,National
2022-12-22,Mungbean,3926.0,India_Average,National
2022-12-23,Mungbean,3944.13,India_Average,National
2022-12-24,Mungbean,3925.81,India_Average,National
2022-12-25,Mungbean,3983.76,India_Average,National
2022-12-26,Mungbean,4167.07,India_Average,National
2022-12-27,Mungbean,4067.22,India_Average,National
2022-12-28,Mungbean,4100.02,India_Average,National
2022-12-29,Mungbean,4099.91,India_Average,National
2022-12-30,Mungbean,4176.89,India_Average,National
2022-12-31,Mungbean,4057.63,India_Average,National
2023-01-01,Mungbean,4478.95,India_Average,National
2023-01-02,Mungbean,4661.54,India_Average,National
2023-01-03,Mungbean,4253.69,India_Average,National
2023-01-04,Mungbean,4211.74,India_Average,National
2023-01-05,Mungbean,4139.1,India_Average,National
2023-01-06,Mungbean,4440.24,India_Average,National
2023-01-07,Mungbean,3992.18,India_Average,National
2023-01-08,Mungbean,4501.67,India_Average,National
2023-01-09,Mungbean,4375.98,India_Average,National
2023-01-10,Mungbean,4649.62,India_Average,National
2023-01-11,Mungbean,4252.18,India_Average,National
2023-01-12,Mungbean,4355.27,India_Average,National
2023-01-13,Mungbean,4646.88,India_Average,National
2023-01-14,Mungbean,4704.29,India_Average,National
2023-01-15,Mungbean,4250.37,India_Average,National
2023-01-16,Mungbean,4439.99,India_Average,National
2023-01-17,Mungbean,4464.77,India_Average,National
2023-01-18,Mungbean,4482.2,India_Average,National
2023-01-19,Mungbean,4342.23,India_Average,National
2023-01-20,Mungbean,4681.9,India_Average,National
2023-01-21,Mungbean,3984.27,India_Average,National
2023-01-22,Mungbean,4307.35,India_Average,National
2023-01-23,Mungbean,4498.54,India_Average,National
2023-01-24,Mungbean,4500.59,India_Average,National
2023-01-25,Mungbean,4697.61,India_Average,National
2023-01-26,Mungbean,4663.61,India_Average,National
2023-01-27,Mungbean,4337.18,India_Average,National
2023-01-28,Mungbean,4685.97,India_Average,National
2023-01-29,Mungbean,4242.91,India_Average,National
2023-01-30,Mungbean,4604.8,India_Average,National
2023-01-31,Mungbean,4798.31,India_Average,National
2023-02-01,Mungbean,4977.9,India_Average,National
2023-02-02,Mungbean,4717.64,India_Average,National
2023-02-03,Mungbean,4614.97,India_Average,National
2023-02-04,Mungbean,4334.15,India_Average,National
2023-02-05,Mungbean,4765.69,India_Average,National
2023-02-06,Mungbean,4431.14,India_Average,National
2023-02-07,Mungbean,4506.72,India_Average,National
2023-02-08,Mungbean,4413.42,India_Average,National
2023-02-09,Mungbean,4584.79,India_Average,National
2023-02-10,Mungbean,4686.26,India_Average,National
2023-02-11,Mungbean,4757.02,India_Average,National
2023-02-12,Mungbean,4551.92,India_Average,National
2023-02-13,Mungbean,4943.72,India_Average,National
2023-02-14,Mungbean,4643.97,India_Average,National
2023-02-15,Mungbean,4507.99,India_Average,National
2023-02-16,Mungbean,4745.92,India_Average,National
2023-02-17,Mungbean,5153.55,India_Average,National
2023-02-18,Mungbean,4771.46,India_Average,National
2023-02-19,Mungbean,4607.68,India_Average,National
2023-02-20,Mungbean,4334.42,India_Average,National
2023-02-21,Mungbean,4641.34,India_Average,National
2023-02-22,Mungbean,4747.94,India_Average,National
2023-02-23,Mungbean,4601.88,India_Average,National
2023-02-24,Mungbean,4302.05,India_Average,National
2023-02-25,Mungbean,4493.24,India_Average,National
2023-02-26,Mungbean,5034.11,India_Average,National
2023-02-27,Mungbean,5029.3,India_Average,National
2023-02-28,Mungbean,4484.78,India_Average,National
2023-03-01,Mungbean,4961.46,India_Average,National
2023-03-02,Mungbean,4517.14,India_Average,National
2023-03-03,Mungbean,5137.04,India_Average,National
2023-03-04,Mungbean,4858.86,India_Average,National
2023-03-05,Mungbean,5027.91,India_Average,National
2023-03-06,Mungbean,4388.38,India_Average,National
2023-03-07,Mungbean,4962.63,India_Average,National
2023-03-08,Mungbean,4798.16,India_Average,National
2023-03-09,Mungbean,5004.46,India_Average,National
2023-03-10,Mungbean,5019.57,India_Average,National
2023-03-11,Mungbean,4815.79,India_Average,National
2023-03-12,Mungbean,4655.8,India_Average,National
2023-03-13,Mungbean,4987.13,India_Average,National
2023-03-14,Mungbean,4785.56,India_Average,National
2023-03-15,Mungbean,4590.53,India_Average,National
2023-03-16,Mungbean,4579.16,India_Average,National
2023-03-17,Mungbean,4445.48,India_Average,National
2023-03-18,Mungbean,4677.53,India_Average,National
2023-03-19,Mungbean,5064.65,India_Average,National
2023-03-20,Mungbean,4842.68,India_Average,National
2023-03-21,Mungbean,4672.86,India_Average,National
2023-03-22,Mungbean,4993.17,India_Average,National
2023-03-23,Mungbean,4600.21,India_Average,National
2023-03-24,Mungbean,4822.88,India_Average,National
2023-03-25,Mungbean,4756.89,India_Average,National
2023-03-26,Mungbean,4986.99,India_Average,National
2023-03-27,Mungbean,4421.47,India_Average,National
2023-03-28,Mungbean,4595.95,India_Average,National
2023-03-29,Mungbean,4406.82,India_Average,National
2023-03-30,Mungbean,4737.7,India_Average,National
2023-03-31,Mungbean,5090.74,India_Average,National
2023-04-01,Mungbean,4574.22,India_Average,National
2023-04-02,Mungbean,4572.99,India_Average,National
2023-04-03,Mungbean,4897.36,India_Average,National
2023-04-04,Mungbean,4943.55,India_Average,National
2023-04-05,Mungbean,4672.04,India_Average,National
2023-04-06,Mungbean,4853.48,India_Average,National
2023-04-07,Mungbean,4440.12,India_Average,National
2023-04-08,Mungbean,5016.15,India_Average,National
2023-04-09,Mungbean,5196.99,India_Average,National
2023-04-10,Mungbean,4815.12,India_Average,National
2023-04-11,Mungbean,4203.75,India_Average,National
2023-04-12,Mungbean,4561.84,India_Average,National
2023-04-13,Mungbean,4836.61,India_Average,National
2023-04-14,Mungbean,4593.92,India_Average,National
2023-04-15,Mungbean,4991.33,India_Average,National
2023-04-16,Mungbean,4830.83,India_Average,National
2023-04-17,Mungbean,4527.05,India_Average,National
2023-04-18,Mungbean,4700.39,India_Average,National
2023-04-19,Mungbean,4483.09,India_Average,National
2023-04-20,Mungbean,4649.98,India_Average,National
2023-04-21,Mungbean,4562.69,India_Average,National
2023-04-22,Mungbean,4968.47,India_Average,National
2023-04-23,Mungbean,5189.32,India_Average,National
2023-04-24,Mungbean,4357.0,India_Average,National
2023-04-25,Mungbean,4241.55,India_Average,National
2023-04-26,Mungbean,4635.29,India_Average,National
2023-04-27,Mungbean,4336.54,India_Average,National
2023-04-28,Mungbean,4703.66,India_Average,National
2023-04-29,Mungbean,4868.55,India_Average,National
2023-04-30,Mungbean,5043.41,India_Average,National
2023-05-01,Mungbean,4444.31,India_Average,National
2023-05-02,Mungbean,4357.51,India_Average,National
2023-05-03,Mungbean,3964.76,India_Average,National
2023-05-04,Mungbean,4405.76,India_Average,National
2023-05-05,Mungbean,4415.68,India_Average,National
2023-05-06,Mungbean,4540.57,India_Average,National
2023-05-07,Mungbean,4244.13,India_Average,National
2023-05-08,Mungbean,4304.29,India_Average,National
2023-05-09,Mungbean,4074.84,India_Average,National
2023-05-10,Mungbean,3895.92,India_Average,National
2023-05-11,Mungbean,4156.13,India_Average,National
2023-05-12,Mungbean,4054.53,India_Average,National
2023-05-13,Mungbean,4474.08,India_Average,National
2023-05-14,Mungbean,4286.01,India_Average,National
2023-05-15,Mungbean,4281.59,India_Average,National
2023-05-16,Mungbean,4183.43,India_Average,National
2023-05-17,Mungbean,3688.84,India_Average,National
2023-05-18,Mungbean,4731.83,India_Average,National
2023-05-19,Mungbean,4179.94,India_Average,National
2023-05-20,Mungbean,4309.27,India_Average,National
2023-05-21,Mungbean,4079.92,India_Average,National
2023-05-22,Mungbean,4613.82,India_Average,National
2023-05-23,Mungbean,4431.55,India_Average,National
2023-05-24,Mungbean,4218.2,India_Average,National
2023-05-25,Mungbean,4313.71,India_Average,National
2023-05-26,Mungbean,4769.2,India_Average,National
2023-05-27,Mungbean,4383.95,India_Average,National
2023-05-28,Mungbean,4360.02,India_Average,National
2023-05-29,Mungbean,4192.9,India_Average,National
2023-05-30,Mungbean,3983.19,India_Average,National
2023-05-31,Mungbean,4364.79,India_Average,National
2023-06-01,Mungbean,4065.1,India_Average,National
2023-06-02,Mungbean,4219.92,India_Average,National
2023-06-03,Mungbean,3550.3,India_Average,National
2023-06-04,Mungbean,3774.98,India_Average,National
2023-06-05,Mungbean,3883.85,India_Average,National
2023-06-06,Mungbean,3999.3,India_Average,National
2023-06-07,Mungbean,3970.99,India_Average,National
2023-06-08,Mungbean,3975.66,India_Average,National
2023-06-09,Mungbean,4081.62,India_Average,National
2023-06-10,Mungbean,3819.34,India_Average,National
2023-06-11,Mungbean,4186.83,India_Average,National
2023-06-12,Mungbean,4086.69,India_Average,National
2023-06-13,Mungbean,3936.03,India_Average,National
2023-06-14,Mungbean,4320.18,India_Average,National
2023-06-15,Mungbean,4311.28,India_Average,National
2023-06-16,Mungbean,4186.58,India_Average,National
2023-06-17,Mungbean,3396.29,India_Average,National
2023-06-18,Mungbean,4315.79,India_Average,National
2023-06-19,Mungbean,4158.95,India_Average,National
2023-06-20,Mungbean,4401.28,India_Average,National
2023-06-21,Mungbean,4247.49,India_Average,National
2023-06-22,Mungbean,4315.67,India_Average,National
2023-06-23,Mungbean,4175.73,India_Average,National
2023-06-24,Mungbean,4269.74,India_Average,National
2023-06-25,Mungbean,4398.82,India_Average,National
2023-06-26,Mungbean,4043.31,India_Average,National
2023-06-27,Mungbean,3685.55,India_Average,National
2023-06-28,Mungbean,3938.51,India_Average,National
2023-06-29,Mungbean,4077.99,India_Average,National
2023-06-30,Mungbean,4014.98,India_Average,National
2023-07-01,Mungbean,3375.62,India_Average,National
2023-07-02,Mungbean,3306.41,India_Average,National
2023-07-03,Mungbean,3466.59,India_Average,National
2023-07-04,Mungbean,3745.39,India_Average,National
2023-07-05,Mungbean,3884.46,India_Average,National
2023-07-06,Mungbean,3764.98,India_Average,National
2023-07-07,Mungbean,3790.34,India_Average,National
2023-07-08,Mungbean,3585.45,India_Average,National
2023-07-09,Mungbean,3286.43,India_Average,National
2023-07-10,Mungbean,3518.06,India_Average,National
2023-07-11,Mungbean,3553.42,India_Average,National
2023-07-12,Mungbean,3510.53,India_Average,National
2023-07-13,Mungbean,3609.85,India_Average,National
2023-07-14,Mungbean,3679.46,India_Average,National
2023-07-15,Mungbean,3753.54,India_Average,National
2023-07-16,Mungbean,3549.94,India_Average,National
2023-07-17,Mungbean,3257.32,India_Average,National
2023-07-18,Mungbean,3513.08,India_Average,National
2023-07-19,Mungbean,3607.87,India_Average,National
2023-07-20,Mungbean,3820.11,India_Average,National
2023-07-21,Mungbean,3497.79,India_Average,National
2023-07-22,Mungbean,3692.26,India_Average,National
2023-07-23,Mungbean,3652.22,India_Average,National
2023-07-24,Mungbean,3607.9,India_Average,National
2023-07-25,Mungbean,3767.5,India_Average,National
2023-07-26,Mungbean,3481.05,India_Average,National
2023-07-27,Mungbean,3496.47,India_Average,National
2023-07-28,Mungbean,3597.86,India_Average,National
2023-07-29,Mungbean,3484.77,India_Average,National
2023-07-30,Mungbean,3691.44,India_Average,National
2023-07-31,Mungbean,3471.63,India_Average,National
2023-08-01,Mungbean,3344.6,India_Average,National
2023-08-02,Mungbean,3290.62,India_Average,National
2023-08-03,Mungbean,3342.72,India_Average,National
2023-08-04,Mungbean,3231.16,India_Average,National
2023-08-05,Mungbean,3251.11,India_Average,National
2023-08-06,Mungbean,3323.06,India_Average,National
2023-08-07,Mungbean,3340.59,India_Average,National
2023-08-08,Mungbean,3306.48,India_Average,National
2023-08-09,Mungbean,3589.18,India_Average,National
2023-08-10,Mungbean,3143.35,India_Average,National
2023-08-11,Mungbean,3296.56,India_Average,National
2023-08-12,Mungbean,3046.97,India_Average,National
2023-08-13,Mungbean,3368.71,India_Average,National
2023-08-14,Mungbean,3122.76,India_Average,National
2023-08-15,Mungbean,3261.16,India_Average,National
2023-08-16,Mungbean,3245.66,India_Average,National
2023-08-17,Mungbean,3353.63,India_Average,National
2023-08-18,Mungbean,3215.77,India_Average,National
2023-08-19,Mungbean,3208.74,India_Average,National
2023-08-20,Mungbean,3544.61,India_Average,National
2023-08-21,Mungbean,3354.24,India_Average,National
2023-08-22,Mungbean,3214.4,India_Average,National
2023-08-23,Mungbean,3265.7,India_Average,National
2023-08-24,Mungbean,3579.25,India_Average,National
2023-08-25,Mungbean,3268.29,India_Average,National
2023-08-26,Mungbean,3193.2,India_Average,National
2023-08-27,Mungbean,3193.91,India_Average,National
2023-08-28,Mungbean,3216.38,India_Average,National
2023-08-29,Mungbean,3208.87,India_Average,National
2023-08-30,Mungbean,3095.58,India_Average,National
2023-08-31,Mungbean,3121.28,India_Average,National
2023-09-01,Mungbean,3067.31,India_Average,National
2023-09-02,Mungbean,3294.65,India_Average,National
2023-09-03,Mungbean,3139.0,India_Average,National
2023-09-04,Mungbean,3166.85,India_Average,National
2023-09-05,Mungbean,3403.21,India_Average,National
2023-09-06,Mungbean,3407.2,India_Average,National
2023-09-07,Mungbean,3154.86,India_Average,National
2023-09-08,Mungbean,3099.06,India_Average,National
2023-09-09,Mungbean,3061.69,India_Average,National
2023-09-10,Mungbean,3310.84,India_Average,National
2023-09-11,Mungbean,3167.25,India_Average,National
2023-09-12,Mungbean,3138.16,India_Average,National
2023-09-13,Mungbean,3069.81,India_Average,National
2023-09-14,Mungbean,3076.85,India_Average,National
2023-09-15,Mungbean,3251.21,India_Average,National
2023-09-16,Mungbean,2989.53,India_Average,National
2023-09-17,Mungbean,3359.18,India_Average,National
2023-09-18,Mungbean,3114.58,India_Average,National
2023-09-19,Mungbean,3176.06,India_Average,National
2023-09-20,Mungbean,2986.08,India_Average,National
2023-09-21,Mungbean,3198.02,India_Average,National
2023-09-22,Mungbean,3147.47,India_Average,National
2023-09-23,Mungbean,3191.99,India_Average,National
2023-09-24,Mungbean,3435.47,India_Average,National
2023-09-25,Mungbean,3228.43,India_Average,National
2023-09-26,Mungbean,3072.85,India_Average,National
2023-09-27,Mungbean,3086.19,India_Average,National
2023-09-28,Mungbean,3295.22,India_Average,National
2023-09-29,Mungbean,3407.79,India_Average,National
2023-09-30,Mungbean,3245.11,India_Average,National
2023-10-01,Mungbean,3421.06,India_Average,National
2023-10-02,Mungbean,3408.01,India_Average,National
2023-10-03,Mungbean,3541.83,India_Average,National
2023-10-04,Mungbean,2984.8,India_Average,National
2023-10-05,Mungbean,3417.51,India_Average,National
2023-10-06,Mungbean,3469.85,India_Average,National
2023-10-07,Mungbean,3085.81,India_Average,National
2023-10-08,Mungbean,3160.73,India_Average,National
2023-10-09,Mungbean,3166.5,India_Average,National
2023-10-10,Mungbean,3186.67,India_Average,National
2023-10-11,Mungbean,3227.52,India_Average,National
2023-10-12,Mungbean,3347.3,India_Average,National
2023-10-13,Mungbean,3450.33,India_Average,National
2023-10-14,Mungbean,3485.99,India_Average,National
2023-10-15,Mungbean,3168.64,India_Average,National
2023-10-16,Mungbean,3167.5,India_Average,National
2023-10-17,Mungbean,3524.76,India_Average,National
2023-10-18,Mungbean,3414.12,India_Average,National
2023-10-19,Mungbean,3320.88,India_Average,National
2023-10-20,Mungbean,3385.45,India_Average,National
2023-10-21,Mungbean,3302.25,India_Average,National
2023-10-22,Mungbean,3393.92,India_Average,National
2023-10-23,Mungbean,3251.61,India_Average,National
2023-10-24,Mungbean,3351.63,India_Average,National
2023-10-25,Mungbean,3057.4,India_Average,National
2023-10-26,Mungbean,3193.45,India_Average,National
2023-10-27,Mungbean,3195.23,India_Average,National
2023-10-28,Mungbean,3245.27,India_Average,National
2023-10-29,Mungbean,3153.97,India_Average,National
2023-10-30,Mungbean,3218.95,India_Average,National
2023-10-31,Mungbean,3056.76,India_Average,National
2023-11-01,Mungbean,3698.77,India_Average,National
2023-11-02,Mungbean,3585.15,India_Average,National
2023-11-03,Mungbean,3293.06,India_Average,National
2023-11-04,Mungbean,3449.73,India_Average,National
2023-11-05,Mungbean,3660.59,India_Average,National
2023-11-06,Mungbean,3502.26,India_Average,National
2023-11-07,Mungbean,3474.55,India_Average,National
2023-11-08,Mungbean,3586.57,India_Average,National
2023-11-09,Mungbean,3661.85,India_Average,National
2023-11-10,Mungbean,3341.46,India_Average,National
2023-11-11,Mungbean,3699.02,India_Average,National
2023-11-12,Mungbean,3455.95,India_Average,National
2023-11-13,Mungbean,3596.77,India_Average,National
2023-11-14,Mungbean,3593.62,India_Average,National
2023-11-15,Mungbean,3505.13,India_Average,National
2023-11-16,Mungbean,3415.74,India_Average,National
2023-11-17,Mungbean,3548.58,India_Average,National
2023-11-18,Mungbean,3892.56,India_Average,National
2023-11-19,Mungbean,3354.9,India_Average,National
2023-11-20,Mungbean,3904.62,India_Average,National
2023-11-21,Mungbean,3553.25,India_Average,National
2023-11-22,Mungbean,3606.37,India_Average,National
2023-11-23,Mungbean,3404.39,India_Average,National
2023-11-24,Mungbean,3461.17,India_Average,National
2023-11-25,Mungbean,3509.48,India_Average,National
2023-11-26,Mungbean,3411.77,India_Average,National
2023-11-27,Mungbean,3562.39,India_Average,National
2023-11-28,Mungbean,3526.74,India_Average,National
2023-11-29,Mungbean,3933.14,India_Average,National
2023-11-30,Mungbean,3390.12,India_Average,National
2023-12-01,Mungbean,4020.54,India_Average,National
2023-12-02,Mungbean,4049.57,India_Average,National
2023-12-03,Mungbean,3785.94,India_Average,National
2023-12-04,Mungbean,4137.37,India_Average,National
2023-12-05,Mungbean,3920.33,India_Average,National
2023-12-06,Mungbean,3501.52,India_Average,National
2023-12-07,Mungbean,4131.97,India_Average,National
2023-12-08,Mungbean,3776.61,India_Average,National
2023-12-09,Mungbean,3790.45,India_Average,National
2023-12-10,Mungbean,4137.58,India_Average,National
2023-12-11,Mungbean,3930.57,India_Average,National
2023-12-12,Mungbean,4183.55,India_Average,National
2023-12-13,Mungbean,4242.03,India_Average,National
2023-12-14,Mungbean,3871.01,India_Average,National
2023-12-15,Mungbean,4158.65,India_Average,National
2023-12-16,Mungbean,3848.91,India_Average,National
2023-12-17,Mungbean,4446.62,India_Average,National
2023-12-18,Mungbean,3861.41,India_Average,National
2023-12-19,Mungbean,4205.22,India_Average,National
2023-12-20,Mungbean,4168.76,India_Average,National
2023-12-21,Mungbean,4063.22,India_Average,National
2023-12-22,Mungbean,3865.89,India_Average,National
2023-12-23,Mungbean,3969.72,India_Average,National
2023-12-24,Mungbean,3569.28,India_Average,National
2023-12-25,Mungbean,4044.88,India_Average,National
2023-12-26,Mungbean,4069.92,India_Average,National
2023-12-27,Mungbean,4026.7,India_Average,National
2023-12-28,Mungbean,3405.34,India_Average,National
2023-12-29,Mungbean,3746.87,India_Average,National
2023-12-30,Mungbean,3850.38,India_Average,National
2023-12-31,Mungbean,4058.33,India_Average,National
2024-01-01,Mungbean,4463.65,India_Average,National
2022-01-01,Muskmelon,2726.59,India_Average,National
2022-01-02,Muskmelon,2837.35,India_Average,National
2022-01-03,Muskmelon,2608.89,India_Average,National
2022-01-04,Muskmelon,2833.91,India_Average,National
2022-01-05,Muskmelon,2815.28,India_Average,National
2022-01-06,Muskmelon,2801.91,India_Average,National
2022-01-07,Muskmelon,2724.97,India_Average,National
2022-01-08,Muskmelon,3001.73,India_Average,National
2022-01-09,Muskmelon,2817.81,India_Average,National
2022-01-10,Muskmelon,2616.85,India_Average,National
2022-01-11,Muskmelon,2784.14,India_Average,National
2022-01-12,Muskmelon,2853.47,India_Average,National
2022-01-13,Muskmelon,2669.14,India_Average,National
2022-01-14,Muskmelon,2899.77,India_Average,National
2022-01-15,Muskmelon,2802.53,India_Average,National
2022-01-16,Muskmelon,2427.91,India_Average,National
2022-01-17,Muskmelon,2791.2,India_Average,National
2022-01-18,Muskmelon,2694.17,India_Average,National
2022-01-19,Muskmelon,2823.86,India_Average,National
2022-01-20,Muskmelon,2879.83,India_Average,National
2022-01-21,Muskmelon,2776.83,India_Average,National
2022-01-22,Muskmelon,2978.97,India_Average,National
2022-01-23,Muskmelon,2725.43,India_Average,National
2022-01-24,Muskmelon,2835.91,India_Average,National
2022-01-25,Muskmelon,2860.68,India_Average,National
2022-01-26,Muskmelon,2736.61,India_Average,National
2022-01-27,Muskmelon,2857.08,India_Average,National
2022-01-28,Muskmelon,2668.23,India_Average,National
2022-01-29,Muskmelon,2691.9,India_Average,National
2022-01-30,Muskmelon,2569.53,India_Average,National
2022-01-31,Muskmelon,2783.19,India_Average,National
2022-02-01,Muskmelon,2980.71,India_Average,National
2022-02-02,Muskmelon,3105.95,India_Average,National
2022-02-03,Muskmelon,3049.03,India_Average,National
2022-02-04,Muskmelon,2891.25,India_Average,National
2022-02-05,Muskmelon,2760.23,India_Average,National
2022-02-06,Muskmelon,2996.49,India_Average,National
2022-02-07,Muskmelon,3095.91,India_Average,National
2022-02-08,Muskmelon,3043.76,India_Average,National
2022-02-09,Muskmelon,3092.05,India_Average,National
2022-02-10,Muskmelon,2901.94,India_Average,National
2022-02-11,Muskmelon,2864.58,India_Average,National
2022-02-12,Muskmelon,2824.95,India_Average,National
2022-02-13,Muskmelon,2924.82,India_Average,National
2022-02-14,Muskmelon,2921.49,India_Average,National
2022-02-15,Muskmelon,2963.32,India_Average,National
2022-02-16,Muskmelon,2914.05,India_Average,National
2022-02-17,Muskmelon,2913.42,India_Average,National
2022-02-18,Muskmelon,2819.11,India_Average,National
2022-02-19,Muskmelon,3071.1,India_Average,National
2022-02-20,Muskmelon,2944.23,India_Average,National
2022-02-21,Muskmelon,2907.43,India_Average,National
2022-02-22,Muskmelon,2823.4,India_Average,National
2022-02-23,Muskmelon,2737.69,India_Average,National
2022-02-24,Muskmelon,3124.83,India_Average,National
2022-02-25,Muskmelon,3014.35,India_Average,National
2022-02-26,Muskmelon,2694.86,India_Average,National
2022-02-27,Muskmelon,3044.93,India_Average,National
2022-02-28,Muskmelon,3068.3,India_Average,National
2022-03-01,Muskmelon,3018.66,India_Average,National
2022-03-02,Muskmelon,3239.72,India_Average,National
2022-03-03,Muskmelon,3032.51,India_Average,National
2022-03-04,Muskmelon,2787.48,India_Average,National
2022-03-05,Muskmelon,3054.78,India_Average,National
2022-03-06,Muskmelon,3036.73,India_Average,National
2022-03-07,Muskmelon,2909.51,India_Average,National
2022-03-08,Muskmelon,3086.03,India_Average,National
2022-03-09,Muskmelon,2749.85,India_Average,National
2022-03-10,Muskmelon,3148.59,India_Average,National
2022-03-11,Muskmelon,2868.28,India_Average,National
2022-03-12,Muskmelon,2852.26,India_Average,National
2022-03-13,Muskmelon,2982.93,India_Average,National
2022-03-14,Muskmelon,3064.95,India_Average,National
2022-03-15,Muskmelon,3024.59,India_Average,National
2022-03-16,Muskmelon,2888.6,India_Average,National
2022-03-17,Muskmelon,2924.09,India_Average,National
2022-03-18,Muskmelon,2830.04,India_Average,National
2022-03-19,Muskmelon,2966.3,India_Average,National
2022-03-20,Muskmelon,3161.25,India_Average,National
2022-03-21,Muskmelon,2999.36,India_Average,National
2022-03-22,Muskmelon,3128.91,India_Average,National
2022-03-23,Muskmelon,3218.31,India_Average,National
2022-03-24,Muskmelon,2911.8,India_Average,National
2022-03-25,Muskmelon,2972.01,India_Average,National
2022-03-26,Muskmelon,3325.68,India_Average,National
2022-03-27,Muskmelon,3216.65,India_Average,National
2022-03-28,Muskmelon,2749.14,India_Average,National
2022-03-29,Muskmelon,3058.07,India_Average,National
2022-03-30,Muskmelon,3000.08,India_Average,National
2022-03-31,Muskmelon,3123.97,India_Average,National
2022-04-01,Muskmelon,2823.76,India_Average,National
2022-04-02,Muskmelon,2809.88,India_Average,National
2022-04-03,Muskmelon,2833.87,India_Average,National
2022-04-04,Muskmelon,2849.14,India_Average,National
2022-04-05,Muskmelon,3052.58,India_Average,National
2022-04-06,Muskmelon,2759.79,India_Average,National
2022-04-07,Muskmelon,2841.71,India_Average,National
2022-04-08,Muskmelon,2670.65,India_Average,National
2022-04-09,Muskmelon,3080.71,India_Average,National
2022-04-10,Muskmelon,3119.41,India_Average,National
2022-04-11,Muskmelon,2885.05,India_Average,National
2022-04-12,Muskmelon,2889.32,India_Average,National
2022-04-13,Muskmelon,2999.48,India_Average,National
2022-04-14,Muskmelon,3149.25,India_Average,National
2022-04-15,Muskmelon,2992.94,India_Average,National
2022-04-16,Muskmelon,2830.72,India_Average,National
2022-04-17,Muskmelon,2695.61,India_Average,National
2022-04-18,Muskmelon,2769.48,India_Average,National
2022-04-19,Muskmelon,2943.75,India_Average,National
2022-04-20,Muskmelon,2836.91,India_Average,National
2022-04-21,Muskmelon,2961.6,India_Average,National
2022-04-22,Muskmelon,2851.93,India_Average,National
2022-04-23,Muskmelon,2777.83,India_Average,National
2022-04-24,Muskmelon,2760.4,India_Average,National
2022-04-25,Muskmelon,3162.13,India_Average,National
2022-04-26,Muskmelon,3063.38,India_Average,National
2022-04-27,Muskmelon,3186.79,India_Average,National
2022-04-28,Muskmelon,3012.2,India_Average,National
2022-04-29,Muskmelon,2869.95,India_Average,National
2022-04-30,Muskmelon,3127.08,India_Average,National
2022-05-01,Muskmelon,2745.45,India_Average,National
2022-05-02,Muskmelon,2780.37,India_Average,National
2022-05-03,Muskmelon,2744.11,India_Average,National
2022-05-04,Muskmelon,2344.8,India_Average,National
2022-05-05,Muskmelon,2970.65,India_Average,National
2022-05-06,Muskmelon,2817.51,India_Average,National
2022-05-07,Muskmelon,2795.35,India_Average,National
2022-05-08,Muskmelon,2741.51,India_Average,National
2022-05-09,Muskmelon,2772.47,India_Average,National
2022-05-10,Muskmelon,2667.87,India_Average,National
2022-05-11,Muskmelon,2834.78,India_Average,National
2022-05-12,Muskmelon,2570.27,India_Average,National
2022-05-13,Muskmelon,2775.58,India_Average,National
2022-05-14,Muskmelon,2827.22,India_Average,National
2022-05-15,Muskmelon,2722.68,India_Average,National
2022-05-16,Muskmelon,2800.99,India_Average,National
2022-05-17,Muskmelon,2613.69,India_Average,National
2022-05-18,Muskmelon,2617.2,India_Average,National
2022-05-19,Muskmelon,2782.55,India_Average,National
2022-05-20,Muskmelon,2843.3,India_Average,National
2022-05-21,Muskmelon,2492.21,India_Average,National
2022-05-22,Muskmelon,2821.78,India_Average,National
2022-05-23,Muskmelon,2675.31,India_Average,National
2022-05-24,Muskmelon,2723.49,India_Average,National
2022-05-25,Muskmelon,2565.82,India_Average,National
2022-05-26,Muskmelon,2632.9,India_Average,National
2022-05-27,Muskmelon,2882.84,India_Average,National
2022-05-28,Muskmelon,2754.52,India_Average,National
2022-05-29,Muskmelon,2697.37,India_Average,National
2022-05-30,Muskmelon,2733.98,India_Average,National
2022-05-31,Muskmelon,2817.27,India_Average,National
2022-06-01,Muskmelon,2555.06,India_Average,National
2022-06-02,Muskmelon,2490.62,India_Average,National
2022-06-03,Muskmelon,2636.62,India_Average,National
2022-06-04,Muskmelon,2621.31,India_Average,National
2022-06-05,Muskmelon,2551.67,India_Average,National
2022-06-06,Muskmelon,2506.83,India_Average,National
2022-06-07,Muskmelon,2582.17,India_Average,National
2022-06-08,Muskmelon,2539.28,India_Average,National
2022-06-09,Muskmelon,2632.6,India_Average,National
2022-06-10,Muskmelon,2612.45,India_Average,National
2022-06-11,Muskmelon,2372.72,India_Average,National
2022-06-12,Muskmelon,2364.25,India_Average,National
2022-06-13,Muskmelon,2412.34,India_Average,National
2022-06-14,Muskmelon,2622.02,India_Average,National
2022-06-15,Muskmelon,2302.96,India_Average,National
2022-06-16,Muskmelon,2549.34,India_Average,National
2022-06-17,Muskmelon,2545.32,India_Average,National
2022-06-18,Muskmelon,2645.33,India_Average,National
2022-06-19,Muskmelon,2522.54,India_Average,National
2022-06-20,Muskmelon,2332.1,India_Average,National
2022-06-21,Muskmelon,2380.08,India_Average,National
2022-06-22,Muskmelon,2352.25,India_Average,National
2022-06-23,Muskmelon,2432.76,India_Average,National
2022-06-24,Muskmelon,2477.14,India_Average,National
2022-06-25,Muskmelon,2354.32,India_Average,National
2022-06-26,Muskmelon,2683.83,India_Average,National
2022-06-27,Muskmelon,2334.34,India_Average,National
2022-06-28,Muskmelon,2668.26,India_Average,National
2022-06-29,Muskmelon,2648.15,India_Average,National
2022-06-30,Muskmelon,2612.29,India_Average,National
2022-07-01,Muskmelon,2171.95,India_Average,National
2022-07-02,Muskmelon,2288.53,India_Average,National
2022-07-03,Muskmelon,2106.3,India_Average,National
2022-07-04,Muskmelon,2352.48,India_Average,National
2022-07-05,Muskmelon,2241.68,India_Average,National
2022-07-06,Muskmelon,2203.95,India_Average,National
2022-07-07,Muskmelon,2112.33,India_Average,National
2022-07-08,Muskmelon,1971.28,India_Average,National
2022-07-09,Muskmelon,2133.16,India_Average,National
2022-07-10,Muskmelon,2375.19,India_Average,National
2022-07-11,Muskmelon,2204.68,India_Average,National
2022-07-12,Muskmelon,2230.95,India_Average,National
2022-07-13,Muskmelon,2323.75,India_Average,National
2022-07-14,Muskmelon,2453.14,India_Average,National
2022-07-15,Muskmelon,2399.06,India_Average,National
2022-07-16,Muskmelon,2140.61,India_Average,National
2022-07-17,Muskmelon,2031.46,India_Average,National
2022-07-18,Muskmelon,2515.46,India_Average,National
2022-07-19,Muskmelon,2505.26,India_Average,National
2022-07-20,Muskmelon,2271.2,India_Average,National
2022-07-21,Muskmelon,2107.07,India_Average,National
2022-07-22,Muskmelon,2358.36,India_Average,National
2022-07-23,Muskmelon,2237.85,India_Average,National
2022-07-24,Muskmelon,2237.29,India_Average,National
2022-07-25,Muskmelon,2350.63,India_Average,National
2022-07-26,Muskmelon,2287.62,India_Average,National
2022-07-27,Muskmelon,2116.6,India_Average,National
2022-07-28,Muskmelon,2213.47,India_Average,National
2022-07-29,Muskmelon,2324.38,India_Average,National
2022-07-30,Muskmelon,2307.4,India_Average,National
2022-07-31,Muskmelon,2279.48,India_Average,National
2022-08-01,Muskmelon,2163.46,India_Average,National
2022-08-02,Muskmelon,2029.6,India_Average,National
2022-08-03,Muskmelon,2085.45,India_Average,National
2022-08-04,Muskmelon,1718.12,India_Average,National
2022-08-05,Muskmelon,2020.52,India_Average,National
2022-08-06,Muskmelon,2145.94,India_Average,National
2022-08-07,Muskmelon,2026.64,India_Average,National
2022-08-08,Muskmelon,2018.8,India_Average,National
2022-08-09,Muskmelon,1959.35,India_Average,National
2022-08-10,Muskmelon,2170.68,India_Average,National
2022-08-11,Muskmelon,2123.67,India_Average,National
2022-08-12,Muskmelon,2152.29,India_Average,National
2022-08-13,Muskmelon,1888.58,India_Average,National
2022-08-14,Muskmelon,2050.4,India_Average,National
2022-08-15,Muskmelon,2038.04,India_Average,National
2022-08-16,Muskmelon,2037.99,India_Average,National
2022-08-17,Muskmelon,2003.32,India_Average,National
2022-08-18,Muskmelon,2031.22,India_Average,National
2022-08-19,Muskmelon,2154.8,India_Average,National
2022-08-20,Muskmelon,1869.3,India_Average,National
2022-08-21,Muskmelon,2250.67,India_Average,National
2022-08-22,Muskmelon,2116.99,India_Average,National
2022-08-23,Muskmelon,2062.61,India_Average,National
2022-08-24,Muskmelon,2160.71,India_Average,National
2022-08-25,Muskmelon,1916.94,India_Average,National
2022-08-26,Muskmelon,1998.29,India_Average,National
2022-08-27,Muskmelon,2054.47,India_Average,National
2022-08-28,Muskmelon,2208.12,India_Average,National
2022-08-29,Muskmelon,2062.18,India_Average,National
2022-08-30,Muskmelon,2113.5,India_Average,National
2022-08-31,Muskmelon,2006.05,India_Average,National
2022-09-01,Muskmelon,2048.68,India_Average,National
2022-09-02,Muskmelon,2167.72,India_Average,National
2022-09-03,Muskmelon,2099.55,India_Average,National
2022-09-04,Muskmelon,1991.85,India_Average,National
2022-09-05,Muskmelon,2067.55,India_Average,National
2022-09-06,Muskmelon,2057.75,India_Average,National
2022-09-07,Muskmelon,2050.66,India_Average,National
2022-09-08,Muskmelon,2111.2,India_Average,National
2022-09-09,Muskmelon,2110.45,India_Average,National
2022-09-10,Muskmelon,1987.28,India_Average,National
2022-09-11,Muskmelon,2064.19,India_Average,National
2022-09-12,Muskmelon,1961.69,India_Average,National
2022-09-13,Muskmelon,1907.69,India_Average,National
2022-09-14,Muskmelon,1973.05,India_Average,National
2022-09-15,Muskmelon,1992.37,India_Average,National
2022-09-16,Muskmelon,1833.84,India_Average,National
2022-09-17,Muskmelon,2086.03,India_Average,National
2022-09-18,Muskmelon,1723.27,India_Average,National
2022-09-19,Muskmelon,2271.48,India_Average,National
2022-09-20,Muskmelon,2150.19,India_Average,National
2022-09-21,Muskmelon,1973.9,India_Average,National
2022-09-22,Muskmelon,2000.94,India_Average,National
2022-09-23,Muskmelon,2030.3,India_Average,National
2022-09-24,Muskmelon,1941.08,India_Average,National
2022-09-25,Muskmelon,2019.26,India_Average,National
2022-09-26,Muskmelon,1985.6,India_Average,National
2022-09-27,Muskmelon,1990.57,India_Average,National
2022-09-28,Muskmelon,2018.15,India_Average,National
2022-09-29,Muskmelon,1868.65,India_Average,National
2022-09-30,Muskmelon,2003.96,India_Average,National
2022-10-01,Muskmelon,2083.88,India_Average,National
2022-10-02,Muskmelon,2080.3,India_Average,National
2022-10-03,Muskmelon,2044.68,India_Average,National
2022-10-04,Muskmelon,2184.58,India_Average,National
2022-10-05,Muskmelon,2030.44,India_Average,National
2022-10-06,Muskmelon,2090.48,India_Average,National
2022-10-07,Muskmelon,2201.06,India_Average,National
2022-10-08,Muskmelon,2058.78,India_Average,National
2022-10-09,Muskmelon,2089.15,India_Average,National
2022-10-10,Muskmelon,2057.03,India_Average,National
2022-10-11,Muskmelon,2194.87,India_Average,National
2022-10-12,Muskmelon,2040.35,India_Average,National
2022-10-13,Muskmelon,2199.62,India_Average,National
2022-10-14,Muskmelon,2056.28,India_Average,National
2022-10-15,Muskmelon,1978.16,India_Average,National
2022-10-16,Muskmelon,2137.2,India_Average,National
2022-10-17,Muskmelon,2035.5,India_Average,National
2022-10-18,Muskmelon,2131.12,India_Average,National
2022-10-19,Muskmelon,1784.91,India_Average,National
2022-10-20,Muskmelon,2067.53,India_Average,National
2022-10-21,Muskmelon,2019.49,India_Average,National
2022-10-22,Muskmelon,1957.1,India_Average,National
2022-10-23,Muskmelon,2009.81,India_Average,National
2022-10-24,Muskmelon,2007.7,India_Average,National
2022-10-25,Muskmelon,2062.03,India_Average,National
2022-10-26,Muskmelon,1925.67,India_Average,National
2022-10-27,Muskmelon,2099.67,India_Average,National
2022-10-28,Muskmelon,2208.18,India_Average,National
2022-10-29,Muskmelon,2096.02,India_Average,National
2022-10-30,Muskmelon,2150.6,India_Average,National
2022-10-31,Muskmelon,2180.11,India_Average,National
2022-11-01,Muskmelon,2389.11,India_Average,National
2022-11-02,Muskmelon,2460.39,India_Average,National
2022-11-03,Muskmelon,2193.84,India_Average,National
2022-11-04,Muskmelon,2169.17,India_Average,National
2022-11-05,Muskmelon,2338.14,India_Average,National
2022-11-06,Muskmelon,2329.68,India_Average,National
2022-11-07,Muskmelon,2337.26,India_Average,National
2022-11-08,Muskmelon,2462.54,India_Average,National
2022-11-09,Muskmelon,2251.28,India_Average,National
2022-11-10,Muskmelon,2297.94,India_Average,National
2022-11-11,Muskmelon,2139.71,India_Average,National
2022-11-12,Muskmelon,2490.22,India_Average,National
2022-11-13,Muskmelon,2212.14,India_Average,National
2022-11-14,Muskmelon,2215.33,India_Average,National
2022-11-15,Muskmelon,2210.99,India_Average,National
2022-11-16,Muskmelon,2177.45,India_Average,National
2022-11-17,Muskmelon,2167.94,India_Average,National
2022-11-18,Muskmelon,2191.08,India_Average,National
2022-11-19,Muskmelon,2096.35,India_Average,National
2022-11-20,Muskmelon,2161.65,India_Average,National
2022-11-21,Muskmelon,2469.26,India_Average,National
2022-11-22,Muskmelon,2332.76,India_Average,National
2022-11-23,Muskmelon,2354.16,India_Average,National
2022-11-24,Muskmelon,2382.44,India_Average,National
2022-11-25,Muskmelon,2456.34,India_Average,National
2022-11-26,Muskmelon,2050.71,India_Average,National
2022-11-27,Muskmelon,2111.64,India_Average,National
2022-11-28,Muskmelon,2159.58,India_Average,National
2022-11-29,Muskmelon,2197.16,India_Average,National
2022-11-30,Muskmelon,2216.19,India_Average,National
2022-12-01,Muskmelon,2444.13,India_Average,National
2022-12-02,Muskmelon,2527.41,India_Average,National
2022-12-03,Muskmelon,2504.41,India_Average,National
2022-12-04,Muskmelon,2409.65,India_Average,National
2022-12-05,Muskmelon,2228.06,India_Average,National
2022-12-06,Muskmelon,2375.89,India_Average,National
2022-12-07,Muskmelon,2431.35,India_Average,National
2022-12-08,Muskmelon,2469.12,India_Average,National
2022-12-09,Muskmelon,2358.79,India_Average,National
2022-12-10,Muskmelon,2438.65,India_Average,National
2022-12-11,Muskmelon,2358.63,India_Average,National
2022-12-12,Muskmelon,2484.27,India_Average,National
2022-12-13,Muskmelon,2365.86,India_Average,National
2022-12-14,Muskmelon,2393.89,India_Average,National
2022-12-15,Muskmelon,2336.41,India_Average,National
2022-12-16,Muskmelon,2480.81,India_Average,National
2022-12-17,Muskmelon,2391.69,India_Average,National
2022-12-18,Muskmelon,2613.35,India_Average,National
2022-12-19,Muskmelon,2550.73,India_Average,National
2022-12-20,Muskmelon,2491.27,India_Average,National
2022-12-21,Muskmelon,2400.31,India_Average,National
2022-12-22,Muskmelon,2547.57,India_Average,National
2022-12-23,Muskmelon,2586.34,India_Average,National
2022-12-24,Muskmelon,2517.84,India_Average,National
2022-12-25,Muskmelon,2700.46,India_Average,National
2022-12-26,Muskmelon,2557.45,India_Average,National
2022-12-27,Muskmelon,2614.2,India_Average,National
2022-12-28,Muskmelon,2516.7,India_Average,National
2022-12-29,Muskmelon,2584.46,India_Average,National
2022-12-30,Muskmelon,2400.4,India_Average,National
2022-12-31,Muskmelon,2442.7,India_Average,National
2023-01-01,Muskmelon,2798.04,India_Average,National
2023-01-02,Muskmelon,2797.04,India_Average,National
2023-01-03,Muskmelon,2819.8,India_Average,National
2023-01-04,Muskmelon,2901.3,India_Average,National
2023-01-05,Muskmelon,2554.07,India_Average,National
2023-01-06,Muskmelon,2616.01,India_Average,National
2023-01-07,Muskmelon,2781.57,India_Average,National
2023-01-08,Muskmelon,2650.4,India_Average,National
2023-01-09,Muskmelon,3214.44,India_Average,National
2023-01-10,Muskmelon,2820.91,India_Average,National
2023-01-11,Muskmelon,2739.23,India_Average,National
2023-01-12,Muskmelon,2679.12,India_Average,National
2023-01-13,Muskmelon,2683.98,India_Average,National
2023-01-14,Muskmelon,2754.14,India_Average,National
2023-01-15,Muskmelon,2765.4,India_Average,National
2023-01-16,Muskmelon,2687.2,India_Average,National
2023-01-17,Muskmelon,2712.44,India_Average,National
2023-01-18,Muskmelon,2934.84,India_Average,National
2023-01-19,Muskmelon,2940.37,India_Average,National
2023-01-20,Muskmelon,2784.65,India_Average,National
2023-01-21,Muskmelon,2565.58,India_Average,National
2023-01-22,Muskmelon,2824.04,India_Average,National
2023-01-23,Muskmelon,2963.71,India_Average,National
2023-01-24,Muskmelon,2938.34,India_Average,National
2023-01-25,Muskmelon,2850.98,India_Average,National
2023-01-26,Muskmelon,2945.58,India_Average,National
2023-01-27,Muskmelon,2757.34,India_Average,National
2023-01-28,Muskmelon,2836.36,India_Average,National
2023-01-29,Muskmelon,2656.39,India_Average,National
2023-01-30,Muskmelon,2790.19,India_Average,National
2023-01-31,Muskmelon,2932.81,India_Average,National
2023-02-01,Muskmelon,2846.57,India_Average,National
2023-02-02,Muskmelon,2806.68,India_Average,National
2023-02-03,Muskmelon,2947.31,India_Average,National
2023-02-04,Muskmelon,2899.77,India_Average,National
2023-02-05,Muskmelon,3028.21,India_Average,National
2023-02-06,Muskmelon,2866.54,India_Average,National
2023-02-07,Muskmelon,3185.02,India_Average,National
2023-02-08,Muskmelon,2743.88,India_Average,National
2023-02-09,Muskmelon,3116.87,India_Average,National
2023-02-10,Muskmelon,2820.85,India_Average,National
2023-02-11,Muskmelon,2669.63,India_Average,National
2023-02-12,Muskmelon,2967.9,India_Average,National
2023-02-13,Muskmelon,2895.67,India_Average,National
2023-02-14,Muskmelon,2770.29,India_Average,National
2023-02-15,Muskmelon,2686.44,India_Average,National
2023-02-16,Muskmelon,2931.79,India_Average,National
2023-02-17,Muskmelon,3076.12,India_Average,National
2023-02-18,Muskmelon,3018.8,India_Average,National
2023-02-19,Muskmelon,2941.33,India_Average,National
2023-02-20,Muskmelon,3003.24,India_Average,National
2023-02-21,Muskmelon,2929.02,India_Average,National
2023-02-22,Muskmelon,2723.34,India_Average,National
2023-02-23,Muskmelon,2724.64,India_Average,National
2023-02-24,Muskmelon,2903.22,India_Average,National
2023-02-25,Muskmelon,2909.45,India_Average,National
2023-02-26,Muskmelon,3057.81,India_Average,National
2023-02-27,Muskmelon,3044.07,India_Average,National
2023-02-28,Muskmelon,3021.76,India_Average,National
2023-03-01,Muskmelon,2957.96,India_Average,National
2023-03-02,Muskmelon,2792.9,India_Average,National
2023-03-03,Muskmelon,3061.81,India_Average,National
2023-03-04,Muskmelon,3078.78,India_Average,National
2023-03-05,Muskmelon,2641.72,India_Average,National
2023-03-06,Muskmelon,2874.85,India_Average,National
2023-03-07,Muskmelon,2896.34,India_Average,National
2023-03-08,Muskmelon,3017.75,India_Average,National
2023-03-09,Muskmelon,2879.5,India_Average,National
2023-03-10,Muskmelon,2994.28,India_Average,National
2023-03-11,Muskmelon,2968.42,India_Average,National
2023-03-12,Muskmelon,2976.13,India_Average,National
2023-03-13,Muskmelon,2892.54,India_Average,National
2023-03-14,Muskmelon,2904.15,India_Average,National
2023-03-15,Muskmelon,2837.96,India_Average,National
2023-03-16,Muskmelon,3057.01,India_Average,National
2023-03-17,Muskmelon,3085.67,India_Average,National
2023-03-18,Muskmelon,2884.41,India_Average,National
2023-03-19,Muskmelon,3228.1,India_Average,National
2023-03-20,Muskmelon,2952.81,India_Average,National
2023-03-21,Muskmelon,3229.53,India_Average,National
2023-03-22,Muskmelon,2903.68,India_Average,National
2023-03-23,Muskmelon,2696.01,India_Average,National
2023-03-24,Muskmelon,3060.33,India_Average,National
2023-03-25,Muskmelon,3037.28,India_Average,National
2023-03-26,Muskmelon,3005.16,India_Average,National
2023-03-27,Muskmelon,2903.67,India_Average,National
2023-03-28,Muskmelon,2994.81,India_Average,National
2023-03-29,Muskmelon,2923.31,India_Average,National
2023-03-30,Muskmelon,2954.65,India_Average,National
2023-03-31,Muskmelon,3126.24,India_Average,National
2023-04-01,Muskmelon,2960.03,India_Average,National
2023-04-02,Muskmelon,3022.46,India_Average,National
2023-04-03,Muskmelon,2899.01,India_Average,National
2023-04-04,Muskmelon,2882.86,India_Average,National
2023-04-05,Muskmelon,2763.85,India_Average,National
2023-04-06,Muskmelon,2878.75,India_Average,National
2023-04-07,Muskmelon,2445.97,India_Average,National
2023-04-08,Muskmelon,2846.46,India_Average,National
2023-04-09,Muskmelon,2921.01,India_Average,National
2023-04-10,Muskmelon,3015.68,India_Average,National
2023-04-11,Muskmelon,2893.61,India_Average,National
2023-04-12,Muskmelon,2984.0,India_Average,National
2023-04-13,Muskmelon,2613.35,India_Average,National
2023-04-14,Muskmelon,2924.68,India_Average,National
2023-04-15,Muskmelon,2686.71,India_Average,National
2023-04-16,Muskmelon,2755.81,India_Average,National
2023-04-17,Muskmelon,2905.56,India_Average,National
2023-04-18,Muskmelon,3120.18,India_Average,National
2023-04-19,Muskmelon,2987.45,India_Average,National
2023-04-20,Muskmelon,2935.69,India_Average,National
2023-04-21,Muskmelon,2930.15,India_Average,National
2023-04-22,Muskmelon,2828.36,India_Average,National
2023-04-23,Muskmelon,2853.24,India_Average,National
2023-04-24,Muskmelon,2995.69,India_Average,National
2023-04-25,Muskmelon,2729.85,India_Average,National
2023-04-26,Muskmelon,3019.98,India_Average,National
2023-04-27,Muskmelon,2876.04,India_Average,National
2023-04-28,Muskmelon,3054.08,India_Average,National
2023-04-29,Muskmelon,3073.96,India_Average,National
2023-04-30,Muskmelon,2687.65,India_Average,National
2023-05-01,Muskmelon,2670.03,India_Average,National
2023-05-02,Muskmelon,2632.36,India_Average,National
2023-05-03,Muskmelon,2500.75,India_Average,National
2023-05-04,Muskmelon,2608.03,India_Average,National
2023-05-05,Muskmelon,3085.67,India_Average,National
2023-05-06,Muskmelon,2833.81,India_Average,National
2023-05-07,Muskmelon,3013.63,India_Average,National
2023-05-08,Muskmelon,2864.0,India_Average,National
2023-05-09,Muskmelon,2648.0,India_Average,National
2023-05-10,Muskmelon,2697.51,India_Average,National
2023-05-11,Muskmelon,2830.91,India_Average,National
2023-05-12,Muskmelon,2810.16,India_Average,National
2023-05-13,Muskmelon,2670.62,India_Average,National
2023-05-14,Muskmelon,2542.38,India_Average,National
2023-05-15,Muskmelon,3202.07,India_Average,National
2023-05-16,Muskmelon,2730.59,India_Average,National
2023-05-17,Muskmelon,2705.21,India_Average,National
2023-05-18,Muskmelon,2765.58,India_Average,National
2023-05-19,Muskmelon,2716.62,India_Average,National
2023-05-20,Muskmelon,2766.88,India_Average,National
2023-05-21,Muskmelon,2926.96,India_Average,National
2023-05-22,Muskmelon,2732.87,India_Average,National
2023-05-23,Muskmelon,2590.13,India_Average,National
2023-05-24,Muskmelon,2727.77,India_Average,National
2023-05-25,Muskmelon,2686.14,India_Average,National
2023-05-26,Muskmelon,2945.79,India_Average,National
2023-05-27,Muskmelon,2911.03,India_Average,National
2023-05-28,Muskmelon,2764.78,India_Average,National
2023-05-29,Muskmelon,2574.17,India_Average,National
2023-05-30,Muskmelon,2581.44,India_Average,National
2023-05-31,Muskmelon,2752.08,India_Average,National
2023-06-01,Muskmelon,2542.04,India_Average,National
2023-06-02,Muskmelon,2453.17,India_Average,National
2023-06-03,Muskmelon,2439.98,India_Average,National
2023-06-04,Muskmelon,2425.9,India_Average,National
2023-06-05,Muskmelon,2497.08,India_Average,National
2023-06-06,Muskmelon,2202.15,India_Average,National
2023-06-07,Muskmelon,2362.33,India_Average,National
2023-06-08,Muskmelon,2421.62,India_Average,National
2023-06-09,Muskmelon,2650.94,India_Average,National
2023-06-10,Muskmelon,2398.27,India_Average,National
2023-06-11,Muskmelon,2522.56,India_Average,National
2023-06-12,Muskmelon,2528.32,India_Average,National
2023-06-13,Muskmelon,2662.24,India_Average,National
2023-06-14,Muskmelon,2657.82,India_Average,National
2023-06-15,Muskmelon,2492.81,India_Average,National
2023-06-16,Muskmelon,2440.56,India_Average,National
2023-06-17,Muskmelon,2417.02,India_Average,National
2023-06-18,Muskmelon,2469.87,India_Average,National
2023-06-19,Muskmelon,2445.75,India_Average,National
2023-06-20,Muskmelon,2569.2,India_Average,National
2023-06-21,Muskmelon,2552.54,India_Average,National
2023-06-22,Muskmelon,2573.98,India_Average,National
2023-06-23,Muskmelon,2657.41,India_Average,National
2023-06-24,Muskmelon,2732.86,India_Average,National
2023-06-25,Muskmelon,2515.58,India_Average,National
2023-06-26,Muskmelon,2637.43,India_Average,National
2023-06-27,Muskmelon,2456.04,India_Average,National
2023-06-28,Muskmelon,2648.13,India_Average,National
2023-06-29,Muskmelon,2632.69,India_Average,National
2023-06-30,Muskmelon,2626.05,India_Average,National
2023-07-01,Muskmelon,2260.58,India_Average,National
2023-07-02,Muskmelon,2174.81,India_Average,National
2023-07-03,Muskmelon,2093.12,India_Average,National
2023-07-04,Muskmelon,2245.5,India_Average,National
2023-07-05,Muskmelon,2422.46,India_Average,National
2023-07-06,Muskmelon,2215.14,India_Average,National
2023-07-07,Muskmelon,2338.33,India_Average,National
2023-07-08,Muskmelon,2344.94,India_Average,National
2023-07-09,Muskmelon,2218.09,India_Average,National
2023-07-10,Muskmelon,2398.09,India_Average,National
2023-07-11,Muskmelon,1922.78,India_Average,National
2023-07-12,Muskmelon,2112.44,India_Average,National
2023-07-13,Muskmelon,2146.99,India_Average,National
2023-07-14,Muskmelon,2157.78,India_Average,National
2023-07-15,Muskmelon,2287.83,India_Average,National
2023-07-16,Muskmelon,2282.63,India_Average,National
2023-07-17,Muskmelon,2294.32,India_Average,National
2023-07-18,Muskmelon,2317.06,India_Average,National
2023-07-19,Muskmelon,2143.11,India_Average,National
2023-07-20,Muskmelon,2112.96,India_Average,National
2023-07-21,Muskmelon,2294.59,India_Average,National
2023-07-22,Muskmelon,2179.1,India_Average,National
2023-07-23,Muskmelon,2073.32,India_Average,National
2023-07-24,Muskmelon,2359.28,India_Average,National
2023-07-25,Muskmelon,2406.95,India_Average,National
2023-07-26,Muskmelon,2425.18,India_Average,National
2023-07-27,Muskmelon,2271.04,India_Average,National
2023-07-28,Muskmelon,2320.42,India_Average,National
2023-07-29,Muskmelon,2404.11,India_Average,National
2023-07-30,Muskmelon,2177.84,India_Average,National
2023-07-31,Muskmelon,2374.95,India_Average,National
2023-08-01,Muskmelon,2095.45,India_Average,National
2023-08-02,Muskmelon,2161.42,India_Average,National
2023-08-03,Muskmelon,2086.22,India_Average,National
2023-08-04,Muskmelon,2200.95,India_Average,National
2023-08-05,Muskmelon,2090.09,India_Average,National
2023-08-06,Muskmelon,1913.62,India_Average,National
2023-08-07,Muskmelon,2217.04,India_Average,National
2023-08-08,Muskmelon,1969.06,India_Average,National
2023-08-09,Muskmelon,2196.49,India_Average,National
2023-08-10,Muskmelon,2057.66,India_Average,National
2023-08-11,Muskmelon,2188.53,India_Average,National
2023-08-12,Muskmelon,2184.26,India_Average,National
2023-08-13,Muskmelon,2111.44,India_Average,National
2023-08-14,Muskmelon,2119.54,India_Average,National
2023-08-15,Muskmelon,2110.67,India_Average,National
2023-08-16,Muskmelon,1858.86,India_Average,National
2023-08-17,Muskmelon,2079.22,India_Average,National
2023-08-18,Muskmelon,1951.64,India_Average,National
2023-08-19,Muskmelon,2084.68,India_Average,National
2023-08-20,Muskmelon,1948.86,India_Average,National
2023-08-21,Muskmelon,1944.52,India_Average,National
2023-08-22,Muskmelon,2232.86,India_Average,National
2023-08-23,Muskmelon,2177.51,India_Average,National
2023-08-24,Muskmelon,2066.56,India_Average,National
2023-08-25,Muskmelon,2086.08,India_Average,National
2023-08-26,Muskmelon,2041.37,India_Average,National
2023-08-27,Muskmelon,2125.88,India_Average,National
2023-08-28,Muskmelon,1997.12,India_Average,National
2023-08-29,Muskmelon,2169.69,India_Average,National
2023-08-30,Muskmelon,2040.83,India_Average,National
2023-08-31,Muskmelon,2023.6,India_Average,National
2023-09-01,Muskmelon,2002.17,India_Average,National
2023-09-02,Muskmelon,1940.89,India_Average,National
2023-09-03,Muskmelon,2032.87,India_Average,National
2023-09-04,Muskmelon,1946.26,India_Average,National
2023-09-05,Muskmelon,2046.85,India_Average,National
2023-09-06,Muskmelon,2121.6,India_Average,National
2023-09-07,Muskmelon,1928.07,India_Average,National
2023-09-08,Muskmelon,1986.94,India_Average,National
2023-09-09,Muskmelon,2046.13,India_Average,National
2023-09-10,Muskmelon,1956.41,India_Average,National
2023-09-11,Muskmelon,2046.43,India_Average,National
2023-09-12,Muskmelon,2055.54,India_Average,National
2023-09-13,Muskmelon,2108.33,India_Average,National
2023-09-14,Muskmelon,1939.4,India_Average,National
2023-09-15,Muskmelon,1905.72,India_Average,National
2023-09-16,Muskmelon,1969.24,India_Average,National
2023-09-17,Muskmelon,1903.22,India_Average,National
2023-09-18,Muskmelon,2056.45,India_Average,National
2023-09-19,Muskmelon,1883.82,India_Average,National
2023-09-20,Muskmelon,2233.3,India_Average,National
2023-09-21,Muskmelon,2129.59,India_Average,National
2023-09-22,Muskmelon,2001.26,India_Average,National
2023-09-23,Muskmelon,2086.74,India_Average,National
2023-09-24,Muskmelon,1836.32,India_Average,National
2023-09-25,Muskmelon,2252.34,India_Average,National
2023-09-26,Muskmelon,1940.98,India_Average,National
2023-09-27,Muskmelon,1987.95,India_Average,National
2023-09-28,Muskmelon,1814.41,India_Average,National
2023-09-29,Muskmelon,2048.63,India_Average,National
2023-09-30,Muskmelon,1889.37,India_Average,National
2023-10-01,Muskmelon,2077.49,India_Average,National
2023-10-02,Muskmelon,2010.74,India_Average,National
2023-10-03,Muskmelon,1955.6,India_Average,National
2023-10-04,Muskmelon,1983.86,India_Average,National
2023-10-05,Muskmelon,2090.32,India_Average,National
2023-10-06,Muskmelon,1934.55,India_Average,National
2023-10-07,Muskmelon,1989.6,India_Average,National
2023-10-08,Muskmelon,2135.54,India_Average,National
2023-10-09,Muskmelon,2335.95,India_Average,National
2023-10-10,Muskmelon,2116.35,India_Average,National
2023-10-11,Muskmelon,1972.19,India_Average,National
2023-10-12,Muskmelon,2029.05,India_Average,National
2023-10-13,Muskmelon,2070.25,India_Average,National
2023-10-14,Muskmelon,2030.87,India_Average,National
2023-10-15,Muskmelon,2160.32,India_Average,National
2023-10-16,Muskmelon,2089.46,India_Average,National
2023-10-17,Muskmelon,2160.81,India_Average,National
2023-10-18,Muskmelon,2034.49,India_Average,National
2023-10-19,Muskmelon,2203.98,India_Average,National
2023-10-20,Muskmelon,2049.78,India_Average,National
2023-10-21,Muskmelon,1966.62,India_Average,National
2023-10-22,Muskmelon,2292.01,India_Average,National
2023-10-23,Muskmelon,1878.38,India_Average,National
2023-10-24,Muskmelon,1990.64,India_Average,National
2023-10-25,Muskmelon,2002.18,India_Average,National
2023-10-26,Muskmelon,2326.22,India_Average,National
2023-10-27,Muskmelon,2253.73,India_Average,National
2023-10-28,Muskmelon,2221.38,India_Average,National
2023-10-29,Muskmelon,2032.81,India_Average,National
2023-10-30,Muskmelon,2317.73,India_Average,National
2023-10-31,Muskmelon,2105.06,India_Average,National
2023-11-01,Muskmelon,2359.94,India_Average,National
2023-11-02,Muskmelon,2270.22,India_Average,National
2023-11-03,Muskmelon,2244.44,India_Average,National
2023-11-04,Muskmelon,2221.67,India_Average,National
2023-11-05,Muskmelon,2226.42,India_Average,National
2023-11-06,Muskmelon,2318.46,India_Average,National
2023-11-07,Muskmelon,2291.31,India_Average,National
2023-11-08,Muskmelon,2246.46,India_Average,National
2023-11-09,Muskmelon,2419.82,India_Average,National
2023-11-10,Muskmelon,1916.24,India_Average,National
2023-11-11,Muskmelon,2307.36,India_Average,National
2023-11-12,Muskmelon,2330.75,India_Average,National
2023-11-13,Muskmelon,2379.03,India_Average,National
2023-11-14,Muskmelon,2242.7,India_Average,National
2023-11-15,Muskmelon,2273.39,India_Average,National
2023-11-16,Muskmelon,2360.92,India_Average,National
2023-11-17,Muskmelon,2417.76,India_Average,National
2023-11-18,Muskmelon,2216.19,India_Average,National
2023-11-19,Muskmelon,2280.03,India_Average,National
2023-11-20,Muskmelon,2438.84,India_Average,National
2023-11-21,Muskmelon,2011.05,India_Average,National
2023-11-22,Muskmelon,2172.37,India_Average,National
2023-11-23,Muskmelon,2414.91,India_Average,National
2023-11-24,Muskmelon,2372.91,India_Average,National
2023-11-25,Muskmelon,2308.78,India_Average,National
2023-11-26,Muskmelon,2199.53,India_Average,National
2023-11-27,Muskmelon,2150.8,India_Average,National
2023-11-28,Muskmelon,2183.49,India_Average,National
2023-11-29,Muskmelon,2424.15,India_Average,National
2023-11-30,Muskmelon,2179.3,India_Average,National
2023-12-01,Muskmelon,2512.68,India_Average,National
2023-12-02,Muskmelon,2405.79,India_Average,National
2023-12-03,Muskmelon,2605.35,India_Average,National
2023-12-04,Muskmelon,2432.66,India_Average,National
2023-12-05,Muskmelon,2487.8,India_Average,National
2023-12-06,Muskmelon,2289.58,India_Average,National
2023-12-07,Muskmelon,2298.33,India_Average,National
2023-12-08,Muskmelon,2500.96,India_Average,National
2023-12-09,Muskmelon,2334.36,India_Average,National
2023-12-10,Muskmelon,2763.14,India_Average,National
2023-12-11,Muskmelon,2242.31,India_Average,National
2023-12-12,Muskmelon,2399.98,India_Average,National
2023-12-13,Muskmelon,2502.09,India_Average,National
2023-12-14,Muskmelon,2454.36,India_Average,National
2023-12-15,Muskmelon,2361.98,India_Average,National
2023-12-16,Muskmelon,2380.26,India_Average,National
2023-12-17,Muskmelon,2376.17,India_Average,National
2023-12-18,Muskmelon,2464.16,India_Average,National
2023-12-19,Muskmelon,2743.99,India_Average,National
2023-12-20,Muskmelon,2509.74,India_Average,National
2023-12-21,Muskmelon,2647.86,India_Average,National
2023-12-22,Muskmelon,2563.37,India_Average,National
2023-12-23,Muskmelon,2639.23,India_Average,National
2023-12-24,Muskmelon,2150.0,India_Average,National
2023-12-25,Muskmelon,2461.94,India_Average,National
2023-12-26,Muskmelon,2663.39,India_Average,National
2023-12-27,Muskmelon,2428.53,India_Average,National
2023-12-28,Muskmelon,2720.31,India_Average,National
2023-12-29,Muskmelon,2685.49,India_Average,National
2023-12-30,Muskmelon,2441.36,India_Average,National
2023-12-31,Muskmelon,2437.1,India_Average,National
2024-01-01,Muskmelon,2610.63,India_Average,National
2022-01-01,Orange,2130.74,India_Average,National
2022-01-02,Orange,2064.42,India_Average,National
2022-01-03,Orange,2247.17,India_Average,National
2022-01-04,Orange,2039.83,India_Average,National
2022-01-05,Orange,2266.41,India_Average,National
2022-01-06,Orange,2269.09,India_Average,National
2022-01-07,Orange,2017.27,India_Average,National
2022-01-08,Orange,2370.48,India_Average,National
2022-01-09,Orange,2256.5,India_Average,National
2022-01-10,Orange,2282.47,India_Average,National
2022-01-11,Orange,2116.55,India_Average,National
2022-01-12,Orange,2268.46,India_Average,National
2022-01-13,Orange,2323.9,India_Average,National
2022-01-14,Orange,2189.15,India_Average,National
2022-01-15,Orange,2420.21,India_Average,National
2022-01-16,Orange,2204.85,India_Average,National
2022-01-17,Orange,2325.49,India_Average,National
2022-01-18,Orange,2232.23,India_Average,National
2022-01-19,Orange,2264.41,India_Average,National
2022-01-20,Orange,2016.15,India_Average,National
2022-01-21,Orange,2240.82,India_Average,National
2022-01-22,Orange,2119.15,India_Average,National
2022-01-23,Orange,2106.9,India_Average,National
2022-01-24,Orange,2391.85,India_Average,National
2022-01-25,Orange,2176.49,India_Average,National
2022-01-26,Orange,2089.64,India_Average,National
2022-01-27,Orange,2160.5,India_Average,National
2022-01-28,Orange,2056.95,India_Average,National
2022-01-29,Orange,2357.73,India_Average,National
2022-01-30,Orange,2123.48,India_Average,National
2022-01-31,Orange,2258.22,India_Average,National
2022-02-01,Orange,2505.51,India_Average,National
2022-02-02,Orange,2287.73,India_Average,National
2022-02-03,Orange,2408.83,India_Average,National
2022-02-04,Orange,2225.56,India_Average,National
2022-02-05,Orange,2633.35,India_Average,National
2022-02-06,Orange,2456.27,India_Average,National
2022-02-07,Orange,2323.81,India_Average,National
2022-02-08,Orange,2255.74,India_Average,National
2022-02-09,Orange,2333.04,India_Average,National
2022-02-10,Orange,2306.52,India_Average,National
2022-02-11,Orange,2575.53,India_Average,National
2022-02-12,Orange,2202.63,India_Average,National
2022-02-13,Orange,2362.23,India_Average,National
2022-02-14,Orange,2344.26,India_Average,National
2022-02-15,Orange,2332.64,India_Average,National
2022-02-16,Orange,2333.67,India_Average,National
2022-02-17,Orange,2332.79,India_Average,National
2022-02-18,Orange,2448.84,India_Average,National
2022-02-19,Orange,2417.86,India_Average,National
2022-02-20,Orange,2395.56,India_Average,National
2022-02-21,Orange,1990.46,India_Average,National
2022-02-22,Orange,2381.58,India_Average,National
2022-02-23,Orange,2152.17,India_Average,National
2022-02-24,Orange,2422.24,India_Average,National
2022-02-25,Orange,2519.4,India_Average,National
2022-02-26,Orange,2237.74,India_Average,National
2022-02-27,Orange,2315.7,India_Average,National
2022-02-28,Orange,2276.09,India_Average,National
2022-03-01,Orange,2548.25,India_Average,National
2022-03-02,Orange,2411.4,India_Average,National
2022-03-03,Orange,2607.4,India_Average,National
2022-03-04,Orange,2449.65,India_Average,National
2022-03-05,Orange,2429.09,India_Average,National
2022-03-06,Orange,2408.18,India_Average,National
2022-03-07,Orange,2498.16,India_Average,National
2022-03-08,Orange,2191.48,India_Average,National
2022-03-09,Orange,2410.24,India_Average,National
2022-03-10,Orange,2391.59,India_Average,National
2022-03-11,Orange,2487.05,India_Average,National
2022-03-12,Orange,2377.48,India_Average,National
2022-03-13,Orange,2275.35,India_Average,National
2022-03-14,Orange,2400.88,India_Average,National
2022-03-15,Orange,2270.06,India_Average,National
2022-03-16,Orange,2168.97,India_Average,National
2022-03-17,Orange,2487.25,India_Average,National
2022-03-18,Orange,2469.49,India_Average,National
2022-03-19,Orange,2456.05,India_Average,National
2022-03-20,Orange,2556.35,India_Average,National
2022-03-21,Orange,2320.2,India_Average,National
2022-03-22,Orange,2228.27,India_Average,National
2022-03-23,Orange,2391.6,India_Average,National
2022-03-24,Orange,2358.3,India_Average,National
2022-03-25,Orange,2298.92,India_Average,National
2022-03-26,Orange,2390.42,India_Average,National
2022-03-27,Orange,2326.61,India_Average,National
2022-03-28,Orange,2179.68,India_Average,National
2022-03-29,Orange,2347.06,India_Average,National
2022-03-30,Orange,2263.63,India_Average,National
2022-03-31,Orange,2427.8,India_Average,National
2022-04-01,Orange,2269.44,India_Average,National
2022-04-02,Orange,2476.83,India_Average,National
2022-04-03,Orange,2534.58,India_Average,National
2022-04-04,Orange,2426.12,India_Average,National
2022-04-05,Orange,2164.44,India_Average,National
2022-04-06,Orange,2523.0,India_Average,National
2022-04-07,Orange,2531.27,India_Average,National
2022-04-08,Orange,2348.61,India_Average,National
2022-04-09,Orange,2501.62,India_Average,National
2022-04-10,Orange,2281.69,India_Average,National
2022-04-11,Orange,2127.46,India_Average,National
2022-04-12,Orange,2257.21,India_Average,National
2022-04-13,Orange,2549.29,India_Average,National
2022-04-14,Orange,2171.48,India_Average,National
2022-04-15,Orange,2346.35,India_Average,National
2022-04-16,Orange,2350.42,India_Average,National
2022-04-17,Orange,2286.23,India_Average,National
2022-04-18,Orange,2294.38,India_Average,National
2022-04-19,Orange,2354.89,India_Average,National
2022-04-20,Orange,2280.46,India_Average,National
2022-04-21,Orange,2179.57,India_Average,National
2022-04-22,Orange,2371.64,India_Average,National
2022-04-23,Orange,2472.34,India_Average,National
2022-04-24,Orange,2448.43,India_Average,National
2022-04-25,Orange,2251.41,India_Average,National
2022-04-26,Orange,2199.62,India_Average,National
2022-04-27,Orange,2313.07,India_Average,National
2022-04-28,Orange,2530.34,India_Average,National
2022-04-29,Orange,2422.15,India_Average,National
2022-04-30,Orange,2429.0,India_Average,National
2022-05-01,Orange,2297.88,India_Average,National
2022-05-02,Orange,2246.28,India_Average,National
2022-05-03,Orange,2213.27,India_Average,National
2022-05-04,Orange,2272.85,India_Average,National
2022-05-05,Orange,2139.92,India_Average,National
2022-05-06,Orange,2044.41,India_Average,National
2022-05-07,Orange,2279.53,India_Average,National
2022-05-08,Orange,2336.15,India_Average,National
2022-05-09,Orange,2076.99,India_Average,National
2022-05-10,Orange,2290.41,India_Average,National
2022-05-11,Orange,2384.88,India_Average,National
2022-05-12,Orange,2199.75,India_Average,National
2022-05-13,Orange,2110.02,India_Average,National
2022-05-14,Orange,2213.53,India_Average,National
2022-05-15,Orange,2139.44,India_Average,National
2022-05-16,Orange,2132.16,India_Average,National
2022-05-17,Orange,2247.65,India_Average,National
2022-05-18,Orange,2023.59,India_Average,National
2022-05-19,Orange,2041.17,India_Average,National
2022-05-20,Orange,2202.12,India_Average,National
2022-05-21,Orange,2197.55,India_Average,National
2022-05-22,Orange,2237.79,India_Average,National
2022-05-23,Orange,2406.27,India_Average,National
2022-05-24,Orange,2211.5,India_Average,National
2022-05-25,Orange,2265.8,India_Average,National
2022-05-26,Orange,2092.69,India_Average,National
2022-05-27,Orange,2284.47,India_Average,National
2022-05-28,Orange,2142.1,India_Average,National
2022-05-29,Orange,2207.86,India_Average,National
2022-05-30,Orange,2188.03,India_Average,National
2022-05-31,Orange,2313.63,India_Average,National
2022-06-01,Orange,1869.0,India_Average,National
2022-06-02,Orange,1771.68,India_Average,National
2022-06-03,Orange,1978.66,India_Average,National
2022-06-04,Orange,2046.85,India_Average,National
2022-06-05,Orange,2015.23,India_Average,National
2022-06-06,Orange,2123.22,India_Average,National
2022-06-07,Orange,2043.74,India_Average,National
2022-06-08,Orange,1943.62,India_Average,National
2022-06-09,Orange,1767.46,India_Average,National
2022-06-10,Orange,1976.27,India_Average,National
2022-06-11,Orange,2102.8,India_Average,National
2022-06-12,Orange,1960.8,India_Average,National
2022-06-13,Orange,2002.83,India_Average,National
2022-06-14,Orange,2042.14,India_Average,National
2022-06-15,Orange,1898.47,India_Average,National
2022-06-16,Orange,2062.32,India_Average,National
2022-06-17,Orange,2163.71,India_Average,National
2022-06-18,Orange,1982.72,India_Average,National
2022-06-19,Orange,1887.09,India_Average,National
2022-06-20,Orange,1993.34,India_Average,National
2022-06-21,Orange,1777.56,India_Average,National
2022-06-22,Orange,2033.69,India_Average,National
2022-06-23,Orange,2045.23,India_Average,National
2022-06-24,Orange,2167.56,India_Average,National
2022-06-25,Orange,1980.6,India_Average,National
2022-06-26,Orange,2040.85,India_Average,National
2022-06-27,Orange,1913.87,India_Average,National
2022-06-28,Orange,1964.36,India_Average,National
2022-06-29,Orange,1847.48,India_Average,National
2022-06-30,Orange,1980.52,India_Average,National
2022-07-01,Orange,1772.52,India_Average,National
2022-07-02,Orange,1826.93,India_Average,National
2022-07-03,Orange,1743.88,India_Average,National
2022-07-04,Orange,1807.5,India_Average,National
2022-07-05,Orange,1770.0,India_Average,National
2022-07-06,Orange,1770.17,India_Average,National
2022-07-07,Orange,1807.23,India_Average,National
2022-07-08,Orange,1803.65,India_Average,National
2022-07-09,Orange,1868.51,India_Average,National
2022-07-10,Orange,1789.14,India_Average,National
2022-07-11,Orange,1768.51,India_Average,National
2022-07-12,Orange,1783.73,India_Average,National
2022-07-13,Orange,1735.68,India_Average,National
2022-07-14,Orange,1767.61,India_Average,National
2022-07-15,Orange,1982.8,India_Average,National
2022-07-16,Orange,1717.86,India_Average,National
2022-07-17,Orange,1774.92,India_Average,National
2022-07-18,Orange,1765.13,India_Average,National
2022-07-19,Orange,1777.75,India_Average,National
2022-07-20,Orange,1770.19,India_Average,National
2022-07-21,Orange,1825.13,India_Average,National
2022-07-22,Orange,1646.08,India_Average,National
2022-07-23,Orange,1893.35,India_Average,National
2022-07-24,Orange,1856.93,India_Average,National
2022-07-25,Orange,1688.14,India_Average,National
2022-07-26,Orange,1595.78,India_Average,National
2022-07-27,Orange,1712.06,India_Average,National
2022-07-28,Orange,1778.16,India_Average,National
2022-07-29,Orange,2032.23,India_Average,National
2022-07-30,Orange,1848.89,India_Average,National
2022-07-31,Orange,1637.32,India_Average,National
2022-08-01,Orange,1596.57,India_Average,National
2022-08-02,Orange,1649.19,India_Average,National
2022-08-03,Orange,1674.56,India_Average,National
2022-08-04,Orange,1544.89,India_Average,National
2022-08-05,Orange,1642.43,India_Average,National
2022-08-06,Orange,1594.26,India_Average,National
2022-08-07,Orange,1562.33,India_Average,National
2022-08-08,Orange,1675.05,India_Average,National
2022-08-09,Orange,1717.57,India_Average,National
2022-08-10,Orange,1723.13,India_Average,National
2022-08-11,Orange,1701.08,India_Average,National
2022-08-12,Orange,1612.47,India_Average,National
2022-08-13,Orange,1712.67,India_Average,National
2022-08-14,Orange,1679.14,India_Average,National
2022-08-15,Orange,1664.66,India_Average,National
2022-08-16,Orange,1603.02,India_Average,National
2022-08-17,Orange,1612.51,India_Average,National
2022-08-18,Orange,1659.7,India_Average,National
2022-08-19,Orange,1855.32,India_Average,National
2022-08-20,Orange,1678.5,India_Average,National
2022-08-21,Orange,1603.06,India_Average,National
2022-08-22,Orange,1584.77,India_Average,National
2022-08-23,Orange,1612.93,India_Average,National
2022-08-24,Orange,1833.61,India_Average,National
2022-08-25,Orange,1620.58,India_Average,National
2022-08-26,Orange,1728.57,India_Average,National
2022-08-27,Orange,1622.51,India_Average,National
2022-08-28,Orange,1675.18,India_Average,National
2022-08-29,Orange,1719.05,India_Average,National
2022-08-30,Orange,1606.31,India_Average,National
2022-08-31,Orange,1600.58,India_Average,National
2022-09-01,Orange,1732.71,India_Average,National
2022-09-02,Orange,1678.77,India_Average,National
2022-09-03,Orange,1663.25,India_Average,National
2022-09-04,Orange,1662.98,India_Average,National
2022-09-05,Orange,1636.77,India_Average,National
2022-09-06,Orange,1761.42,India_Average,National
2022-09-07,Orange,1603.51,India_Average,National
2022-09-08,Orange,1646.18,India_Average,National
2022-09-09,Orange,1483.93,India_Average,National
2022-09-10,Orange,1534.0,India_Average,National
2022-09-11,Orange,1503.93,India_Average,National
2022-09-12,Orange,1701.93,India_Average,National
2022-09-13,Orange,1395.8,India_Average,National
2022-09-14,Orange,1567.82,India_Average,National
2022-09-15,Orange,1360.5,India_Average,National
2022-09-16,Orange,1533.5,India_Average,National
2022-09-17,Orange,1560.72,India_Average,National
2022-09-18,Orange,1710.79,India_Average,National
2022-09-19,Orange,1631.73,India_Average,National
2022-09-20,Orange,1533.35,India_Average,National
2022-09-21,Orange,1685.28,India_Average,National
2022-09-22,Orange,1601.43,India_Average,National
2022-09-23,Orange,1603.01,India_Average,National
2022-09-24,Orange,1503.79,India_Average,National
2022-09-25,Orange,1520.8,India_Average,National
2022-09-26,Orange,1533.99,India_Average,National
2022-09-27,Orange,1603.72,India_Average,National
2022-09-28,Orange,1606.23,India_Average,National
2022-09-29,Orange,1723.53,India_Average,National
2022-09-30,Orange,1630.8,India_Average,National
2022-10-01,Orange,1429.73,India_Average,National
2022-10-02,Orange,1675.3,India_Average,National
2022-10-03,Orange,1533.7,India_Average,National
2022-10-04,Orange,1573.72,India_Average,National
2022-10-05,Orange,1586.44,India_Average,National
2022-10-06,Orange,1598.75,India_Average,National
2022-10-07,Orange,1539.89,India_Average,National
2022-10-08,Orange,1670.41,India_Average,National
2022-10-09,Orange,1536.95,India_Average,National
2022-10-10,Orange,1683.08,India_Average,National
2022-10-11,Orange,1838.54,India_Average,National
2022-10-12,Orange,1543.68,India_Average,National
2022-10-13,Orange,1630.07,India_Average,National
2022-10-14,Orange,1444.95,India_Average,National
2022-10-15,Orange,1628.71,India_Average,National
2022-10-16,Orange,1706.73,India_Average,National
2022-10-17,Orange,1713.17,India_Average,National
2022-10-18,Orange,1659.99,India_Average,National
2022-10-19,Orange,1727.11,India_Average,National
2022-10-20,Orange,1864.1,India_Average,National
2022-10-21,Orange,1795.16,India_Average,National
2022-10-22,Orange,1610.39,India_Average,National
2022-10-23,Orange,1533.61,India_Average,National
2022-10-24,Orange,1620.01,India_Average,National
2022-10-25,Orange,1575.29,India_Average,National
2022-10-26,Orange,1690.91,India_Average,National
2022-10-27,Orange,1555.93,India_Average,National
2022-10-28,Orange,1647.57,India_Average,National
2022-10-29,Orange,1722.88,India_Average,National
2022-10-30,Orange,1645.26,India_Average,National
2022-10-31,Orange,1575.35,India_Average,National
2022-11-01,Orange,1905.73,India_Average,National
2022-11-02,Orange,1630.89,India_Average,National
2022-11-03,Orange,1770.5,India_Average,National
2022-11-04,Orange,1796.25,India_Average,National
2022-11-05,Orange,1801.43,India_Average,National
2022-11-06,Orange,1816.24,India_Average,National
2022-11-07,Orange,1854.94,India_Average,National
2022-11-08,Orange,1796.81,India_Average,National
2022-11-09,Orange,1766.87,India_Average,National
2022-11-10,Orange,1763.32,India_Average,National
2022-11-11,Orange,1744.96,India_Average,National
2022-11-12,Orange,1870.88,India_Average,National
2022-11-13,Orange,1741.81,India_Average,National
2022-11-14,Orange,1876.21,India_Average,National
2022-11-15,Orange,1801.71,India_Average,National
2022-11-16,Orange,1753.09,India_Average,National
2022-11-17,Orange,1855.66,India_Average,National
2022-11-18,Orange,1734.53,India_Average,National
2022-11-19,Orange,1857.44,India_Average,National
2022-11-20,Orange,1819.15,India_Average,National
2022-11-21,Orange,1746.33,India_Average,National
2022-11-22,Orange,1847.58,India_Average,National
2022-11-23,Orange,1849.19,India_Average,National
2022-11-24,Orange,1904.18,India_Average,National
2022-11-25,Orange,1886.95,India_Average,National
2022-11-26,Orange,1844.21,India_Average,National
2022-11-27,Orange,1698.52,India_Average,National
2022-11-28,Orange,2020.37,India_Average,National
2022-11-29,Orange,1673.67,India_Average,National
2022-11-30,Orange,1885.43,India_Average,National
2022-12-01,Orange,2043.13,India_Average,National
2022-12-02,Orange,1882.59,India_Average,National
2022-12-03,Orange,1987.57,India_Average,National
2022-12-04,Orange,1992.12,India_Average,National
2022-12-05,Orange,2130.56,India_Average,National
2022-12-06,Orange,1928.67,India_Average,National
2022-12-07,Orange,1973.81,India_Average,National
2022-12-08,Orange,1766.39,India_Average,National
2022-12-09,Orange,2173.48,India_Average,National
2022-12-10,Orange,1892.95,India_Average,National
2022-12-11,Orange,2032.69,India_Average,National
2022-12-12,Orange,1989.86,India_Average,National
2022-12-13,Orange,1990.2,India_Average,National
2022-12-14,Orange,2080.99,India_Average,National
2022-12-15,Orange,2167.13,India_Average,National
2022-12-16,Orange,2025.15,India_Average,National
2022-12-17,Orange,2065.51,India_Average,National
2022-12-18,Orange,2032.89,India_Average,National
2022-12-19,Orange,2101.75,India_Average,National
2022-12-20,Orange,1953.71,India_Average,National
2022-12-21,Orange,2107.54,India_Average,National
2022-12-22,Orange,2111.05,India_Average,National
2022-12-23,Orange,2108.25,India_Average,National
2022-12-24,Orange,1933.99,India_Average,National
2022-12-25,Orange,1983.17,India_Average,National
2022-12-26,Orange,2023.95,India_Average,National
2022-12-27,Orange,1862.92,India_Average,National
2022-12-28,Orange,2159.49,India_Average,National
2022-12-29,Orange,1998.77,India_Average,National
2022-12-30,Orange,2028.39,India_Average,National
2022-12-31,Orange,1942.3,India_Average,National
2023-01-01,Orange,2054.04,India_Average,National
2023-01-02,Orange,2133.56,India_Average,National
2023-01-03,Orange,2224.11,India_Average,National
2023-01-04,Orange,2274.08,India_Average,National
2023-01-05,Orange,2217.8,India_Average,National
2023-01-06,Orange,2238.14,India_Average,National
2023-01-07,Orange,2162.93,India_Average,National
2023-01-08,Orange,2254.59,India_Average,National
2023-01-09,Orange,2363.11,India_Average,National
2023-01-10,Orange,2277.53,India_Average,National
2023-01-11,Orange,2289.05,India_Average,National
2023-01-12,Orange,2232.34,India_Average,National
2023-01-13,Orange,2034.65,India_Average,National
2023-01-14,Orange,2085.09,India_Average,National
2023-01-15,Orange,2250.04,India_Average,National
2023-01-16,Orange,2198.8,India_Average,National
2023-01-17,Orange,2248.38,India_Average,National
2023-01-18,Orange,2384.41,India_Average,National
2023-01-19,Orange,2279.86,India_Average,National
2023-01-20,Orange,2338.48,India_Average,National
2023-01-21,Orange,2210.41,India_Average,National
2023-01-22,Orange,2111.21,India_Average,National
2023-01-23,Orange,2193.63,India_Average,National
2023-01-24,Orange,2111.48,India_Average,National
2023-01-25,Orange,2371.41,India_Average,National
2023-01-26,Orange,2286.94,India_Average,National
2023-01-27,Orange,2257.26,India_Average,National
2023-01-28,Orange,2335.95,India_Average,National
2023-01-29,Orange,1977.79,India_Average,National
2023-01-30,Orange,2264.7,India_Average,National
2023-01-31,Orange,2055.83,India_Average,National
2023-02-01,Orange,2345.56,India_Average,National
2023-02-02,Orange,2309.84,India_Average,National
2023-02-03,Orange,2424.05,India_Average,National
2023-02-04,Orange,2373.18,India_Average,National
2023-02-05,Orange,2504.22,India_Average,National
2023-02-06,Orange,2275.8,India_Average,National
2023-02-07,Orange,2429.6,India_Average,National
2023-02-08,Orange,2365.44,India_Average,National
2023-02-09,Orange,2154.56,India_Average,National
2023-02-10,Orange,2238.64,India_Average,National
2023-02-11,Orange,2328.83,India_Average,National
2023-02-12,Orange,2476.9,India_Average,National
2023-02-13,Orange,2400.81,India_Average,National
2023-02-14,Orange,2209.44,India_Average,National
2023-02-15,Orange,2329.95,India_Average,National
2023-02-16,Orange,2583.14,India_Average,National
2023-02-17,Orange,2359.46,India_Average,National
2023-02-18,Orange,2308.01,India_Average,National
2023-02-19,Orange,2404.1,India_Average,National
2023-02-20,Orange,2435.97,India_Average,National
2023-02-21,Orange,2292.89,India_Average,National
2023-02-22,Orange,2405.37,India_Average,National
2023-02-23,Orange,2307.82,India_Average,National
2023-02-24,Orange,2430.8,India_Average,National
2023-02-25,Orange,2366.32,India_Average,National
2023-02-26,Orange,2402.95,India_Average,National
2023-02-27,Orange,2257.34,India_Average,National
2023-02-28,Orange,2250.06,India_Average,National
2023-03-01,Orange,2513.46,India_Average,National
2023-03-02,Orange,2390.47,India_Average,National
2023-03-03,Orange,2434.2,India_Average,National
2023-03-04,Orange,2363.23,India_Average,National
2023-03-05,Orange,2507.85,India_Average,National
2023-03-06,Orange,2327.06,India_Average,National
2023-03-07,Orange,2383.73,India_Average,National
2023-03-08,Orange,2494.32,India_Average,National
2023-03-09,Orange,2540.76,India_Average,National
2023-03-10,Orange,2337.15,India_Average,National
2023-03-11,Orange,2635.16,India_Average,National
2023-03-12,Orange,2437.59,India_Average,National
2023-03-13,Orange,2274.85,India_Average,National
2023-03-14,Orange,2444.29,India_Average,National
2023-03-15,Orange,2354.04,India_Average,National
2023-03-16,Orange,2452.09,India_Average,National
2023-03-17,Orange,2394.86,India_Average,National
2023-03-18,Orange,2408.91,India_Average,National
2023-03-19,Orange,2290.61,India_Average,National
2023-03-20,Orange,2518.81,India_Average,National
2023-03-21,Orange,2261.26,India_Average,National
2023-03-22,Orange,2266.95,India_Average,National
2023-03-23,Orange,2444.08,India_Average,National
2023-03-24,Orange,2592.34,India_Average,National
2023-03-25,Orange,2357.69,India_Average,National
2023-03-26,Orange,2484.12,India_Average,National
2023-03-27,Orange,2528.8,India_Average,National
2023-03-28,Orange,2497.76,India_Average,National
2023-03-29,Orange,2362.66,India_Average,National
2023-03-30,Orange,2269.07,India_Average,National
2023-03-31,Orange,2135.09,India_Average,National
2023-04-01,Orange,2315.57,India_Average,National
2023-04-02,Orange,2484.62,India_Average,National
2023-04-03,Orange,2214.52,India_Average,National
2023-04-04,Orange,2428.56,India_Average,National
2023-04-05,Orange,2234.94,India_Average,National
2023-04-06,Orange,2358.85,India_Average,National
2023-04-07,Orange,2429.45,India_Average,National
2023-04-08,Orange,2269.04,India_Average,National
2023-04-09,Orange,2366.41,India_Average,National
2023-04-10,Orange,2297.71,India_Average,National
2023-04-11,Orange,2429.14,India_Average,National
2023-04-12,Orange,2374.02,India_Average,National
2023-04-13,Orange,2353.04,India_Average,National
2023-04-14,Orange,2529.24,India_Average,National
2023-04-15,Orange,2424.11,India_Average,National
2023-04-16,Orange,2265.42,India_Average,National
2023-04-17,Orange,2336.34,India_Average,National
2023-04-18,Orange,2337.51,India_Average,National
2023-04-19,Orange,2355.83,India_Average,National
2023-04-20,Orange,2642.59,India_Average,National
2023-04-21,Orange,2389.92,India_Average,National
2023-04-22,Orange,2107.56,India_Average,National
2023-04-23,Orange,2282.73,India_Average,National
2023-04-24,Orange,2119.7,India_Average,National
2023-04-25,Orange,2307.72,India_Average,National
2023-04-26,Orange,2113.26,India_Average,National
2023-04-27,Orange,2244.15,India_Average,National
2023-04-28,Orange,2168.0,India_Average,National
2023-04-29,Orange,2391.48,India_Average,National
2023-04-30,Orange,2346.47,India_Average,National
2023-05-01,Orange,2233.33,India_Average,National
2023-05-02,Orange,2188.5,India_Average,National
2023-05-03,Orange,2046.63,India_Average,National
2023-05-04,Orange,2256.49,India_Average,National
2023-05-05,Orange,2411.44,India_Average,National
2023-05-06,Orange,2245.01,India_Average,National
2023-05-07,Orange,2153.15,India_Average,National
2023-05-08,Orange,2042.91,India_Average,National
2023-05-09,Orange,2100.11,India_Average,National
2023-05-10,Orange,2249.83,India_Average,National
2023-05-11,Orange,2318.04,India_Average,National
2023-05-12,Orange,2228.7,India_Average,National
2023-05-13,Orange,2287.99,India_Average,National
2023-05-14,Orange,2277.84,India_Average,National
2023-05-15,Orange,2255.72,India_Average,National
2023-05-16,Orange,2127.57,India_Average,National
2023-05-17,Orange,2219.13,India_Average,National
2023-05-18,Orange,2106.68,India_Average,National
2023-05-19,Orange,2201.92,India_Average,National
2023-05-20,Orange,2236.39,India_Average,National
2023-05-21,Orange,2384.67,India_Average,National
2023-05-22,Orange,2055.93,India_Average,National
2023-05-23,Orange,2252.97,India_Average,National
2023-05-24,Orange,2362.94,India_Average,National
2023-05-25,Orange,2283.47,India_Average,National
2023-05-26,Orange,2291.62,India_Average,National
2023-05-27,Orange,2264.65,India_Average,National
2023-05-28,Orange,2342.82,India_Average,National
2023-05-29,Orange,2080.38,India_Average,National
2023-05-30,Orange,2047.55,India_Average,National
2023-05-31,Orange,2199.3,India_Average,National
2023-06-01,Orange,1783.88,India_Average,National
2023-06-02,Orange,2123.06,India_Average,National
2023-06-03,Orange,2122.07,India_Average,National
2023-06-04,Orange,1956.66,India_Average,National
2023-06-05,Orange,1962.92,India_Average,National
2023-06-06,Orange,1992.77,India_Average,National
2023-06-07,Orange,2005.2,India_Average,National
2023-06-08,Orange,2012.72,India_Average,National
2023-06-09,Orange,2055.82,India_Average,National
2023-06-10,Orange,1982.74,India_Average,National
2023-06-11,Orange,2094.32,India_Average,National
2023-06-12,Orange,2044.59,India_Average,National
2023-06-13,Orange,1939.3,India_Average,National
2023-06-14,Orange,2133.51,India_Average,National
2023-06-15,Orange,1864.17,India_Average,National
2023-06-16,Orange,1990.78,India_Average,National
2023-06-17,Orange,2096.69,India_Average,National
2023-06-18,Orange,1927.69,India_Average,National
2023-06-19,Orange,2030.96,India_Average,National
2023-06-20,Orange,2054.33,India_Average,National
2023-06-21,Orange,1913.95,India_Average,National
2023-06-22,Orange,1992.75,India_Average,National
2023-06-23,Orange,1984.35,India_Average,National
2023-06-24,Orange,1944.83,India_Average,National
2023-06-25,Orange,2230.17,India_Average,National
2023-06-26,Orange,1923.69,India_Average,National
2023-06-27,Orange,2100.49,India_Average,National
2023-06-28,Orange,1960.72,India_Average,National
2023-06-29,Orange,1891.34,India_Average,National
2023-06-30,Orange,2010.28,India_Average,National
2023-07-01,Orange,1858.42,India_Average,National
2023-07-02,Orange,1882.85,India_Average,National
2023-07-03,Orange,1940.6,India_Average,National
2023-07-04,Orange,2065.07,India_Average,National
2023-07-05,Orange,1822.55,India_Average,National
2023-07-06,Orange,1740.32,India_Average,National
2023-07-07,Orange,1840.76,India_Average,National
2023-07-08,Orange,1776.04,India_Average,National
2023-07-09,Orange,1883.34,India_Average,National
2023-07-10,Orange,1683.26,India_Average,National
2023-07-11,Orange,2013.15,India_Average,National
2023-07-12,Orange,1877.04,India_Average,National
2023-07-13,Orange,1648.44,India_Average,National
2023-07-14,Orange,1736.19,India_Average,National
2023-07-15,Orange,1873.45,India_Average,National
2023-07-16,Orange,1905.87,India_Average,National
2023-07-17,Orange,1685.5,India_Average,National
2023-07-18,Orange,1864.17,India_Average,National
2023-07-19,Orange,1624.74,India_Average,National
2023-07-20,Orange,1791.96,India_Average,National
2023-07-21,Orange,1900.08,India_Average,National
2023-07-22,Orange,1750.36,India_Average,National
2023-07-23,Orange,1664.38,India_Average,National
2023-07-24,Orange,1813.16,India_Average,National
2023-07-25,Orange,1745.58,India_Average,National
2023-07-26,Orange,1856.66,India_Average,National
2023-07-27,Orange,1720.32,India_Average,National
2023-07-28,Orange,1730.46,India_Average,National
2023-07-29,Orange,1618.11,India_Average,National
2023-07-30,Orange,1815.3,India_Average,National
2023-07-31,Orange,1785.52,India_Average,National
2023-08-01,Orange,1555.33,India_Average,National
2023-08-02,Orange,1669.61,India_Average,National
2023-08-03,Orange,1738.51,India_Average,National
2023-08-04,Orange,1635.77,India_Average,National
2023-08-05,Orange,1675.76,India_Average,National
2023-08-06,Orange,1676.19,India_Average,National
2023-08-07,Orange,1554.02,India_Average,National
2023-08-08,Orange,1823.63,India_Average,National
2023-08-09,Orange,1614.66,India_Average,National
2023-08-10,Orange,1707.84,India_Average,National
2023-08-11,Orange,1717.19,India_Average,National
2023-08-12,Orange,1642.05,India_Average,National
2023-08-13,Orange,1703.76,India_Average,National
2023-08-14,Orange,1673.91,India_Average,National
2023-08-15,Orange,1536.38,India_Average,National
2023-08-16,Orange,1626.12,India_Average,National
2023-08-17,Orange,1602.94,India_Average,National
2023-08-18,Orange,1615.41,India_Average,National
2023-08-19,Orange,1545.78,India_Average,National
2023-08-20,Orange,1746.72,India_Average,National
2023-08-21,Orange,1786.04,India_Average,National
2023-08-22,Orange,1734.45,India_Average,National
2023-08-23,Orange,1758.64,India_Average,National
2023-08-24,Orange,1625.1,India_Average,National
2023-08-25,Orange,1600.98,India_Average,National
2023-08-26,Orange,1589.22,India_Average,National
2023-08-27,Orange,1706.84,India_Average,National
2023-08-28,Orange,1672.36,India_Average,National
2023-08-29,Orange,1647.21,India_Average,National
2023-08-30,Orange,1760.67,India_Average,National
2023-08-31,Orange,1687.07,India_Average,National
2023-09-01,Orange,1532.91,India_Average,National
2023-09-02,Orange,1545.53,India_Average,National
2023-09-03,Orange,1654.56,India_Average,National
2023-09-04,Orange,1683.34,India_Average,National
2023-09-05,Orange,1644.13,India_Average,National
2023-09-06,Orange,1751.75,India_Average,National
2023-09-07,Orange,1730.8,India_Average,National
2023-09-08,Orange,1635.28,India_Average,National
2023-09-09,Orange,1532.91,India_Average,National
2023-09-10,Orange,1495.2,India_Average,National
2023-09-11,Orange,1569.01,India_Average,National
2023-09-12,Orange,1660.26,India_Average,National
2023-09-13,Orange,1746.13,India_Average,National
2023-09-14,Orange,1633.4,India_Average,National
2023-09-15,Orange,1693.5,India_Average,National
2023-09-16,Orange,1580.38,India_Average,National
2023-09-17,Orange,1649.82,India_Average,National
2023-09-18,Orange,1665.87,India_Average,National
2023-09-19,Orange,1441.63,India_Average,National
2023-09-20,Orange,1566.92,India_Average,National
2023-09-21,Orange,1675.98,India_Average,National
2023-09-22,Orange,1621.96,India_Average,National
2023-09-23,Orange,1504.28,India_Average,National
2023-09-24,Orange,1405.59,India_Average,National
2023-09-25,Orange,1570.74,India_Average,National
2023-09-26,Orange,1594.27,India_Average,National
2023-09-27,Orange,1529.29,India_Average,National
2023-09-28,Orange,1611.45,India_Average,National
2023-09-29,Orange,1640.51,India_Average,National
2023-09-30,Orange,1653.65,India_Average,National
2023-10-01,Orange,1458.8,India_Average,National
2023-10-02,Orange,1544.93,India_Average,National
2023-10-03,Orange,1628.4,India_Average,National
2023-10-04,Orange,1700.9,India_Average,National
2023-10-05,Orange,1694.04,India_Average,National
2023-10-06,Orange,1692.6,India_Average,National
2023-10-07,Orange,1621.89,India_Average,National
2023-10-08,Orange,1626.5,India_Average,National
2023-10-09,Orange,1593.37,India_Average,National
2023-10-10,Orange,1717.1,India_Average,National
2023-10-11,Orange,1577.48,India_Average,National
2023-10-12,Orange,1723.87,India_Average,National
2023-10-13,Orange,1670.78,India_Average,National
2023-10-14,Orange,1649.87,India_Average,National
2023-10-15,Orange,1599.29,India_Average,National
2023-10-16,Orange,1541.51,India_Average,National
2023-10-17,Orange,1600.04,India_Average,National
2023-10-18,Orange,1626.31,India_Average,National
2023-10-19,Orange,1457.72,India_Average,National
2023-10-20,Orange,1637.27,India_Average,National
2023-10-21,Orange,1730.02,India_Average,National
2023-10-22,Orange,1700.49,India_Average,National
2023-10-23,Orange,1612.56,India_Average,National
2023-10-24,Orange,1657.47,India_Average,National
2023-10-25,Orange,1607.61,India_Average,National
2023-10-26,Orange,1665.89,India_Average,National
2023-10-27,Orange,1780.93,India_Average,National
2023-10-28,Orange,1733.66,India_Average,National
2023-10-29,Orange,1696.65,India_Average,National
2023-10-30,Orange,1612.84,India_Average,National
2023-10-31,Orange,1715.59,India_Average,National
2023-11-01,Orange,1648.18,India_Average,National
2023-11-02,Orange,1777.29,India_Average,National
2023-11-03,Orange,1852.53,India_Average,National
2023-11-04,Orange,1866.64,India_Average,National
2023-11-05,Orange,1860.29,India_Average,National
2023-11-06,Orange,1826.53,India_Average,National
2023-11-07,Orange,1782.38,India_Average,National
2023-11-08,Orange,1848.42,India_Average,National
2023-11-09,Orange,1714.24,India_Average,National
2023-11-10,Orange,1723.98,India_Average,National
2023-11-11,Orange,1805.56,India_Average,National
2023-11-12,Orange,1815.59,India_Average,National
2023-11-13,Orange,1635.69,India_Average,National
2023-11-14,Orange,1840.96,India_Average,National
2023-11-15,Orange,1869.55,India_Average,National
2023-11-16,Orange,1793.04,India_Average,National
2023-11-17,Orange,2013.7,India_Average,National
2023-11-18,Orange,1738.54,India_Average,National
2023-11-19,Orange,1767.5,India_Average,National
2023-11-20,Orange,1764.44,India_Average,National
2023-11-21,Orange,1793.14,India_Average,National
2023-11-22,Orange,1770.41,India_Average,National
2023-11-23,Orange,1673.39,India_Average,National
2023-11-24,Orange,1750.81,India_Average,National
2023-11-25,Orange,1791.21,India_Average,National
2023-11-26,Orange,1910.57,India_Average,National
2023-11-27,Orange,1998.2,India_Average,National
2023-11-28,Orange,1920.19,India_Average,National
2023-11-29,Orange,1730.22,India_Average,National
2023-11-30,Orange,1737.38,India_Average,National
2023-12-01,Orange,1984.07,India_Average,National
2023-12-02,Orange,2178.46,India_Average,National
2023-12-03,Orange,1983.46,India_Average,National
2023-12-04,Orange,1867.25,India_Average,National
2023-12-05,Orange,1949.88,India_Average,National
2023-12-06,Orange,2075.71,India_Average,National
2023-12-07,Orange,2068.99,India_Average,National
2023-12-08,Orange,1979.98,India_Average,National
2023-12-09,Orange,2068.34,India_Average,National
2023-12-10,Orange,1772.68,India_Average,National
2023-12-11,Orange,2010.38,India_Average,National
2023-12-12,Orange,2086.07,India_Average,National
2023-12-13,Orange,1916.71,India_Average,National
2023-12-14,Orange,1916.37,India_Average,National
2023-12-15,Orange,1813.36,India_Average,National
2023-12-16,Orange,2158.99,India_Average,National
2023-12-17,Orange,1927.98,India_Average,National
2023-12-18,Orange,2024.1,India_Average,National
2023-12-19,Orange,2060.39,India_Average,National
2023-12-20,Orange,2151.21,India_Average,National
2023-12-21,Orange,1984.61,India_Average,National
2023-12-22,Orange,1946.06,India_Average,National
2023-12-23,Orange,2017.31,India_Average,National
2023-12-24,Orange,2128.41,India_Average,National
2023-12-25,Orange,1982.98,India_Average,National
2023-12-26,Orange,1904.51,India_Average,National
2023-12-27,Orange,1845.92,India_Average,National
2023-12-28,Orange,1877.87,India_Average,National
2023-12-29,Orange,2086.44,India_Average,National
2023-12-30,Orange,1967.94,India_Average,National
2023-12-31,Orange,1939.25,India_Average,National
2024-01-01,Orange,2121.24,India_Average,National
2022-01-01,Papaya,2209.36,India_Average,National
2022-01-02,Papaya,2173.66,India_Average,National
2022-01-03,Papaya,2169.96,India_Average,National
2022-01-04,Papaya,2348.43,India_Average,National
2022-01-05,Papaya,2369.18,India_Average,National
2022-01-06,Papaya,2022.9,India_Average,National
2022-01-07,Papaya,2236.04,India_Average,National
2022-01-08,Papaya,2114.55,India_Average,National
2022-01-09,Papaya,2172.69,India_Average,National
2022-01-10,Papaya,2234.02,India_Average,National
2022-01-11,Papaya,2176.6,India_Average,National
2022-01-12,Papaya,2225.35,India_Average,National
2022-01-13,Papaya,2274.03,India_Average,National
2022-01-14,Papaya,2232.4,India_Average,National
2022-01-15,Papaya,2128.85,India_Average,National
2022-01-16,Papaya,2130.79,India_Average,National
2022-01-17,Papaya,2041.63,India_Average,National
2022-01-18,Papaya,2106.07,India_Average,National
2022-01-19,Papaya,2415.83,India_Average,National
2022-01-20,Papaya,2112.88,India_Average,National
2022-01-21,Papaya,2068.73,India_Average,National
2022-01-22,Papaya,2235.19,India_Average,National
2022-01-23,Papaya,2187.86,India_Average,National
2022-01-24,Papaya,2178.48,India_Average,National
2022-01-25,Papaya,2355.0,India_Average,National
2022-01-26,Papaya,2260.4,India_Average,National
2022-01-27,Papaya,2141.7,India_Average,National
2022-01-28,Papaya,2153.31,India_Average,National
2022-01-29,Papaya,2144.72,India_Average,National
2022-01-30,Papaya,2296.22,India_Average,National
2022-01-31,Papaya,2166.1,India_Average,National
2022-02-01,Papaya,2136.04,India_Average,National
2022-02-02,Papaya,2340.74,India_Average,National
2022-02-03,Papaya,2166.09,India_Average,National
2022-02-04,Papaya,2602.67,India_Average,National
2022-02-05,Papaya,2233.12,India_Average,National
2022-02-06,Papaya,2327.42,India_Average,National
2022-02-07,Papaya,2376.7,India_Average,National
2022-02-08,Papaya,2312.54,India_Average,National
2022-02-09,Papaya,2312.38,India_Average,National
2022-02-10,Papaya,2395.9,India_Average,National
2022-02-11,Papaya,2525.47,India_Average,National
2022-02-12,Papaya,2436.45,India_Average,National
2022-02-13,Papaya,2519.87,India_Average,National
2022-02-14,Papaya,2223.62,India_Average,National
2022-02-15,Papaya,2383.64,India_Average,National
2022-02-16,Papaya,2364.62,India_Average,National
2022-02-17,Papaya,2387.6,India_Average,National
2022-02-18,Papaya,2507.87,India_Average,National
2022-02-19,Papaya,2320.51,India_Average,National
2022-02-20,Papaya,2298.84,India_Average,National
2022-02-21,Papaya,2409.06,India_Average,National
2022-02-22,Papaya,2137.79,India_Average,National
2022-02-23,Papaya,2318.62,India_Average,National
2022-02-24,Papaya,2330.67,India_Average,National
2022-02-25,Papaya,2238.43,India_Average,National
2022-02-26,Papaya,2470.42,India_Average,National
2022-02-27,Papaya,2221.79,India_Average,National
2022-02-28,Papaya,2330.47,India_Average,National
2022-03-01,Papaya,2435.18,India_Average,National
2022-03-02,Papaya,2562.41,India_Average,National
2022-03-03,Papaya,2398.73,India_Average,National
2022-03-04,Papaya,2512.34,India_Average,National
2022-03-05,Papaya,2484.07,India_Average,National
2022-03-06,Papaya,2414.81,India_Average,National
2022-03-07,Papaya,2269.26,India_Average,National
2022-03-08,Papaya,2227.85,India_Average,National
2022-03-09,Papaya,2412.78,India_Average,National
2022-03-10,Papaya,2334.88,India_Average,National
2022-03-11,Papaya,2510.31,India_Average,National
2022-03-12,Papaya,2489.5,India_Average,National
2022-03-13,Papaya,2377.85,India_Average,National
2022-03-14,Papaya,2261.07,India_Average,National
2022-03-15,Papaya,2461.29,India_Average,National
2022-03-16,Papaya,2277.85,India_Average,National
2022-03-17,Papaya,2308.98,India_Average,National
2022-03-18,Papaya,2282.47,India_Average,National
2022-03-19,Papaya,2383.38,India_Average,National
2022-03-20,Papaya,2540.42,India_Average,National
2022-03-21,Papaya,2399.4,India_Average,National
2022-03-22,Papaya,2346.81,India_Average,National
2022-03-23,Papaya,2216.93,India_Average,National
2022-03-24,Papaya,2466.25,India_Average,National
2022-03-25,Papaya,2306.35,India_Average,National
2022-03-26,Papaya,2414.1,India_Average,National
2022-03-27,Papaya,2357.49,India_Average,National
2022-03-28,Papaya,2500.58,India_Average,National
2022-03-29,Papaya,2381.13,India_Average,National
2022-03-30,Papaya,2392.93,India_Average,National
2022-03-31,Papaya,2458.29,India_Average,National
2022-04-01,Papaya,2593.6,India_Average,National
2022-04-02,Papaya,2450.64,India_Average,National
2022-04-03,Papaya,2336.01,India_Average,National
2022-04-04,Papaya,2346.79,India_Average,National
2022-04-05,Papaya,2284.83,India_Average,National
2022-04-06,Papaya,2234.96,India_Average,National
2022-04-07,Papaya,2281.56,India_Average,National
2022-04-08,Papaya,2255.82,India_Average,National
2022-04-09,Papaya,2423.06,India_Average,National
2022-04-10,Papaya,2220.74,India_Average,National
2022-04-11,Papaya,2502.82,India_Average,National
2022-04-12,Papaya,2434.64,India_Average,National
2022-04-13,Papaya,2348.82,India_Average,National
2022-04-14,Papaya,2346.45,India_Average,National
2022-04-15,Papaya,2281.03,India_Average,National
2022-04-16,Papaya,2378.1,India_Average,National
2022-04-17,Papaya,2474.07,India_Average,National
2022-04-18,Papaya,2263.92,India_Average,National
2022-04-19,Papaya,2166.51,India_Average,National
2022-04-20,Papaya,2428.91,India_Average,National
2022-04-21,Papaya,2384.46,India_Average,National
2022-04-22,Papaya,2214.99,India_Average,National
2022-04-23,Papaya,2260.37,India_Average,National
2022-04-24,Papaya,2245.62,India_Average,National
2022-04-25,Papaya,2261.41,India_Average,National
2022-04-26,Papaya,2308.44,India_Average,National
2022-04-27,Papaya,2315.14,India_Average,National
2022-04-28,Papaya,2270.06,India_Average,National
2022-04-29,Papaya,2257.46,India_Average,National
2022-04-30,Papaya,2319.57,India_Average,National
2022-05-01,Papaya,2218.45,India_Average,National
2022-05-02,Papaya,2165.21,India_Average,National
2022-05-03,Papaya,2327.45,India_Average,National
2022-05-04,Papaya,2255.89,India_Average,National
2022-05-05,Papaya,2025.01,India_Average,National
2022-05-06,Papaya,2257.61,India_Average,National
2022-05-07,Papaya,2266.61,India_Average,National
2022-05-08,Papaya,2152.18,India_Average,National
2022-05-09,Papaya,2035.53,India_Average,National
2022-05-10,Papaya,2200.89,India_Average,National
2022-05-11,Papaya,2199.15,India_Average,National
2022-05-12,Papaya,2076.62,India_Average,National
2022-05-13,Papaya,2040.37,India_Average,National
2022-05-14,Papaya,2190.37,India_Average,National
2022-05-15,Papaya,2174.36,India_Average,National
2022-05-16,Papaya,2154.1,India_Average,National
2022-05-17,Papaya,2190.82,India_Average,National
2022-05-18,Papaya,2078.69,India_Average,National
2022-05-19,Papaya,2152.17,India_Average,National
2022-05-20,Papaya,2258.67,India_Average,National
2022-05-21,Papaya,2161.5,India_Average,National
2022-05-22,Papaya,2016.08,India_Average,National
2022-05-23,Papaya,2148.0,India_Average,National
2022-05-24,Papaya,2082.28,India_Average,National
2022-05-25,Papaya,2229.38,India_Average,National
2022-05-26,Papaya,2235.07,India_Average,National
2022-05-27,Papaya,2017.53,India_Average,National
2022-05-28,Papaya,2283.49,India_Average,National
2022-05-29,Papaya,2077.66,India_Average,National
2022-05-30,Papaya,2371.51,India_Average,National
2022-05-31,Papaya,2194.63,India_Average,National
2022-06-01,Papaya,1875.36,India_Average,National
2022-06-02,Papaya,1885.8,India_Average,National
2022-06-03,Papaya,2034.81,India_Average,National
2022-06-04,Papaya,1960.87,India_Average,National
2022-06-05,Papaya,1990.33,India_Average,National
2022-06-06,Papaya,2161.28,India_Average,National
2022-06-07,Papaya,1930.08,India_Average,National
2022-06-08,Papaya,2006.0,India_Average,National
2022-06-09,Papaya,2141.98,India_Average,National
2022-06-10,Papaya,2027.05,India_Average,National
2022-06-11,Papaya,1839.34,India_Average,National
2022-06-12,Papaya,2050.54,India_Average,National
2022-06-13,Papaya,1883.7,India_Average,National
2022-06-14,Papaya,2140.68,India_Average,National
2022-06-15,Papaya,1917.71,India_Average,National
2022-06-16,Papaya,2296.95,India_Average,National
2022-06-17,Papaya,2146.74,India_Average,National
2022-06-18,Papaya,1920.34,India_Average,National
2022-06-19,Papaya,2002.0,India_Average,National
2022-06-20,Papaya,2075.36,India_Average,National
2022-06-21,Papaya,2078.37,India_Average,National
2022-06-22,Papaya,2044.23,India_Average,National
2022-06-23,Papaya,2125.22,India_Average,National
2022-06-24,Papaya,1987.7,India_Average,National
2022-06-25,Papaya,1963.33,India_Average,National
2022-06-26,Papaya,1965.31,India_Average,National
2022-06-27,Papaya,2085.84,India_Average,National
2022-06-28,Papaya,2036.52,India_Average,National
2022-06-29,Papaya,2029.13,India_Average,National
2022-06-30,Papaya,2079.52,India_Average,National
2022-07-01,Papaya,1615.41,India_Average,National
2022-07-02,Papaya,1827.91,India_Average,National
2022-07-03,Papaya,1819.67,India_Average,National
2022-07-04,Papaya,1950.19,India_Average,National
2022-07-05,Papaya,1662.43,India_Average,National
2022-07-06,Papaya,1940.15,India_Average,National
2022-07-07,Papaya,1806.79,India_Average,National
2022-07-08,Papaya,1844.01,India_Average,National
2022-07-09,Papaya,1950.83,India_Average,National
2022-07-10,Papaya,1850.47,India_Average,National
2022-07-11,Papaya,1836.03,India_Average,National
2022-07-12,Papaya,1821.81,India_Average,National
2022-07-13,Papaya,1756.49,India_Average,National
2022-07-14,Papaya,1797.44,India_Average,National
2022-07-15,Papaya,1735.6,India_Average,National
2022-07-16,Papaya,1795.99,India_Average,National
2022-07-17,Papaya,1589.77,India_Average,National
2022-07-18,Papaya,1838.61,India_Average,National
2022-07-19,Papaya,1789.04,India_Average,National
2022-07-20,Papaya,1769.74,India_Average,National
2022-07-21,Papaya,1819.78,India_Average,National
2022-07-22,Papaya,1670.98,India_Average,National
2022-07-23,Papaya,1973.63,India_Average,National
2022-07-24,Papaya,1790.75,India_Average,National
2022-07-25,Papaya,1786.87,India_Average,National
2022-07-26,Papaya,1713.11,India_Average,National
2022-07-27,Papaya,1802.16,India_Average,National
2022-07-28,Papaya,1924.83,India_Average,National
2022-07-29,Papaya,1893.23,India_Average,National
2022-07-30,Papaya,1876.9,India_Average,National
2022-07-31,Papaya,1849.18,India_Average,National
2022-08-01,Papaya,1623.95,India_Average,National
2022-08-02,Papaya,1533.69,India_Average,National
2022-08-03,Papaya,1636.97,India_Average,National
2022-08-04,Papaya,1634.09,India_Average,National
2022-08-05,Papaya,1740.3,India_Average,National
2022-08-06,Papaya,1679.17,India_Average,National
2022-08-07,Papaya,1786.89,India_Average,National
2022-08-08,Papaya,1752.6,India_Average,National
2022-08-09,Papaya,1615.85,India_Average,National
2022-08-10,Papaya,1505.17,India_Average,National
2022-08-11,Papaya,1768.15,India_Average,National
2022-08-12,Papaya,1765.98,India_Average,National
2022-08-13,Papaya,1540.63,India_Average,National
2022-08-14,Papaya,1778.37,India_Average,National
2022-08-15,Papaya,1685.18,India_Average,National
2022-08-16,Papaya,1666.88,India_Average,National
2022-08-17,Papaya,1787.1,India_Average,National
2022-08-18,Papaya,1764.77,India_Average,National
2022-08-19,Papaya,1707.44,India_Average,National
2022-08-20,Papaya,1692.72,India_Average,National
2022-08-21,Papaya,1704.55,India_Average,National
2022-08-22,Papaya,1620.51,India_Average,National
2022-08-23,Papaya,1649.03,India_Average,National
2022-08-24,Papaya,1578.99,India_Average,National
2022-08-25,Papaya,1626.05,India_Average,National
2022-08-26,Papaya,1623.28,India_Average,National
2022-08-27,Papaya,1601.06,India_Average,National
2022-08-28,Papaya,1664.9,India_Average,National
2022-08-29,Papaya,1626.8,India_Average,National
2022-08-30,Papaya,1695.11,India_Average,National
2022-08-31,Papaya,1519.46,India_Average,National
2022-09-01,Papaya,1590.93,India_Average,National
2022-09-02,Papaya,1610.52,India_Average,National
2022-09-03,Papaya,1575.15,India_Average,National
2022-09-04,Papaya,1586.21,India_Average,National
2022-09-05,Papaya,1473.18,India_Average,National
2022-09-06,Papaya,1628.52,India_Average,National
2022-09-07,Papaya,1651.81,India_Average,National
2022-09-08,Papaya,1639.48,India_Average,National
2022-09-09,Papaya,1683.1,India_Average,National
2022-09-10,Papaya,1616.12,India_Average,National
2022-09-11,Papaya,1638.29,India_Average,National
2022-09-12,Papaya,1612.49,India_Average,National
2022-09-13,Papaya,1655.0,India_Average,National
2022-09-14,Papaya,1473.82,India_Average,National
2022-09-15,Papaya,1528.51,India_Average,National
2022-09-16,Papaya,1726.95,India_Average,National
2022-09-17,Papaya,1403.17,India_Average,National
2022-09-18,Papaya,1588.79,India_Average,National
2022-09-19,Papaya,1693.78,India_Average,National
2022-09-20,Papaya,1592.54,India_Average,National
2022-09-21,Papaya,1567.6,India_Average,National
2022-09-22,Papaya,1610.35,India_Average,National
2022-09-23,Papaya,1571.75,India_Average,National
2022-09-24,Papaya,1602.47,India_Average,National
2022-09-25,Papaya,1545.33,India_Average,National
2022-09-26,Papaya,1688.69,India_Average,National
2022-09-27,Papaya,1713.86,India_Average,National
2022-09-28,Papaya,1589.33,India_Average,National
2022-09-29,Papaya,1489.08,India_Average,National
2022-09-30,Papaya,1558.09,India_Average,National
2022-10-01,Papaya,1638.38,India_Average,National
2022-10-02,Papaya,1695.39,India_Average,National
2022-10-03,Papaya,1570.25,India_Average,National
2022-10-04,Papaya,1590.0,India_Average,National
2022-10-05,Papaya,1695.81,India_Average,National
2022-10-06,Papaya,1731.22,India_Average,National
2022-10-07,Papaya,1602.2,India_Average,National
2022-10-08,Papaya,1543.36,India_Average,National
2022-10-09,Papaya,1925.12,India_Average,National
2022-10-10,Papaya,1718.35,India_Average,National
2022-10-11,Papaya,1631.51,India_Average,National
2022-10-12,Papaya,1725.44,India_Average,National
2022-10-13,Papaya,1643.3,India_Average,National
2022-10-14,Papaya,1725.29,India_Average,National
2022-10-15,Papaya,1666.77,India_Average,National
2022-10-16,Papaya,1661.14,India_Average,National
2022-10-17,Papaya,1644.2,India_Average,National
2022-10-18,Papaya,1533.92,India_Average,National
2022-10-19,Papaya,1813.83,India_Average,National
2022-10-20,Papaya,1575.74,India_Average,National
2022-10-21,Papaya,1541.14,India_Average,National
2022-10-22,Papaya,1635.99,India_Average,National
2022-10-23,Papaya,1574.1,India_Average,National
2022-10-24,Papaya,1649.31,India_Average,National
2022-10-25,Papaya,1710.45,India_Average,National
2022-10-26,Papaya,1735.88,India_Average,National
2022-10-27,Papaya,1720.95,India_Average,National
2022-10-28,Papaya,1628.32,India_Average,National
2022-10-29,Papaya,1657.69,India_Average,National
2022-10-30,Papaya,1687.31,India_Average,National
2022-10-31,Papaya,1508.26,India_Average,National
2022-11-01,Papaya,1851.35,India_Average,National
2022-11-02,Papaya,1668.84,India_Average,National
2022-11-03,Papaya,1983.63,India_Average,National
2022-11-04,Papaya,1763.59,India_Average,National
2022-11-05,Papaya,1783.36,India_Average,National
2022-11-06,Papaya,1730.73,India_Average,National
2022-11-07,Papaya,1743.3,India_Average,National
2022-11-08,Papaya,2004.67,India_Average,National
2022-11-09,Papaya,1884.63,India_Average,National
2022-11-10,Papaya,1660.57,India_Average,National
2022-11-11,Papaya,1935.38,India_Average,National
2022-11-12,Papaya,1907.39,India_Average,National
2022-11-13,Papaya,1774.69,India_Average,National
2022-11-14,Papaya,1827.6,India_Average,National
2022-11-15,Papaya,1798.66,India_Average,National
2022-11-16,Papaya,1977.53,India_Average,National
2022-11-17,Papaya,1728.33,India_Average,National
2022-11-18,Papaya,1813.14,India_Average,National
2022-11-19,Papaya,1761.47,India_Average,National
2022-11-20,Papaya,1671.03,India_Average,National
2022-11-21,Papaya,1997.25,India_Average,National
2022-11-22,Papaya,1693.66,India_Average,National
2022-11-23,Papaya,1819.81,India_Average,National
2022-11-24,Papaya,1643.34,India_Average,National
2022-11-25,Papaya,1764.08,India_Average,National
2022-11-26,Papaya,1837.98,India_Average,National
2022-11-27,Papaya,1725.77,India_Average,National
2022-11-28,Papaya,1852.81,India_Average,National
2022-11-29,Papaya,1775.79,India_Average,National
2022-11-30,Papaya,1904.41,India_Average,National
2022-12-01,Papaya,2136.18,India_Average,National
2022-12-02,Papaya,1941.33,India_Average,National
2022-12-03,Papaya,2007.67,India_Average,National
2022-12-04,Papaya,2018.35,India_Average,National
2022-12-05,Papaya,2061.93,India_Average,National
2022-12-06,Papaya,2001.44,India_Average,National
2022-12-07,Papaya,2019.02,India_Average,National
2022-12-08,Papaya,1975.66,India_Average,National
2022-12-09,Papaya,2011.52,India_Average,National
2022-12-10,Papaya,2129.79,India_Average,National
2022-12-11,Papaya,2064.61,India_Average,National
2022-12-12,Papaya,2070.13,India_Average,National
2022-12-13,Papaya,2072.31,India_Average,National
2022-12-14,Papaya,1984.62,India_Average,National
2022-12-15,Papaya,2031.88,India_Average,National
2022-12-16,Papaya,1891.48,India_Average,National
2022-12-17,Papaya,2126.88,India_Average,National
2022-12-18,Papaya,1721.7,India_Average,National
2022-12-19,Papaya,1991.29,India_Average,National
2022-12-20,Papaya,2114.09,India_Average,National
2022-12-21,Papaya,1863.61,India_Average,National
2022-12-22,Papaya,2039.98,India_Average,National
2022-12-23,Papaya,1931.92,India_Average,National
2022-12-24,Papaya,1963.12,India_Average,National
2022-12-25,Papaya,2094.59,India_Average,National
2022-12-26,Papaya,2019.81,India_Average,National
2022-12-27,Papaya,1796.56,India_Average,National
2022-12-28,Papaya,1902.36,India_Average,National
2022-12-29,Papaya,2097.53,India_Average,National
2022-12-30,Papaya,2044.89,India_Average,National
2022-12-31,Papaya,2174.81,India_Average,National
2023-01-01,Papaya,2385.09,India_Average,National
2023-01-02,Papaya,2162.35,India_Average,National
2023-01-03,Papaya,2475.36,India_Average,National
2023-01-04,Papaya,2202.69,India_Average,National
2023-01-05,Papaya,2094.11,India_Average,National
2023-01-06,Papaya,2130.3,India_Average,National
2023-01-07,Papaya,1951.76,India_Average,National
2023-01-08,Papaya,2376.77,India_Average,National
2023-01-09,Papaya,2375.42,India_Average,National
2023-01-10,Papaya,2088.29,India_Average,National
2023-01-11,Papaya,2174.93,India_Average,National
2023-01-12,Papaya,2210.52,India_Average,National
2023-01-13,Papaya,2094.36,India_Average,National
2023-01-14,Papaya,2006.94,India_Average,National
2023-01-15,Papaya,2176.86,India_Average,National
2023-01-16,Papaya,2164.68,India_Average,National
2023-01-17,Papaya,2157.27,India_Average,National
2023-01-18,Papaya,2224.5,India_Average,National
2023-01-19,Papaya,2357.25,India_Average,National
2023-01-20,Papaya,2166.66,India_Average,National
2023-01-21,Papaya,2218.75,India_Average,National
2023-01-22,Papaya,2279.96,India_Average,National
2023-01-23,Papaya,2260.96,India_Average,National
2023-01-24,Papaya,2132.41,India_Average,National
2023-01-25,Papaya,2210.6,India_Average,National
2023-01-26,Papaya,2260.23,India_Average,National
2023-01-27,Papaya,2075.88,India_Average,National
2023-01-28,Papaya,2338.99,India_Average,National
2023-01-29,Papaya,2357.47,India_Average,National
2023-01-30,Papaya,2120.49,India_Average,National
2023-01-31,Papaya,2221.3,India_Average,National
2023-02-01,Papaya,2421.76,India_Average,National
2023-02-02,Papaya,2282.4,India_Average,National
2023-02-03,Papaya,2402.91,India_Average,National
2023-02-04,Papaya,2365.56,India_Average,National
2023-02-05,Papaya,2174.19,India_Average,National
2023-02-06,Papaya,2400.28,India_Average,National
2023-02-07,Papaya,2217.34,India_Average,National
2023-02-08,Papaya,2456.6,India_Average,National
2023-02-09,Papaya,2267.66,India_Average,National
2023-02-10,Papaya,2327.49,India_Average,National
2023-02-11,Papaya,2507.41,India_Average,National
2023-02-12,Papaya,2404.65,India_Average,National
2023-02-13,Papaya,2219.77,India_Average,National
2023-02-14,Papaya,2227.34,India_Average,National
2023-02-15,Papaya,2276.1,India_Average,National
2023-02-16,Papaya,2392.71,India_Average,National
2023-02-17,Papaya,2388.45,India_Average,National
2023-02-18,Papaya,2247.5,India_Average,National
2023-02-19,Papaya,2209.47,India_Average,National
2023-02-20,Papaya,2379.45,India_Average,National
2023-02-21,Papaya,2325.07,India_Average,National
2023-02-22,Papaya,2599.5,India_Average,National
2023-02-23,Papaya,2350.7,India_Average,National
2023-02-24,Papaya,2559.26,India_Average,National
2023-02-25,Papaya,2209.1,India_Average,National
2023-02-26,Papaya,2161.84,India_Average,National
2023-02-27,Papaya,2215.0,India_Average,National
2023-02-28,Papaya,2485.92,India_Average,National
2023-03-01,Papaya,2610.73,India_Average,National
2023-03-02,Papaya,2306.14,India_Average,National
2023-03-03,Papaya,2344.73,India_Average,National
2023-03-04,Papaya,2259.72,India_Average,National
2023-03-05,Papaya,2182.6,India_Average,National
2023-03-06,Papaya,2486.21,India_Average,National
2023-03-07,Papaya,2426.76,India_Average,National
2023-03-08,Papaya,2401.26,India_Average,National
2023-03-09,Papaya,2231.99,India_Average,National
2023-03-10,Papaya,2596.79,India_Average,National
2023-03-11,Papaya,2339.6,India_Average,National
2023-03-12,Papaya,2464.04,India_Average,National
2023-03-13,Papaya,2225.45,India_Average,National
2023-03-14,Papaya,2377.14,India_Average,National
2023-03-15,Papaya,2434.96,India_Average,National
2023-03-16,Papaya,2439.25,India_Average,National
2023-03-17,Papaya,2418.56,India_Average,National
2023-03-18,Papaya,2459.34,India_Average,National
2023-03-19,Papaya,2264.34,India_Average,National
2023-03-20,Papaya,2423.68,India_Average,National
2023-03-21,Papaya,2413.65,India_Average,National
2023-03-22,Papaya,2427.8,India_Average,National
2023-03-23,Papaya,2408.68,India_Average,National
2023-03-24,Papaya,2247.21,India_Average,National
2023-03-25,Papaya,2241.86,India_Average,National
2023-03-26,Papaya,2134.29,India_Average,National
2023-03-27,Papaya,2498.1,India_Average,National
2023-03-28,Papaya,2499.32,India_Average,National
2023-03-29,Papaya,2501.23,India_Average,National
2023-03-30,Papaya,2436.81,India_Average,National
2023-03-31,Papaya,2144.03,India_Average,National
2023-04-01,Papaya,2225.96,India_Average,National
2023-04-02,Papaya,2366.4,India_Average,National
2023-04-03,Papaya,2362.31,India_Average,National
2023-04-04,Papaya,2320.28,India_Average,National
2023-04-05,Papaya,2389.69,India_Average,National
2023-04-06,Papaya,2347.78,India_Average,National
2023-04-07,Papaya,2360.58,India_Average,National
2023-04-08,Papaya,2271.43,India_Average,National
2023-04-09,Papaya,2461.62,India_Average,National
2023-04-10,Papaya,2295.87,India_Average,National
2023-04-11,Papaya,2190.3,India_Average,National
2023-04-12,Papaya,2255.96,India_Average,National
2023-04-13,Papaya,2305.53,India_Average,National
2023-04-14,Papaya,2463.03,India_Average,National
2023-04-15,Papaya,2341.45,India_Average,National
2023-04-16,Papaya,2324.57,India_Average,National
2023-04-17,Papaya,2199.92,India_Average,National
2023-04-18,Papaya,2438.56,India_Average,National
2023-04-19,Papaya,2269.92,India_Average,National
2023-04-20,Papaya,2334.67,India_Average,National
2023-04-21,Papaya,2520.07,India_Average,National
2023-04-22,Papaya,2406.1,India_Average,National
2023-04-23,Papaya,2155.38,India_Average,National
2023-04-24,Papaya,2138.81,India_Average,National
2023-04-25,Papaya,2338.87,India_Average,National
2023-04-26,Papaya,2204.13,India_Average,National
2023-04-27,Papaya,2422.5,India_Average,National
2023-04-28,Papaya,2351.37,India_Average,National
2023-04-29,Papaya,2365.81,India_Average,National
2023-04-30,Papaya,2263.49,India_Average,National
2023-05-01,Papaya,2391.55,India_Average,National
2023-05-02,Papaya,2512.69,India_Average,National
2023-05-03,Papaya,2169.36,India_Average,National
2023-05-04,Papaya,2238.83,India_Average,National
2023-05-05,Papaya,2210.72,India_Average,National
2023-05-06,Papaya,2171.43,India_Average,National
2023-05-07,Papaya,2108.47,India_Average,National
2023-05-08,Papaya,2080.65,India_Average,National
2023-05-09,Papaya,2075.08,India_Average,National
2023-05-10,Papaya,2244.58,India_Average,National
2023-05-11,Papaya,2142.84,India_Average,National
2023-05-12,Papaya,1916.39,India_Average,National
2023-05-13,Papaya,2248.93,India_Average,National
2023-05-14,Papaya,2195.79,India_Average,National
2023-05-15,Papaya,2348.13,India_Average,National
2023-05-16,Papaya,2241.04,India_Average,National
2023-05-17,Papaya,2037.35,India_Average,National
2023-05-18,Papaya,1954.74,India_Average,National
2023-05-19,Papaya,2120.86,India_Average,National
2023-05-20,Papaya,2131.24,India_Average,National
2023-05-21,Papaya,2303.75,India_Average,National
2023-05-22,Papaya,2199.02,India_Average,National
2023-05-23,Papaya,2324.71,India_Average,National
2023-05-24,Papaya,2054.27,India_Average,National
2023-05-25,Papaya,2306.18,India_Average,National
2023-05-26,Papaya,2279.31,India_Average,National
2023-05-27,Papaya,1977.99,India_Average,National
2023-05-28,Papaya,2345.49,India_Average,National
2023-05-29,Papaya,2210.28,India_Average,National
2023-05-30,Papaya,2243.12,India_Average,National
2023-05-31,Papaya,2104.86,India_Average,National
2023-06-01,Papaya,2127.52,India_Average,National
2023-06-02,Papaya,1881.41,India_Average,National
2023-06-03,Papaya,2083.21,India_Average,National
2023-06-04,Papaya,2082.06,India_Average,National
2023-06-05,Papaya,1902.58,India_Average,National
2023-06-06,Papaya,2198.34,India_Average,National
2023-06-07,Papaya,2023.15,India_Average,National
2023-06-08,Papaya,2065.39,India_Average,National
2023-06-09,Papaya,1847.29,India_Average,National
2023-06-10,Papaya,2211.77,India_Average,National
2023-06-11,Papaya,1877.54,India_Average,National
2023-06-12,Papaya,2102.49,India_Average,National
2023-06-13,Papaya,1900.52,India_Average,National
2023-06-14,Papaya,1938.1,India_Average,National
2023-06-15,Papaya,2078.88,India_Average,National
2023-06-16,Papaya,2102.76,India_Average,National
2023-06-17,Papaya,1872.87,India_Average,National
2023-06-18,Papaya,2109.05,India_Average,National
2023-06-19,Papaya,2104.5,India_Average,National
2023-06-20,Papaya,1906.2,India_Average,National
2023-06-21,Papaya,2159.86,India_Average,National
2023-06-22,Papaya,1854.31,India_Average,National
2023-06-23,Papaya,1937.52,India_Average,National
2023-06-24,Papaya,2047.9,India_Average,National
2023-06-25,Papaya,1914.64,India_Average,National
2023-06-26,Papaya,2026.38,India_Average,National
2023-06-27,Papaya,2024.11,India_Average,National
2023-06-28,Papaya,1981.29,India_Average,National
2023-06-29,Papaya,2083.24,India_Average,National
2023-06-30,Papaya,1977.16,India_Average,National
2023-07-01,Papaya,1820.84,India_Average,National
2023-07-02,Papaya,1903.18,India_Average,National
2023-07-03,Papaya,1871.16,India_Average,National
2023-07-04,Papaya,1870.74,India_Average,National
2023-07-05,Papaya,1696.57,India_Average,National
2023-07-06,Papaya,1847.23,India_Average,National
2023-07-07,Papaya,1720.94,India_Average,National
2023-07-08,Papaya,1684.67,India_Average,National
2023-07-09,Papaya,1793.55,India_Average,National
2023-07-10,Papaya,1718.61,India_Average,National
2023-07-11,Papaya,1871.16,India_Average,National
2023-07-12,Papaya,1873.31,India_Average,National
2023-07-13,Papaya,1628.76,India_Average,National
2023-07-14,Papaya,1725.45,India_Average,National
2023-07-15,Papaya,1668.62,India_Average,National
2023-07-16,Papaya,1758.36,India_Average,National
2023-07-17,Papaya,1840.97,India_Average,National
2023-07-18,Papaya,1778.19,India_Average,National
2023-07-19,Papaya,1746.92,India_Average,National
2023-07-20,Papaya,1917.02,India_Average,National
2023-07-21,Papaya,1592.56,India_Average,National
2023-07-22,Papaya,1911.32,India_Average,National
2023-07-23,Papaya,1751.01,India_Average,National
2023-07-24,Papaya,1792.97,India_Average,National
2023-07-25,Papaya,1752.54,India_Average,National
2023-07-26,Papaya,1938.86,India_Average,National
2023-07-27,Papaya,1689.21,India_Average,National
2023-07-28,Papaya,1801.06,India_Average,National
2023-07-29,Papaya,1847.47,India_Average,National
2023-07-30,Papaya,1655.01,India_Average,National
2023-07-31,Papaya,1717.21,India_Average,National
2023-08-01,Papaya,1641.34,India_Average,National
2023-08-02,Papaya,1580.28,India_Average,National
2023-08-03,Papaya,1586.16,India_Average,National
2023-08-04,Papaya,1624.66,India_Average,National
2023-08-05,Papaya,1707.3,India_Average,National
2023-08-06,Papaya,1625.25,India_Average,National
2023-08-07,Papaya,1742.75,India_Average,National
2023-08-08,Papaya,1571.1,India_Average,National
2023-08-09,Papaya,1550.08,India_Average,National
2023-08-10,Papaya,1812.86,India_Average,National
2023-08-11,Papaya,1599.19,India_Average,National
2023-08-12,Papaya,1545.2,India_Average,National
2023-08-13,Papaya,1509.56,India_Average,National
2023-08-14,Papaya,1742.48,India_Average,National
2023-08-15,Papaya,1625.37,India_Average,National
2023-08-16,Papaya,1632.61,India_Average,National
2023-08-17,Papaya,1640.43,India_Average,National
2023-08-18,Papaya,1737.34,India_Average,National
2023-08-19,Papaya,1638.75,India_Average,National
2023-08-20,Papaya,1847.4,India_Average,National
2023-08-21,Papaya,1664.65,India_Average,National
2023-08-22,Papaya,1741.38,India_Average,National
2023-08-23,Papaya,1720.17,India_Average,National
2023-08-24,Papaya,1650.58,India_Average,National
2023-08-25,Papaya,1605.06,India_Average,National
2023-08-26,Papaya,1681.04,India_Average,National
2023-08-27,Papaya,1695.76,India_Average,National
2023-08-28,Papaya,1606.25,India_Average,National
2023-08-29,Papaya,1667.34,India_Average,National
2023-08-30,Papaya,1755.8,India_Average,National
2023-08-31,Papaya,1824.73,India_Average,National
2023-09-01,Papaya,1668.35,India_Average,National
2023-09-02,Papaya,1749.02,India_Average,National
2023-09-03,Papaya,1549.65,India_Average,National
2023-09-04,Papaya,1656.15,India_Average,National
2023-09-05,Papaya,1707.08,India_Average,National
2023-09-06,Papaya,1528.29,India_Average,National
2023-09-07,Papaya,1561.15,India_Average,National
2023-09-08,Papaya,1739.03,India_Average,National
2023-09-09,Papaya,1521.99,India_Average,National
2023-09-10,Papaya,1492.71,India_Average,National
2023-09-11,Papaya,1722.24,India_Average,National
2023-09-12,Papaya,1695.74,India_Average,National
2023-09-13,Papaya,1634.57,India_Average,National
2023-09-14,Papaya,1596.34,India_Average,National
2023-09-15,Papaya,1564.92,India_Average,National
2023-09-16,Papaya,1622.56,India_Average,National
2023-09-17,Papaya,1726.38,India_Average,National
2023-09-18,Papaya,1619.09,India_Average,National
2023-09-19,Papaya,1773.36,India_Average,National
2023-09-20,Papaya,1528.16,India_Average,National
2023-09-21,Papaya,1598.43,India_Average,National
2023-09-22,Papaya,1570.16,India_Average,National
2023-09-23,Papaya,1513.19,India_Average,National
2023-09-24,Papaya,1587.75,India_Average,National
2023-09-25,Papaya,1633.39,India_Average,National
2023-09-26,Papaya,1641.94,India_Average,National
2023-09-27,Papaya,1773.64,India_Average,National
2023-09-28,Papaya,1637.16,India_Average,National
2023-09-29,Papaya,1692.01,India_Average,National
2023-09-30,Papaya,1605.29,India_Average,National
2023-10-01,Papaya,1792.33,India_Average,National
2023-10-02,Papaya,1851.89,India_Average,National
2023-10-03,Papaya,1697.5,India_Average,National
2023-10-04,Papaya,1571.52,India_Average,National
2023-10-05,Papaya,1608.21,India_Average,National
2023-10-06,Papaya,1676.9,India_Average,National
2023-10-07,Papaya,1691.33,India_Average,National
2023-10-08,Papaya,1711.34,India_Average,National
2023-10-09,Papaya,1691.64,India_Average,National
2023-10-10,Papaya,1654.17,India_Average,National
2023-10-11,Papaya,1600.99,India_Average,National
2023-10-12,Papaya,1686.76,India_Average,National
2023-10-13,Papaya,1806.96,India_Average,National
2023-10-14,Papaya,1737.92,India_Average,National
2023-10-15,Papaya,1697.8,India_Average,National
2023-10-16,Papaya,1738.71,India_Average,National
2023-10-17,Papaya,1622.91,India_Average,National
2023-10-18,Papaya,1611.57,India_Average,National
2023-10-19,Papaya,1591.76,India_Average,National
2023-10-20,Papaya,1643.23,India_Average,National
2023-10-21,Papaya,1618.7,India_Average,National
2023-10-22,Papaya,1753.49,India_Average,National
2023-10-23,Papaya,1614.29,India_Average,National
2023-10-24,Papaya,1587.22,India_Average,National
2023-10-25,Papaya,1814.2,India_Average,National
2023-10-26,Papaya,1616.27,India_Average,National
2023-10-27,Papaya,1666.28,India_Average,National
2023-10-28,Papaya,1690.9,India_Average,National
2023-10-29,Papaya,1559.61,India_Average,National
2023-10-30,Papaya,1755.74,India_Average,National
2023-10-31,Papaya,1706.27,India_Average,National
2023-11-01,Papaya,1940.25,India_Average,National
2023-11-02,Papaya,1738.87,India_Average,National
2023-11-03,Papaya,1808.92,India_Average,National
2023-11-04,Papaya,1803.54,India_Average,National
2023-11-05,Papaya,1823.75,India_Average,National
2023-11-06,Papaya,1669.08,India_Average,National
2023-11-07,Papaya,1809.98,India_Average,National
2023-11-08,Papaya,1671.62,India_Average,National
2023-11-09,Papaya,1832.25,India_Average,National
2023-11-10,Papaya,1608.42,India_Average,National
2023-11-11,Papaya,1633.36,India_Average,National
2023-11-12,Papaya,1873.67,India_Average,National
2023-11-13,Papaya,1750.78,India_Average,National
2023-11-14,Papaya,1711.09,India_Average,National
2023-11-15,Papaya,1914.38,India_Average,National
2023-11-16,Papaya,1829.49,India_Average,National
2023-11-17,Papaya,1878.49,India_Average,National
2023-11-18,Papaya,1785.04,India_Average,National
2023-11-19,Papaya,2041.17,India_Average,National
2023-11-20,Papaya,1745.59,India_Average,National
2023-11-21,Papaya,1957.0,India_Average,National
2023-11-22,Papaya,1794.48,India_Average,National
2023-11-23,Papaya,1651.09,India_Average,National
2023-11-24,Papaya,1843.46,India_Average,National
2023-11-25,Papaya,1828.33,India_Average,National
2023-11-26,Papaya,1705.38,India_Average,National
2023-11-27,Papaya,1717.0,India_Average,National
2023-11-28,Papaya,1797.78,India_Average,National
2023-11-29,Papaya,1831.48,India_Average,National
2023-11-30,Papaya,1577.64,India_Average,National
2023-12-01,Papaya,2105.31,India_Average,National
2023-12-02,Papaya,1950.55,India_Average,National
2023-12-03,Papaya,1866.83,India_Average,National
2023-12-04,Papaya,2094.11,India_Average,National
2023-12-05,Papaya,1997.64,India_Average,National
2023-12-06,Papaya,2121.62,India_Average,National
2023-12-07,Papaya,2043.8,India_Average,National
2023-12-08,Papaya,1999.85,India_Average,National
2023-12-09,Papaya,1984.73,India_Average,National
2023-12-10,Papaya,2048.27,India_Average,National
2023-12-11,Papaya,1958.65,India_Average,National
2023-12-12,Papaya,1914.74,India_Average,National
2023-12-13,Papaya,2060.99,India_Average,National
2023-12-14,Papaya,1985.55,India_Average,National
2023-12-15,Papaya,2003.36,India_Average,National
2023-12-16,Papaya,2108.94,India_Average,National
2023-12-17,Papaya,1988.61,India_Average,National
2023-12-18,Papaya,2001.5,India_Average,National
2023-12-19,Papaya,1940.04,India_Average,National
2023-12-20,Papaya,2043.07,India_Average,National
2023-12-21,Papaya,2034.98,India_Average,National
2023-12-22,Papaya,2090.08,India_Average,National
2023-12-23,Papaya,1942.09,India_Average,National
2023-12-24,Papaya,1954.22,India_Average,National
2023-12-25,Papaya,2079.21,India_Average,National
2023-12-26,Papaya,2025.22,India_Average,National
2023-12-27,Papaya,1909.38,India_Average,National
2023-12-28,Papaya,2130.66,India_Average,National
2023-12-29,Papaya,1830.15,India_Average,National
2023-12-30,Papaya,2078.43,India_Average,National
2023-12-31,Papaya,1873.48,India_Average,National
2024-01-01,Papaya,2407.44,India_Average,National
2022-01-01,Pigeonpeas,5582.76,India_Average,National
2022-01-02,Pigeonpeas,6398.56,India_Average,National
2022-01-03,Pigeonpeas,6025.31,India_Average,National
2022-01-04,Pigeonpeas,5939.1,India_Average,National
2022-01-05,Pigeonpeas,6106.08,India_Average,National
2022-01-06,Pigeonpeas,6241.15,India_Average,National
2022-01-07,Pigeonpeas,5776.42,India_Average,National
2022-01-08,Pigeonpeas,5803.22,India_Average,National
2022-01-09,Pigeonpeas,6246.51,India_Average,National
2022-01-10,Pigeonpeas,5533.53,India_Average,National
2022-01-11,Pigeonpeas,5873.27,India_Average,National
2022-01-12,Pigeonpeas,6969.81,India_Average,National
2022-01-13,Pigeonpeas,5757.18,India_Average,National
2022-01-14,Pigeonpeas,6397.21,India_Average,National
2022-01-15,Pigeonpeas,5872.75,India_Average,National
2022-01-16,Pigeonpeas,6203.99,India_Average,National
2022-01-17,Pigeonpeas,6247.94,India_Average,National
2022-01-18,Pigeonpeas,6391.51,India_Average,National
2022-01-19,Pigeonpeas,5989.42,India_Average,National
2022-01-20,Pigeonpeas,6651.64,India_Average,National
2022-01-21,Pigeonpeas,5871.73,India_Average,National
2022-01-22,Pigeonpeas,6120.85,India_Average,National
2022-01-23,Pigeonpeas,6124.2,India_Average,National
2022-01-24,Pigeonpeas,5710.6,India_Average,National
2022-01-25,Pigeonpeas,5963.52,India_Average,National
2022-01-26,Pigeonpeas,6098.86,India_Average,National
2022-01-27,Pigeonpeas,5919.28,India_Average,National
2022-01-28,Pigeonpeas,6788.38,India_Average,National
2022-01-29,Pigeonpeas,5796.32,India_Average,National
2022-01-30,Pigeonpeas,6406.78,India_Average,National
2022-01-31,Pigeonpeas,6309.08,India_Average,National
2022-02-01,Pigeonpeas,6448.16,India_Average,National
2022-02-02,Pigeonpeas,6173.48,India_Average,National
2022-02-03,Pigeonpeas,6204.76,India_Average,National
2022-02-04,Pigeonpeas,6285.52,India_Average,National
2022-02-05,Pigeonpeas,5876.49,India_Average,National
2022-02-06,Pigeonpeas,6128.88,India_Average,National
2022-02-07,Pigeonpeas,5974.33,India_Average,National
2022-02-08,Pigeonpeas,6886.85,India_Average,National
2022-02-09,Pigeonpeas,6652.16,India_Average,National
2022-02-10,Pigeonpeas,6706.21,India_Average,National
2022-02-11,Pigeonpeas,6642.6,India_Average,National
2022-02-12,Pigeonpeas,6506.5,India_Average,National
2022-02-13,Pigeonpeas,6923.89,India_Average,National
2022-02-14,Pigeonpeas,6255.58,India_Average,National
2022-02-15,Pigeonpeas,6487.04,India_Average,National
2022-02-16,Pigeonpeas,6693.65,India_Average,National
2022-02-17,Pigeonpeas,6026.36,India_Average,National
2022-02-18,Pigeonpeas,7451.68,India_Average,National
2022-02-19,Pigeonpeas,6461.84,India_Average,National
2022-02-20,Pigeonpeas,6498.44,India_Average,National
2022-02-21,Pigeonpeas,6858.14,India_Average,National
2022-02-22,Pigeonpeas,6747.82,India_Average,National
2022-02-23,Pigeonpeas,6464.91,India_Average,National
2022-02-24,Pigeonpeas,6494.61,India_Average,National
2022-02-25,Pigeonpeas,5967.34,India_Average,National
2022-02-26,Pigeonpeas,6273.09,India_Average,National
2022-02-27,Pigeonpeas,6619.5,India_Average,National
2022-02-28,Pigeonpeas,6595.84,India_Average,National
2022-03-01,Pigeonpeas,7002.98,India_Average,National
2022-03-02,Pigeonpeas,6560.23,India_Average,National
2022-03-03,Pigeonpeas,6142.2,India_Average,National
2022-03-04,Pigeonpeas,6948.72,India_Average,National
2022-03-05,Pigeonpeas,7073.91,India_Average,National
2022-03-06,Pigeonpeas,6896.42,India_Average,National
2022-03-07,Pigeonpeas,6546.0,India_Average,National
2022-03-08,Pigeonpeas,6944.65,India_Average,National
2022-03-09,Pigeonpeas,7731.54,India_Average,National
2022-03-10,Pigeonpeas,6638.0,India_Average,National
2022-03-11,Pigeonpeas,6167.13,India_Average,National
2022-03-12,Pigeonpeas,6406.53,India_Average,National
2022-03-13,Pigeonpeas,6806.41,India_Average,National
2022-03-14,Pigeonpeas,6070.41,India_Average,National
2022-03-15,Pigeonpeas,6655.9,India_Average,National
2022-03-16,Pigeonpeas,6725.51,India_Average,National
2022-03-17,Pigeonpeas,7106.59,India_Average,National
2022-03-18,Pigeonpeas,7032.36,India_Average,National
2022-03-19,Pigeonpeas,6885.31,India_Average,National
2022-03-20,Pigeonpeas,5886.32,India_Average,National
2022-03-21,Pigeonpeas,6903.95,India_Average,National
2022-03-22,Pigeonpeas,6832.82,India_Average,National
2022-03-23,Pigeonpeas,6684.46,India_Average,National
2022-03-24,Pigeonpeas,6029.03,India_Average,National
2022-03-25,Pigeonpeas,6343.66,India_Average,National
2022-03-26,Pigeonpeas,6214.95,India_Average,National
2022-03-27,Pigeonpeas,5935.05,India_Average,National
2022-03-28,Pigeonpeas,6599.04,India_Average,National
2022-03-29,Pigeonpeas,6336.72,India_Average,National
2022-03-30,Pigeonpeas,7466.35,India_Average,National
2022-03-31,Pigeonpeas,6544.31,India_Average,National
2022-04-01,Pigeonpeas,6870.03,India_Average,National
2022-04-02,Pigeonpeas,5946.39,India_Average,National
2022-04-03,Pigeonpeas,6281.6,India_Average,National
2022-04-04,Pigeonpeas,6483.89,India_Average,National
2022-04-05,Pigeonpeas,6159.63,India_Average,National
2022-04-06,Pigeonpeas,6316.41,India_Average,National
2022-04-07,Pigeonpeas,6382.31,India_Average,National
2022-04-08,Pigeonpeas,6377.16,India_Average,National
2022-04-09,Pigeonpeas,7051.15,India_Average,National
2022-04-10,Pigeonpeas,6574.66,India_Average,National
2022-04-11,Pigeonpeas,6607.33,India_Average,National
2022-04-12,Pigeonpeas,6626.74,India_Average,National
2022-04-13,Pigeonpeas,6650.28,India_Average,National
2022-04-14,Pigeonpeas,6425.89,India_Average,National
2022-04-15,Pigeonpeas,6349.15,India_Average,National
2022-04-16,Pigeonpeas,6506.45,India_Average,National
2022-04-17,Pigeonpeas,6825.85,India_Average,National
2022-04-18,Pigeonpeas,6815.99,India_Average,National
2022-04-19,Pigeonpeas,6375.07,India_Average,National
2022-04-20,Pigeonpeas,6700.36,India_Average,National
2022-04-21,Pigeonpeas,6389.85,India_Average,National
2022-04-22,Pigeonpeas,6463.56,India_Average,National
2022-04-23,Pigeonpeas,6299.85,India_Average,National
2022-04-24,Pigeonpeas,6394.02,India_Average,National
2022-04-25,Pigeonpeas,6885.38,India_Average,National
2022-04-26,Pigeonpeas,6482.45,India_Average,National
2022-04-27,Pigeonpeas,6496.27,India_Average,National
2022-04-28,Pigeonpeas,5985.71,India_Average,National
2022-04-29,Pigeonpeas,6352.86,India_Average,National
2022-04-30,Pigeonpeas,6374.77,India_Average,National
2022-05-01,Pigeonpeas,5799.18,India_Average,National
2022-05-02,Pigeonpeas,6056.55,India_Average,National
2022-05-03,Pigeonpeas,5920.17,India_Average,National
2022-05-04,Pigeonpeas,6074.2,India_Average,National
2022-05-05,Pigeonpeas,6086.75,India_Average,National
2022-05-06,Pigeonpeas,5760.88,India_Average,National
2022-05-07,Pigeonpeas,5929.39,India_Average,National
2022-05-08,Pigeonpeas,6073.41,India_Average,National
2022-05-09,Pigeonpeas,6408.25,India_Average,National
2022-05-10,Pigeonpeas,6127.66,India_Average,National
2022-05-11,Pigeonpeas,5849.76,India_Average,National
2022-05-12,Pigeonpeas,6170.7,India_Average,National
2022-05-13,Pigeonpeas,6566.53,India_Average,National
2022-05-14,Pigeonpeas,6327.3,India_Average,National
2022-05-15,Pigeonpeas,6215.63,India_Average,National
2022-05-16,Pigeonpeas,6269.49,India_Average,National
2022-05-17,Pigeonpeas,6485.59,India_Average,National
2022-05-18,Pigeonpeas,6375.38,India_Average,National
2022-05-19,Pigeonpeas,6221.45,India_Average,National
2022-05-20,Pigeonpeas,6373.26,India_Average,National
2022-05-21,Pigeonpeas,5722.8,India_Average,National
2022-05-22,Pigeonpeas,5595.56,India_Average,National
2022-05-23,Pigeonpeas,6097.52,India_Average,National
2022-05-24,Pigeonpeas,6070.78,India_Average,National
2022-05-25,Pigeonpeas,5885.47,India_Average,National
2022-05-26,Pigeonpeas,6299.82,India_Average,National
2022-05-27,Pigeonpeas,5486.48,India_Average,National
2022-05-28,Pigeonpeas,5888.23,India_Average,National
2022-05-29,Pigeonpeas,5903.3,India_Average,National
2022-05-30,Pigeonpeas,5555.02,India_Average,National
2022-05-31,Pigeonpeas,6502.16,India_Average,National
2022-06-01,Pigeonpeas,5126.22,India_Average,National
2022-06-02,Pigeonpeas,5338.21,India_Average,National
2022-06-03,Pigeonpeas,5749.69,India_Average,National
2022-06-04,Pigeonpeas,5677.66,India_Average,National
2022-06-05,Pigeonpeas,5195.25,India_Average,National
2022-06-06,Pigeonpeas,5687.68,India_Average,National
2022-06-07,Pigeonpeas,5579.69,India_Average,National
2022-06-08,Pigeonpeas,6141.58,India_Average,National
2022-06-09,Pigeonpeas,5611.08,India_Average,National
2022-06-10,Pigeonpeas,5461.16,India_Average,National
2022-06-11,Pigeonpeas,5264.46,India_Average,National
2022-06-12,Pigeonpeas,5295.33,India_Average,National
2022-06-13,Pigeonpeas,5272.91,India_Average,National
2022-06-14,Pigeonpeas,5877.05,India_Average,National
2022-06-15,Pigeonpeas,5504.94,India_Average,National
2022-06-16,Pigeonpeas,5655.44,India_Average,National
2022-06-17,Pigeonpeas,5916.42,India_Average,National
2022-06-18,Pigeonpeas,4851.42,India_Average,National
2022-06-19,Pigeonpeas,5851.69,India_Average,National
2022-06-20,Pigeonpeas,5515.23,India_Average,National
2022-06-21,Pigeonpeas,5619.64,India_Average,National
2022-06-22,Pigeonpeas,5272.19,India_Average,National
2022-06-23,Pigeonpeas,5292.34,India_Average,National
2022-06-24,Pigeonpeas,5634.43,India_Average,National
2022-06-25,Pigeonpeas,6155.76,India_Average,National
2022-06-26,Pigeonpeas,5775.91,India_Average,National
2022-06-27,Pigeonpeas,5848.02,India_Average,National
2022-06-28,Pigeonpeas,5447.2,India_Average,National
2022-06-29,Pigeonpeas,5334.94,India_Average,National
2022-06-30,Pigeonpeas,5285.28,India_Average,National
2022-07-01,Pigeonpeas,4829.15,India_Average,National
2022-07-02,Pigeonpeas,4441.94,India_Average,National
2022-07-03,Pigeonpeas,4770.58,India_Average,National
2022-07-04,Pigeonpeas,4811.31,India_Average,National
2022-07-05,Pigeonpeas,4906.6,India_Average,National
2022-07-06,Pigeonpeas,4982.61,India_Average,National
2022-07-07,Pigeonpeas,5039.71,India_Average,National
2022-07-08,Pigeonpeas,4946.31,India_Average,National
2022-07-09,Pigeonpeas,4806.09,India_Average,National
2022-07-10,Pigeonpeas,4464.07,India_Average,National
2022-07-11,Pigeonpeas,4807.61,India_Average,National
2022-07-12,Pigeonpeas,4709.32,India_Average,National
2022-07-13,Pigeonpeas,5065.35,India_Average,National
2022-07-14,Pigeonpeas,5175.05,India_Average,National
2022-07-15,Pigeonpeas,5182.3,India_Average,National
2022-07-16,Pigeonpeas,5137.35,India_Average,National
2022-07-17,Pigeonpeas,4916.95,India_Average,National
2022-07-18,Pigeonpeas,4820.82,India_Average,National
2022-07-19,Pigeonpeas,4765.09,India_Average,National
2022-07-20,Pigeonpeas,4576.89,India_Average,National
2022-07-21,Pigeonpeas,5195.48,India_Average,National
2022-07-22,Pigeonpeas,4906.76,India_Average,National
2022-07-23,Pigeonpeas,4641.53,India_Average,National
2022-07-24,Pigeonpeas,4745.44,India_Average,National
2022-07-25,Pigeonpeas,4735.42,India_Average,National
2022-07-26,Pigeonpeas,4960.65,India_Average,National
2022-07-27,Pigeonpeas,5214.2,India_Average,National
2022-07-28,Pigeonpeas,4863.87,India_Average,National
2022-07-29,Pigeonpeas,4392.5,India_Average,National
2022-07-30,Pigeonpeas,4903.18,India_Average,National
2022-07-31,Pigeonpeas,4911.34,India_Average,National
2022-08-01,Pigeonpeas,4496.23,India_Average,National
2022-08-02,Pigeonpeas,4404.71,India_Average,National
2022-08-03,Pigeonpeas,4596.81,India_Average,National
2022-08-04,Pigeonpeas,4562.41,India_Average,National
2022-08-05,Pigeonpeas,4541.73,India_Average,National
2022-08-06,Pigeonpeas,4641.19,India_Average,National
2022-08-07,Pigeonpeas,4449.64,India_Average,National
2022-08-08,Pigeonpeas,4436.74,India_Average,National
2022-08-09,Pigeonpeas,4861.17,India_Average,National
2022-08-10,Pigeonpeas,4674.55,India_Average,National
2022-08-11,Pigeonpeas,4735.39,India_Average,National
2022-08-12,Pigeonpeas,4826.15,India_Average,National
2022-08-13,Pigeonpeas,4666.96,India_Average,National
2022-08-14,Pigeonpeas,4758.46,India_Average,National
2022-08-15,Pigeonpeas,4188.28,India_Average,National
2022-08-16,Pigeonpeas,4593.79,India_Average,National
2022-08-17,Pigeonpeas,4505.83,India_Average,National
2022-08-18,Pigeonpeas,4928.82,India_Average,National
2022-08-19,Pigeonpeas,4758.29,India_Average,National
2022-08-20,Pigeonpeas,4404.03,India_Average,National
2022-08-21,Pigeonpeas,4632.13,India_Average,National
2022-08-22,Pigeonpeas,4585.5,India_Average,National
2022-08-23,Pigeonpeas,4650.67,India_Average,National
2022-08-24,Pigeonpeas,4315.72,India_Average,National
2022-08-25,Pigeonpeas,4629.23,India_Average,National
2022-08-26,Pigeonpeas,4495.5,India_Average,National
2022-08-27,Pigeonpeas,4611.59,India_Average,National
2022-08-28,Pigeonpeas,4382.67,India_Average,National
2022-08-29,Pigeonpeas,4414.35,India_Average,National
2022-08-30,Pigeonpeas,4814.27,India_Average,National
2022-08-31,Pigeonpeas,4308.28,India_Average,National
2022-09-01,Pigeonpeas,4184.89,India_Average,National
2022-09-02,Pigeonpeas,4388.65,India_Average,National
2022-09-03,Pigeonpeas,4230.18,India_Average,National
2022-09-04,Pigeonpeas,4205.29,India_Average,National
2022-09-05,Pigeonpeas,4423.12,India_Average,National
2022-09-06,Pigeonpeas,4068.89,India_Average,National
2022-09-07,Pigeonpeas,4178.25,India_Average,National
2022-09-08,Pigeonpeas,4851.9,India_Average,National
2022-09-09,Pigeonpeas,4501.08,India_Average,National
2022-09-10,Pigeonpeas,4235.76,India_Average,National
2022-09-11,Pigeonpeas,4492.01,India_Average,National
2022-09-12,Pigeonpeas,4524.81,India_Average,National
2022-09-13,Pigeonpeas,4618.77,India_Average,National
2022-09-14,Pigeonpeas,4372.03,India_Average,National
2022-09-15,Pigeonpeas,4614.83,India_Average,National
2022-09-16,Pigeonpeas,3951.54,India_Average,National
2022-09-17,Pigeonpeas,4167.61,India_Average,National
2022-09-18,Pigeonpeas,4436.05,India_Average,National
2022-09-19,Pigeonpeas,4472.52,India_Average,National
2022-09-20,Pigeonpeas,4199.41,India_Average,National
2022-09-21,Pigeonpeas,4457.07,India_Average,National
2022-09-22,Pigeonpeas,4262.76,India_Average,National
2022-09-23,Pigeonpeas,4339.07,India_Average,National
2022-09-24,Pigeonpeas,4625.45,India_Average,National
2022-09-25,Pigeonpeas,4599.97,India_Average,National
2022-09-26,Pigeonpeas,4180.65,India_Average,National
2022-09-27,Pigeonpeas,4167.4,India_Average,National
2022-09-28,Pigeonpeas,4309.54,India_Average,National
2022-09-29,Pigeonpeas,4394.12,India_Average,National
2022-09-30,Pigeonpeas,4255.26,India_Average,National
2022-10-01,Pigeonpeas,4783.98,India_Average,National
2022-10-02,Pigeonpeas,4626.36,India_Average,National
2022-10-03,Pigeonpeas,4639.7,India_Average,National
2022-10-04,Pigeonpeas,4259.4,India_Average,National
2022-10-05,Pigeonpeas,4812.78,India_Average,National
2022-10-06,Pigeonpeas,3906.15,India_Average,National
2022-10-07,Pigeonpeas,4737.01,India_Average,National
2022-10-08,Pigeonpeas,4759.81,India_Average,National
2022-10-09,Pigeonpeas,4449.06,India_Average,National
2022-10-10,Pigeonpeas,4836.79,India_Average,National
2022-10-11,Pigeonpeas,4533.03,India_Average,National
2022-10-12,Pigeonpeas,4561.57,India_Average,National
2022-10-13,Pigeonpeas,4624.57,India_Average,National
2022-10-14,Pigeonpeas,5271.9,India_Average,National
2022-10-15,Pigeonpeas,4853.05,India_Average,National
2022-10-16,Pigeonpeas,4706.79,India_Average,National
2022-10-17,Pigeonpeas,4339.83,India_Average,National
2022-10-18,Pigeonpeas,4580.02,India_Average,National
2022-10-19,Pigeonpeas,4362.49,India_Average,National
2022-10-20,Pigeonpeas,4734.29,India_Average,National
2022-10-21,Pigeonpeas,4579.31,India_Average,National
2022-10-22,Pigeonpeas,4291.69,India_Average,National
2022-10-23,Pigeonpeas,4565.82,India_Average,National
2022-10-24,Pigeonpeas,4354.24,India_Average,National
2022-10-25,Pigeonpeas,4581.75,India_Average,National
2022-10-26,Pigeonpeas,4352.04,India_Average,National
2022-10-27,Pigeonpeas,4553.62,India_Average,National
2022-10-28,Pigeonpeas,4718.01,India_Average,National
2022-10-29,Pigeonpeas,4535.31,India_Average,National
2022-10-30,Pigeonpeas,4458.5,India_Average,National
2022-10-31,Pigeonpeas,4593.59,India_Average,National
2022-11-01,Pigeonpeas,5122.55,India_Average,National
2022-11-02,Pigeonpeas,4675.97,India_Average,National
2022-11-03,Pigeonpeas,5014.51,India_Average,National
2022-11-04,Pigeonpeas,5276.09,India_Average,National
2022-11-05,Pigeonpeas,5091.98,India_Average,National
2022-11-06,Pigeonpeas,4964.29,India_Average,National
2022-11-07,Pigeonpeas,5108.34,India_Average,National
2022-11-08,Pigeonpeas,5061.99,India_Average,National
2022-11-09,Pigeonpeas,5136.52,India_Average,National
2022-11-10,Pigeonpeas,4449.08,India_Average,National
2022-11-11,Pigeonpeas,4565.52,India_Average,National
2022-11-12,Pigeonpeas,5198.7,India_Average,National
2022-11-13,Pigeonpeas,4577.44,India_Average,National
2022-11-14,Pigeonpeas,5049.38,India_Average,National
2022-11-15,Pigeonpeas,4862.87,India_Average,National
2022-11-16,Pigeonpeas,4703.44,India_Average,National
2022-11-17,Pigeonpeas,5036.54,India_Average,National
2022-11-18,Pigeonpeas,4999.76,India_Average,National
2022-11-19,Pigeonpeas,5472.31,India_Average,National
2022-11-20,Pigeonpeas,4795.36,India_Average,National
2022-11-21,Pigeonpeas,5306.43,India_Average,National
2022-11-22,Pigeonpeas,5037.22,India_Average,National
2022-11-23,Pigeonpeas,4786.4,India_Average,National
2022-11-24,Pigeonpeas,5147.81,India_Average,National
2022-11-25,Pigeonpeas,5090.02,India_Average,National
2022-11-26,Pigeonpeas,4958.87,India_Average,National
2022-11-27,Pigeonpeas,5015.91,India_Average,National
2022-11-28,Pigeonpeas,4802.25,India_Average,National
2022-11-29,Pigeonpeas,4745.62,India_Average,National
2022-11-30,Pigeonpeas,5137.96,India_Average,National
2022-12-01,Pigeonpeas,5438.42,India_Average,National
2022-12-02,Pigeonpeas,5477.98,India_Average,National
2022-12-03,Pigeonpeas,5576.95,India_Average,National
2022-12-04,Pigeonpeas,5572.95,India_Average,National
2022-12-05,Pigeonpeas,5106.94,India_Average,National
2022-12-06,Pigeonpeas,5853.72,India_Average,National
2022-12-07,Pigeonpeas,5533.33,India_Average,National
2022-12-08,Pigeonpeas,5444.27,India_Average,National
2022-12-09,Pigeonpeas,5618.48,India_Average,National
2022-12-10,Pigeonpeas,5565.05,India_Average,National
2022-12-11,Pigeonpeas,5710.94,India_Average,National
2022-12-12,Pigeonpeas,5647.95,India_Average,National
2022-12-13,Pigeonpeas,5697.41,India_Average,National
2022-12-14,Pigeonpeas,5871.52,India_Average,National
2022-12-15,Pigeonpeas,5743.0,India_Average,National
2022-12-16,Pigeonpeas,5455.87,India_Average,National
2022-12-17,Pigeonpeas,5191.2,India_Average,National
2022-12-18,Pigeonpeas,5958.64,India_Average,National
2022-12-19,Pigeonpeas,5434.63,India_Average,National
2022-12-20,Pigeonpeas,5369.9,India_Average,National
2022-12-21,Pigeonpeas,5022.4,India_Average,National
2022-12-22,Pigeonpeas,5593.08,India_Average,National
2022-12-23,Pigeonpeas,5540.94,India_Average,National
2022-12-24,Pigeonpeas,5083.34,India_Average,National
2022-12-25,Pigeonpeas,5624.65,India_Average,National
2022-12-26,Pigeonpeas,5363.0,India_Average,National
2022-12-27,Pigeonpeas,6239.84,India_Average,National
2022-12-28,Pigeonpeas,5343.43,India_Average,National
2022-12-29,Pigeonpeas,5380.32,India_Average,National
2022-12-30,Pigeonpeas,5259.44,India_Average,National
2022-12-31,Pigeonpeas,5851.42,India_Average,National
2023-01-01,Pigeonpeas,5937.24,India_Average,National
2023-01-02,Pigeonpeas,5830.71,India_Average,National
2023-01-03,Pigeonpeas,6263.85,India_Average,National
2023-01-04,Pigeonpeas,5632.44,India_Average,National
2023-01-05,Pigeonpeas,6239.1,India_Average,National
2023-01-06,Pigeonpeas,6588.87,India_Average,National
2023-01-07,Pigeonpeas,6221.4,India_Average,National
2023-01-08,Pigeonpeas,6242.96,India_Average,National
2023-01-09,Pigeonpeas,6313.19,India_Average,National
2023-01-10,Pigeonpeas,6567.19,India_Average,National
2023-01-11,Pigeonpeas,6415.99,India_Average,National
2023-01-12,Pigeonpeas,6183.0,India_Average,National
2023-01-13,Pigeonpeas,6323.43,India_Average,National
2023-01-14,Pigeonpeas,5782.0,India_Average,National
2023-01-15,Pigeonpeas,6284.83,India_Average,National
2023-01-16,Pigeonpeas,5745.82,India_Average,National
2023-01-17,Pigeonpeas,5938.98,India_Average,National
2023-01-18,Pigeonpeas,5117.52,India_Average,National
2023-01-19,Pigeonpeas,6171.43,India_Average,National
2023-01-20,Pigeonpeas,5855.23,India_Average,National
2023-01-21,Pigeonpeas,6386.12,India_Average,National
2023-01-22,Pigeonpeas,6168.03,India_Average,National
2023-01-23,Pigeonpeas,6390.04,India_Average,National
2023-01-24,Pigeonpeas,5722.21,India_Average,National
2023-01-25,Pigeonpeas,6364.11,India_Average,National
2023-01-26,Pigeonpeas,6687.02,India_Average,National
2023-01-27,Pigeonpeas,6281.16,India_Average,National
2023-01-28,Pigeonpeas,6289.08,India_Average,National
2023-01-29,Pigeonpeas,6101.3,India_Average,National
2023-01-30,Pigeonpeas,5891.29,India_Average,National
2023-01-31,Pigeonpeas,6280.26,India_Average,National
2023-02-01,Pigeonpeas,5966.72,India_Average,National
2023-02-02,Pigeonpeas,6317.85,India_Average,National
2023-02-03,Pigeonpeas,5881.23,India_Average,National
2023-02-04,Pigeonpeas,6225.61,India_Average,National
2023-02-05,Pigeonpeas,6659.77,India_Average,National
2023-02-06,Pigeonpeas,6615.68,India_Average,National
2023-02-07,Pigeonpeas,6469.05,India_Average,National
2023-02-08,Pigeonpeas,6507.6,India_Average,National
2023-02-09,Pigeonpeas,5844.19,India_Average,National
2023-02-10,Pigeonpeas,6332.43,India_Average,National
2023-02-11,Pigeonpeas,6232.8,India_Average,National
2023-02-12,Pigeonpeas,6239.99,India_Average,National
2023-02-13,Pigeonpeas,6646.07,India_Average,National
2023-02-14,Pigeonpeas,6175.0,India_Average,National
2023-02-15,Pigeonpeas,6257.54,India_Average,National
2023-02-16,Pigeonpeas,5779.27,India_Average,National
2023-02-17,Pigeonpeas,6357.73,India_Average,National
2023-02-18,Pigeonpeas,6101.66,India_Average,National
2023-02-19,Pigeonpeas,6478.18,India_Average,National
2023-02-20,Pigeonpeas,6145.77,India_Average,National
2023-02-21,Pigeonpeas,6486.36,India_Average,National
2023-02-22,Pigeonpeas,6405.95,India_Average,National
2023-02-23,Pigeonpeas,6992.08,India_Average,National
2023-02-24,Pigeonpeas,6613.05,India_Average,National
2023-02-25,Pigeonpeas,5859.1,India_Average,National
2023-02-26,Pigeonpeas,6044.54,India_Average,National
2023-02-27,Pigeonpeas,6470.44,India_Average,National
2023-02-28,Pigeonpeas,6152.63,India_Average,National
2023-03-01,Pigeonpeas,5620.44,India_Average,National
2023-03-02,Pigeonpeas,7045.35,India_Average,National
2023-03-03,Pigeonpeas,6837.67,India_Average,National
2023-03-04,Pigeonpeas,6771.92,India_Average,National
2023-03-05,Pigeonpeas,6399.58,India_Average,National
2023-03-06,Pigeonpeas,6741.13,India_Average,National
2023-03-07,Pigeonpeas,6367.56,India_Average,National
2023-03-08,Pigeonpeas,6667.6,India_Average,National
2023-03-09,Pigeonpeas,6296.21,India_Average,National
2023-03-10,Pigeonpeas,7100.38,India_Average,National
2023-03-11,Pigeonpeas,6081.82,India_Average,National
2023-03-12,Pigeonpeas,7006.65,India_Average,National
2023-03-13,Pigeonpeas,6612.84,India_Average,National
2023-03-14,Pigeonpeas,6438.48,India_Average,National
2023-03-15,Pigeonpeas,6655.11,India_Average,National
2023-03-16,Pigeonpeas,6842.0,India_Average,National
2023-03-17,Pigeonpeas,7051.03,India_Average,National
2023-03-18,Pigeonpeas,6703.34,India_Average,National
2023-03-19,Pigeonpeas,6306.07,India_Average,National
2023-03-20,Pigeonpeas,6618.36,India_Average,National
2023-03-21,Pigeonpeas,7199.54,India_Average,National
2023-03-22,Pigeonpeas,7044.73,India_Average,National
2023-03-23,Pigeonpeas,6899.89,India_Average,National
2023-03-24,Pigeonpeas,6862.58,India_Average,National
2023-03-25,Pigeonpeas,6830.82,India_Average,National
2023-03-26,Pigeonpeas,6982.39,India_Average,National
2023-03-27,Pigeonpeas,6449.31,India_Average,National
2023-03-28,Pigeonpeas,6152.82,India_Average,National
2023-03-29,Pigeonpeas,6622.77,India_Average,National
2023-03-30,Pigeonpeas,6330.2,India_Average,National
2023-03-31,Pigeonpeas,6251.84,India_Average,National
2023-04-01,Pigeonpeas,6220.24,India_Average,National
2023-04-02,Pigeonpeas,7254.47,India_Average,National
2023-04-03,Pigeonpeas,6496.55,India_Average,National
2023-04-04,Pigeonpeas,6569.39,India_Average,National
2023-04-05,Pigeonpeas,6058.26,India_Average,National
2023-04-06,Pigeonpeas,5857.78,India_Average,National
2023-04-07,Pigeonpeas,6188.38,India_Average,National
2023-04-08,Pigeonpeas,6916.63,India_Average,National
2023-04-09,Pigeonpeas,6560.48,India_Average,National
2023-04-10,Pigeonpeas,6645.75,India_Average,National
2023-04-11,Pigeonpeas,6690.91,India_Average,National
2023-04-12,Pigeonpeas,6261.84,India_Average,National
2023-04-13,Pigeonpeas,6900.43,India_Average,National
2023-04-14,Pigeonpeas,6248.46,India_Average,National
2023-04-15,Pigeonpeas,6906.32,India_Average,National
2023-04-16,Pigeonpeas,6595.33,India_Average,National
2023-04-17,Pigeonpeas,5875.43,India_Average,National
2023-04-18,Pigeonpeas,6211.3,India_Average,National
2023-04-19,Pigeonpeas,5876.75,India_Average,National
2023-04-20,Pigeonpeas,6827.94,India_Average,National
2023-04-21,Pigeonpeas,6444.65,India_Average,National
2023-04-22,Pigeonpeas,5733.69,India_Average,National
2023-04-23,Pigeonpeas,6573.86,India_Average,National
2023-04-24,Pigeonpeas,6279.32,India_Average,National
2023-04-25,Pigeonpeas,5973.91,India_Average,National
2023-04-26,Pigeonpeas,6993.99,India_Average,National
2023-04-27,Pigeonpeas,6487.24,India_Average,National
2023-04-28,Pigeonpeas,6357.96,India_Average,National
2023-04-29,Pigeonpeas,6323.76,India_Average,National
2023-04-30,Pigeonpeas,5964.4,India_Average,National
2023-05-01,Pigeonpeas,5655.37,India_Average,National
2023-05-02,Pigeonpeas,6438.69,India_Average,National
2023-05-03,Pigeonpeas,5906.65,India_Average,National
2023-05-04,Pigeonpeas,6056.68,India_Average,National
2023-05-05,Pigeonpeas,5431.59,India_Average,National
2023-05-06,Pigeonpeas,5651.28,India_Average,National
2023-05-07,Pigeonpeas,6234.47,India_Average,National
2023-05-08,Pigeonpeas,6164.26,India_Average,National
2023-05-09,Pigeonpeas,6580.4,India_Average,National
2023-05-10,Pigeonpeas,6456.24,India_Average,National
2023-05-11,Pigeonpeas,5980.21,India_Average,National
2023-05-12,Pigeonpeas,6193.07,India_Average,National
2023-05-13,Pigeonpeas,5954.23,India_Average,National
2023-05-14,Pigeonpeas,6671.58,India_Average,National
2023-05-15,Pigeonpeas,6397.58,India_Average,National
2023-05-16,Pigeonpeas,6101.33,India_Average,National
2023-05-17,Pigeonpeas,6110.62,India_Average,National
2023-05-18,Pigeonpeas,6487.07,India_Average,National
2023-05-19,Pigeonpeas,6225.32,India_Average,National
2023-05-20,Pigeonpeas,6521.48,India_Average,National
2023-05-21,Pigeonpeas,5386.42,India_Average,National
2023-05-22,Pigeonpeas,6189.52,India_Average,National
2023-05-23,Pigeonpeas,5894.08,India_Average,National
2023-05-24,Pigeonpeas,6581.3,India_Average,National
2023-05-25,Pigeonpeas,6517.79,India_Average,National
2023-05-26,Pigeonpeas,6059.93,India_Average,National
2023-05-27,Pigeonpeas,6514.53,India_Average,National
2023-05-28,Pigeonpeas,6589.39,India_Average,National
2023-05-29,Pigeonpeas,6072.51,India_Average,National
2023-05-30,Pigeonpeas,6797.76,India_Average,National
2023-05-31,Pigeonpeas,6040.52,India_Average,National
2023-06-01,Pigeonpeas,5441.01,India_Average,National
2023-06-02,Pigeonpeas,5738.11,India_Average,National
2023-06-03,Pigeonpeas,5402.71,India_Average,National
2023-06-04,Pigeonpeas,5523.47,India_Average,National
2023-06-05,Pigeonpeas,5887.59,India_Average,National
2023-06-06,Pigeonpeas,5505.29,India_Average,National
2023-06-07,Pigeonpeas,5033.87,India_Average,National
2023-06-08,Pigeonpeas,5601.01,India_Average,National
2023-06-09,Pigeonpeas,5308.52,India_Average,National
2023-06-10,Pigeonpeas,5737.95,India_Average,National
2023-06-11,Pigeonpeas,5691.45,India_Average,National
2023-06-12,Pigeonpeas,5904.64,India_Average,National
2023-06-13,Pigeonpeas,5749.57,India_Average,National
2023-06-14,Pigeonpeas,5799.82,India_Average,National
2023-06-15,Pigeonpeas,5316.0,India_Average,National
2023-06-16,Pigeonpeas,5721.1,India_Average,National
2023-06-17,Pigeonpeas,6041.32,India_Average,National
2023-06-18,Pigeonpeas,5310.62,India_Average,National
2023-06-19,Pigeonpeas,5994.93,India_Average,National
2023-06-20,Pigeonpeas,5348.93,India_Average,National
2023-06-21,Pigeonpeas,5265.71,India_Average,National
2023-06-22,Pigeonpeas,5581.46,India_Average,National
2023-06-23,Pigeonpeas,5696.88,India_Average,National
2023-06-24,Pigeonpeas,5750.73,India_Average,National
2023-06-25,Pigeonpeas,5235.52,India_Average,National
2023-06-26,Pigeonpeas,5619.5,India_Average,National
2023-06-27,Pigeonpeas,5311.47,India_Average,National
2023-06-28,Pigeonpeas,5090.55,India_Average,National
2023-06-29,Pigeonpeas,5244.6,India_Average,National
2023-06-30,Pigeonpeas,5293.5,India_Average,National
2023-07-01,Pigeonpeas,5079.09,India_Average,National
2023-07-02,Pigeonpeas,5235.17,India_Average,National
2023-07-03,Pigeonpeas,4585.38,India_Average,National
2023-07-04,Pigeonpeas,5037.11,India_Average,National
2023-07-05,Pigeonpeas,4658.77,India_Average,National
2023-07-06,Pigeonpeas,5105.7,India_Average,National
2023-07-07,Pigeonpeas,4795.87,India_Average,National
2023-07-08,Pigeonpeas,4689.8,India_Average,National
2023-07-09,Pigeonpeas,5147.92,India_Average,National
2023-07-10,Pigeonpeas,4804.74,India_Average,National
2023-07-11,Pigeonpeas,4871.8,India_Average,National
2023-07-12,Pigeonpeas,4400.55,India_Average,National
2023-07-13,Pigeonpeas,5184.27,India_Average,National
2023-07-14,Pigeonpeas,5153.17,India_Average,National
2023-07-15,Pigeonpeas,4951.35,India_Average,National
2023-07-16,Pigeonpeas,4571.92,India_Average,National
2023-07-17,Pigeonpeas,5249.32,India_Average,National
2023-07-18,Pigeonpeas,4785.1,India_Average,National
2023-07-19,Pigeonpeas,4837.8,India_Average,National
2023-07-20,Pigeonpeas,5522.23,India_Average,National
2023-07-21,Pigeonpeas,4775.85,India_Average,National
2023-07-22,Pigeonpeas,5133.7,India_Average,National
2023-07-23,Pigeonpeas,5089.12,India_Average,National
2023-07-24,Pigeonpeas,5046.57,India_Average,National
2023-07-25,Pigeonpeas,5019.8,India_Average,National
2023-07-26,Pigeonpeas,5043.16,India_Average,National
2023-07-27,Pigeonpeas,5017.31,India_Average,National
2023-07-28,Pigeonpeas,4937.15,India_Average,National
2023-07-29,Pigeonpeas,5324.04,India_Average,National
2023-07-30,Pigeonpeas,4625.12,India_Average,National
2023-07-31,Pigeonpeas,5202.81,India_Average,National
2023-08-01,Pigeonpeas,4734.35,India_Average,National
2023-08-02,Pigeonpeas,4706.17,India_Average,National
2023-08-03,Pigeonpeas,4801.34,India_Average,National
2023-08-04,Pigeonpeas,4526.32,India_Average,National
2023-08-05,Pigeonpeas,4122.43,India_Average,National
2023-08-06,Pigeonpeas,4530.93,India_Average,National
2023-08-07,Pigeonpeas,4322.01,India_Average,National
2023-08-08,Pigeonpeas,4380.97,India_Average,National
2023-08-09,Pigeonpeas,4264.88,India_Average,National
2023-08-10,Pigeonpeas,4438.84,India_Average,National
2023-08-11,Pigeonpeas,4411.72,India_Average,National
2023-08-12,Pigeonpeas,4006.79,India_Average,National
2023-08-13,Pigeonpeas,4706.58,India_Average,National
2023-08-14,Pigeonpeas,5052.2,India_Average,National
2023-08-15,Pigeonpeas,4685.21,India_Average,National
2023-08-16,Pigeonpeas,4501.23,India_Average,National
2023-08-17,Pigeonpeas,4534.92,India_Average,National
2023-08-18,Pigeonpeas,4451.65,India_Average,National
2023-08-19,Pigeonpeas,4567.84,India_Average,National
2023-08-20,Pigeonpeas,4538.96,India_Average,National
2023-08-21,Pigeonpeas,4356.14,India_Average,National
2023-08-22,Pigeonpeas,4930.01,India_Average,National
2023-08-23,Pigeonpeas,4209.24,India_Average,National
2023-08-24,Pigeonpeas,4710.7,India_Average,National
2023-08-25,Pigeonpeas,4524.36,India_Average,National
2023-08-26,Pigeonpeas,4979.56,India_Average,National
2023-08-27,Pigeonpeas,4624.87,India_Average,National
2023-08-28,Pigeonpeas,4465.54,India_Average,National
2023-08-29,Pigeonpeas,4491.05,India_Average,National
2023-08-30,Pigeonpeas,4556.45,India_Average,National
2023-08-31,Pigeonpeas,4287.54,India_Average,National
2023-09-01,Pigeonpeas,4231.29,India_Average,National
2023-09-02,Pigeonpeas,4007.31,India_Average,National
2023-09-03,Pigeonpeas,4196.95,India_Average,National
2023-09-04,Pigeonpeas,4420.66,India_Average,National
2023-09-05,Pigeonpeas,4466.04,India_Average,National
2023-09-06,Pigeonpeas,3964.55,India_Average,National
2023-09-07,Pigeonpeas,4369.81,India_Average,National
2023-09-08,Pigeonpeas,4523.95,India_Average,National
2023-09-09,Pigeonpeas,4364.16,India_Average,National
2023-09-10,Pigeonpeas,4260.57,India_Average,National
2023-09-11,Pigeonpeas,4309.32,India_Average,National
2023-09-12,Pigeonpeas,4281.03,India_Average,National
2023-09-13,Pigeonpeas,4259.92,India_Average,National
2023-09-14,Pigeonpeas,4438.24,India_Average,National
2023-09-15,Pigeonpeas,4907.69,India_Average,National
2023-09-16,Pigeonpeas,4236.39,India_Average,National
2023-09-17,Pigeonpeas,4330.01,India_Average,National
2023-09-18,Pigeonpeas,4388.63,India_Average,National
2023-09-19,Pigeonpeas,4248.78,India_Average,National
2023-09-20,Pigeonpeas,4641.61,India_Average,National
2023-09-21,Pigeonpeas,3878.41,India_Average,National
2023-09-22,Pigeonpeas,4283.17,India_Average,National
2023-09-23,Pigeonpeas,4580.03,India_Average,National
2023-09-24,Pigeonpeas,4335.3,India_Average,National
2023-09-25,Pigeonpeas,4219.42,India_Average,National
2023-09-26,Pigeonpeas,4496.97,India_Average,National
2023-09-27,Pigeonpeas,4599.4,India_Average,National
2023-09-28,Pigeonpeas,4446.34,India_Average,National
2023-09-29,Pigeonpeas,4223.73,India_Average,National
2023-09-30,Pigeonpeas,4500.36,India_Average,National
2023-10-01,Pigeonpeas,4455.96,India_Average,National
2023-10-02,Pigeonpeas,4716.8,India_Average,National
2023-10-03,Pigeonpeas,4884.62,India_Average,National
2023-10-04,Pigeonpeas,3954.95,India_Average,National
2023-10-05,Pigeonpeas,4572.63,India_Average,National
2023-10-06,Pigeonpeas,4152.72,India_Average,National
2023-10-07,Pigeonpeas,5102.56,India_Average,National
2023-10-08,Pigeonpeas,4440.94,India_Average,National
2023-10-09,Pigeonpeas,4717.07,India_Average,National
2023-10-10,Pigeonpeas,4539.34,India_Average,National
2023-10-11,Pigeonpeas,4364.78,India_Average,National
2023-10-12,Pigeonpeas,4337.73,India_Average,National
2023-10-13,Pigeonpeas,4907.91,India_Average,National
2023-10-14,Pigeonpeas,4764.72,India_Average,National
2023-10-15,Pigeonpeas,4989.28,India_Average,National
2023-10-16,Pigeonpeas,4559.98,India_Average,National
2023-10-17,Pigeonpeas,4612.84,India_Average,National
2023-10-18,Pigeonpeas,4486.62,India_Average,National
2023-10-19,Pigeonpeas,4482.1,India_Average,National
2023-10-20,Pigeonpeas,4310.48,India_Average,National
2023-10-21,Pigeonpeas,4566.47,India_Average,National
2023-10-22,Pigeonpeas,4367.92,India_Average,National
2023-10-23,Pigeonpeas,4647.85,India_Average,National
2023-10-24,Pigeonpeas,4586.03,India_Average,National
2023-10-25,Pigeonpeas,4612.78,India_Average,National
2023-10-26,Pigeonpeas,4928.24,India_Average,National
2023-10-27,Pigeonpeas,4538.8,India_Average,National
2023-10-28,Pigeonpeas,4719.43,India_Average,National
2023-10-29,Pigeonpeas,5013.82,India_Average,National
2023-10-30,Pigeonpeas,4844.46,India_Average,National
2023-10-31,Pigeonpeas,4809.57,India_Average,National
2023-11-01,Pigeonpeas,4874.09,India_Average,National
2023-11-02,Pigeonpeas,5006.84,India_Average,National
2023-11-03,Pigeonpeas,4623.73,India_Average,National
2023-11-04,Pigeonpeas,5073.48,India_Average,National
2023-11-05,Pigeonpeas,5017.93,India_Average,National
2023-11-06,Pigeonpeas,4955.79,India_Average,National
2023-11-07,Pigeonpeas,5204.23,India_Average,National
2023-11-08,Pigeonpeas,4651.08,India_Average,National
2023-11-09,Pigeonpeas,5354.63,India_Average,National
2023-11-10,Pigeonpeas,5173.19,India_Average,National
2023-11-11,Pigeonpeas,4932.52,India_Average,National
2023-11-12,Pigeonpeas,4913.19,India_Average,National
2023-11-13,Pigeonpeas,5068.95,India_Average,National
2023-11-14,Pigeonpeas,5326.41,India_Average,National
2023-11-15,Pigeonpeas,4975.15,India_Average,National
2023-11-16,Pigeonpeas,4985.65,India_Average,National
2023-11-17,Pigeonpeas,4954.48,India_Average,National
2023-11-18,Pigeonpeas,5391.05,India_Average,National
2023-11-19,Pigeonpeas,4858.7,India_Average,National
2023-11-20,Pigeonpeas,4942.7,India_Average,National
2023-11-21,Pigeonpeas,5312.2,India_Average,National
2023-11-22,Pigeonpeas,4986.39,India_Average,National
2023-11-23,Pigeonpeas,5231.42,India_Average,National
2023-11-24,Pigeonpeas,4724.46,India_Average,National
2023-11-25,Pigeonpeas,4899.19,India_Average,National
2023-11-26,Pigeonpeas,5317.4,India_Average,National
2023-11-27,Pigeonpeas,4782.61,India_Average,National
2023-11-28,Pigeonpeas,4912.55,India_Average,National
2023-11-29,Pigeonpeas,5013.53,India_Average,National
2023-11-30,Pigeonpeas,4705.18,India_Average,National
2023-12-01,Pigeonpeas,5386.2,India_Average,National
2023-12-02,Pigeonpeas,5530.98,India_Average,National
2023-12-03,Pigeonpeas,5512.84,India_Average,National
2023-12-04,Pigeonpeas,5852.1,India_Average,National
2023-12-05,Pigeonpeas,5923.9,India_Average,National
2023-12-06,Pigeonpeas,5264.58,India_Average,National
2023-12-07,Pigeonpeas,5530.6,India_Average,National
2023-12-08,Pigeonpeas,5685.42,India_Average,National
2023-12-09,Pigeonpeas,5917.0,India_Average,National
2023-12-10,Pigeonpeas,5697.58,India_Average,National
2023-12-11,Pigeonpeas,5580.0,India_Average,National
2023-12-12,Pigeonpeas,5683.3,India_Average,National
2023-12-13,Pigeonpeas,5685.29,India_Average,National
2023-12-14,Pigeonpeas,5244.88,India_Average,National
2023-12-15,Pigeonpeas,5553.02,India_Average,National
2023-12-16,Pigeonpeas,5901.27,India_Average,National
2023-12-17,Pigeonpeas,5442.98,India_Average,National
2023-12-18,Pigeonpeas,5535.6,India_Average,National
2023-12-19,Pigeonpeas,5433.31,India_Average,National
2023-12-20,Pigeonpeas,4863.69,India_Average,National
2023-12-21,Pigeonpeas,5505.66,India_Average,National
2023-12-22,Pigeonpeas,5582.99,India_Average,National
2023-12-23,Pigeonpeas,5359.06,India_Average,National
2023-12-24,Pigeonpeas,5182.47,India_Average,National
2023-12-25,Pigeonpeas,5257.83,India_Average,National
2023-12-26,Pigeonpeas,5710.15,India_Average,National
2023-12-27,Pigeonpeas,6042.44,India_Average,National
2023-12-28,Pigeonpeas,5880.17,India_Average,National
2023-12-29,Pigeonpeas,5130.3,India_Average,National
2023-12-30,Pigeonpeas,5735.02,India_Average,National
2023-12-31,Pigeonpeas,5317.63,India_Average,National
2024-01-01,Pigeonpeas,5873.86,India_Average,National
2022-01-01,Pomegranate,8596.73,India_Average,National
2022-01-02,Pomegranate,9110.67,India_Average,National
2022-01-03,Pomegranate,9222.07,India_Average,National
2022-01-04,Pomegranate,8756.87,India_Average,National
2022-01-05,Pomegranate,8764.33,India_Average,National
2022-01-06,Pomegranate,9004.28,India_Average,National
2022-01-07,Pomegranate,9049.92,India_Average,National
2022-01-08,Pomegranate,9317.54,India_Average,National
2022-01-09,Pomegranate,8234.88,India_Average,National
2022-01-10,Pomegranate,8808.81,India_Average,National
2022-01-11,Pomegranate,8330.07,India_Average,National
2022-01-12,Pomegranate,8777.59,India_Average,National
2022-01-13,Pomegranate,8700.48,India_Average,National
2022-01-14,Pomegranate,8779.43,India_Average,National
2022-01-15,Pomegranate,8448.11,India_Average,National
2022-01-16,Pomegranate,8145.59,India_Average,National
2022-01-17,Pomegranate,7878.45,India_Average,National
2022-01-18,Pomegranate,8742.28,India_Average,National
2022-01-19,Pomegranate,8610.36,India_Average,National
2022-01-20,Pomegranate,8502.59,India_Average,National
2022-01-21,Pomegranate,9381.92,India_Average,National
2022-01-22,Pomegranate,8421.85,India_Average,National
2022-01-23,Pomegranate,9423.41,India_Average,National
2022-01-24,Pomegranate,9514.49,India_Average,National
2022-01-25,Pomegranate,7941.6,India_Average,National
2022-01-26,Pomegranate,8840.65,India_Average,National
2022-01-27,Pomegranate,8624.13,India_Average,National
2022-01-28,Pomegranate,7518.81,India_Average,National
2022-01-29,Pomegranate,8164.36,India_Average,National
2022-01-30,Pomegranate,9140.97,India_Average,National
2022-01-31,Pomegranate,9688.45,India_Average,National
2022-02-01,Pomegranate,9809.25,India_Average,National
2022-02-02,Pomegranate,9537.52,India_Average,National
2022-02-03,Pomegranate,9375.63,India_Average,National
2022-02-04,Pomegranate,10175.28,India_Average,National
2022-02-05,Pomegranate,10393.77,India_Average,National
2022-02-06,Pomegranate,9110.25,India_Average,National
2022-02-07,Pomegranate,8447.08,India_Average,National
2022-02-08,Pomegranate,8401.0,India_Average,National
2022-02-09,Pomegranate,10005.98,India_Average,National
2022-02-10,Pomegranate,9363.56,India_Average,National
2022-02-11,Pomegranate,9471.63,India_Average,National
2022-02-12,Pomegranate,8545.32,India_Average,National
2022-02-13,Pomegranate,9032.18,India_Average,National
2022-02-14,Pomegranate,9246.98,India_Average,National
2022-02-15,Pomegranate,9483.18,India_Average,National
2022-02-16,Pomegranate,9198.59,India_Average,National
2022-02-17,Pomegranate,8898.84,India_Average,National
2022-02-18,Pomegranate,9017.46,India_Average,National
2022-02-19,Pomegranate,9952.69,India_Average,National
2022-02-20,Pomegranate,9500.51,India_Average,National
2022-02-21,Pomegranate,9672.91,India_Average,National
2022-02-22,Pomegranate,8963.82,India_Average,National
2022-02-23,Pomegranate,7999.46,India_Average,National
2022-02-24,Pomegranate,9140.16,India_Average,National
2022-02-25,Pomegranate,8978.97,India_Average,National
2022-02-26,Pomegranate,9549.43,India_Average,National
2022-02-27,Pomegranate,10927.57,India_Average,National
2022-02-28,Pomegranate,9711.87,India_Average,National
2022-03-01,Pomegranate,10913.26,India_Average,National
2022-03-02,Pomegranate,9873.01,India_Average,National
2022-03-03,Pomegranate,9297.65,India_Average,National
2022-03-04,Pomegranate,9767.0,India_Average,National
2022-03-05,Pomegranate,10454.71,India_Average,National
2022-03-06,Pomegranate,10478.19,India_Average,National
2022-03-07,Pomegranate,9323.84,India_Average,National
2022-03-08,Pomegranate,9721.53,India_Average,National
2022-03-09,Pomegranate,8913.95,India_Average,National
2022-03-10,Pomegranate,9995.84,India_Average,National
2022-03-11,Pomegranate,10345.61,India_Average,National
2022-03-12,Pomegranate,9619.1,India_Average,National
2022-03-13,Pomegranate,9279.66,India_Average,National
2022-03-14,Pomegranate,9772.86,India_Average,National
2022-03-15,Pomegranate,9800.38,India_Average,National
2022-03-16,Pomegranate,9638.95,India_Average,National
2022-03-17,Pomegranate,9685.78,India_Average,National
2022-03-18,Pomegranate,9516.57,India_Average,National
2022-03-19,Pomegranate,10078.06,India_Average,National
2022-03-20,Pomegranate,9953.39,India_Average,National
2022-03-21,Pomegranate,9128.11,India_Average,National
2022-03-22,Pomegranate,9114.92,India_Average,National
2022-03-23,Pomegranate,9477.9,India_Average,National
2022-03-24,Pomegranate,9953.68,India_Average,National
2022-03-25,Pomegranate,9671.07,India_Average,National
2022-03-26,Pomegranate,9291.29,India_Average,National
2022-03-27,Pomegranate,9725.53,India_Average,National
2022-03-28,Pomegranate,9441.21,India_Average,National
2022-03-29,Pomegranate,10022.63,India_Average,National
2022-03-30,Pomegranate,9759.87,India_Average,National
2022-03-31,Pomegranate,9448.67,India_Average,National
2022-04-01,Pomegranate,9494.29,India_Average,National
2022-04-02,Pomegranate,10002.77,India_Average,National
2022-04-03,Pomegranate,9118.32,India_Average,National
2022-04-04,Pomegranate,9574.6,India_Average,National
2022-04-05,Pomegranate,9352.57,India_Average,National
2022-04-06,Pomegranate,9586.02,India_Average,National
2022-04-07,Pomegranate,9078.47,India_Average,National
2022-04-08,Pomegranate,9437.42,India_Average,National
2022-04-09,Pomegranate,9905.52,India_Average,National
2022-04-10,Pomegranate,8945.92,India_Average,National
2022-04-11,Pomegranate,8761.77,India_Average,National
2022-04-12,Pomegranate,8779.58,India_Average,National
2022-04-13,Pomegranate,8836.27,India_Average,National
2022-04-14,Pomegranate,9665.02,India_Average,National
2022-04-15,Pomegranate,8725.9,India_Average,National
2022-04-16,Pomegranate,9245.84,India_Average,National
2022-04-17,Pomegranate,9675.79,India_Average,National
2022-04-18,Pomegranate,9581.17,India_Average,National
2022-04-19,Pomegranate,9204.7,India_Average,National
2022-04-20,Pomegranate,9475.24,India_Average,National
2022-04-21,Pomegranate,9435.92,India_Average,National
2022-04-22,Pomegranate,9280.41,India_Average,National
2022-04-23,Pomegranate,9286.7,India_Average,National
2022-04-24,Pomegranate,10434.69,India_Average,National
2022-04-25,Pomegranate,9765.44,India_Average,National
2022-04-26,Pomegranate,10549.77,India_Average,National
2022-04-27,Pomegranate,9152.42,India_Average,National
2022-04-28,Pomegranate,9345.77,India_Average,National
2022-04-29,Pomegranate,8760.5,India_Average,National
2022-04-30,Pomegranate,9005.73,India_Average,National
2022-05-01,Pomegranate,9636.84,India_Average,National
2022-05-02,Pomegranate,8570.3,India_Average,National
2022-05-03,Pomegranate,9644.48,India_Average,National
2022-05-04,Pomegranate,8252.92,India_Average,National
2022-05-05,Pomegranate,8336.47,India_Average,National
2022-05-06,Pomegranate,8649.86,India_Average,National
2022-05-07,Pomegranate,8771.95,India_Average,National
2022-05-08,Pomegranate,9206.16,India_Average,National
2022-05-09,Pomegranate,8998.34,India_Average,National
2022-05-10,Pomegranate,8616.82,India_Average,National
2022-05-11,Pomegranate,8741.34,India_Average,National
2022-05-12,Pomegranate,8659.61,India_Average,National
2022-05-13,Pomegranate,8397.55,India_Average,National
2022-05-14,Pomegranate,8409.3,India_Average,National
2022-05-15,Pomegranate,9252.27,India_Average,National
2022-05-16,Pomegranate,7995.61,India_Average,National
2022-05-17,Pomegranate,9511.64,India_Average,National
2022-05-18,Pomegranate,8649.08,India_Average,National
2022-05-19,Pomegranate,8460.1,India_Average,National
2022-05-20,Pomegranate,9125.49,India_Average,National
2022-05-21,Pomegranate,9453.5,India_Average,National
2022-05-22,Pomegranate,9291.76,India_Average,National
2022-05-23,Pomegranate,9020.81,India_Average,National
2022-05-24,Pomegranate,9278.22,India_Average,National
2022-05-25,Pomegranate,8044.74,India_Average,National
2022-05-26,Pomegranate,8570.39,India_Average,National
2022-05-27,Pomegranate,8399.09,India_Average,National
2022-05-28,Pomegranate,9338.84,India_Average,National
2022-05-29,Pomegranate,8631.27,India_Average,National
2022-05-30,Pomegranate,9171.98,India_Average,National
2022-05-31,Pomegranate,9035.78,India_Average,National
2022-06-01,Pomegranate,7655.08,India_Average,National
2022-06-02,Pomegranate,7765.22,India_Average,National
2022-06-03,Pomegranate,8517.53,India_Average,National
2022-06-04,Pomegranate,7689.81,India_Average,National
2022-06-05,Pomegranate,8049.95,India_Average,National
2022-06-06,Pomegranate,7686.98,India_Average,National
2022-06-07,Pomegranate,7874.42,India_Average,National
2022-06-08,Pomegranate,7981.54,India_Average,National
2022-06-09,Pomegranate,7686.85,India_Average,National
2022-06-10,Pomegranate,7615.82,India_Average,National
2022-06-11,Pomegranate,8114.51,India_Average,National
2022-06-12,Pomegranate,7662.11,India_Average,National
2022-06-13,Pomegranate,7675.74,India_Average,National
2022-06-14,Pomegranate,7624.38,India_Average,National
2022-06-15,Pomegranate,7968.84,India_Average,National
2022-06-16,Pomegranate,8377.48,India_Average,National
2022-06-17,Pomegranate,8602.61,India_Average,National
2022-06-18,Pomegranate,7709.63,India_Average,National
2022-06-19,Pomegranate,8860.12,India_Average,National
2022-06-20,Pomegranate,7598.12,India_Average,National
2022-06-21,Pomegranate,8433.42,India_Average,National
2022-06-22,Pomegranate,7711.32,India_Average,National
2022-06-23,Pomegranate,7651.63,India_Average,National
2022-06-24,Pomegranate,7702.1,India_Average,National
2022-06-25,Pomegranate,7979.02,India_Average,National
2022-06-26,Pomegranate,8231.99,India_Average,National
2022-06-27,Pomegranate,8267.95,India_Average,National
2022-06-28,Pomegranate,7622.41,India_Average,National
2022-06-29,Pomegranate,7604.14,India_Average,National
2022-06-30,Pomegranate,7633.34,India_Average,National
2022-07-01,Pomegranate,7159.91,India_Average,National
2022-07-02,Pomegranate,7124.34,India_Average,National
2022-07-03,Pomegranate,6857.94,India_Average,National
2022-07-04,Pomegranate,7297.06,India_Average,National
2022-07-05,Pomegranate,8014.52,India_Average,National
2022-07-06,Pomegranate,7018.3,India_Average,National
2022-07-07,Pomegranate,7043.94,India_Average,National
2022-07-08,Pomegranate,7401.48,India_Average,National
2022-07-09,Pomegranate,6998.83,India_Average,National
2022-07-10,Pomegranate,7440.83,India_Average,National
2022-07-11,Pomegranate,6941.32,India_Average,National
2022-07-12,Pomegranate,7859.56,India_Average,National
2022-07-13,Pomegranate,7324.12,India_Average,National
2022-07-14,Pomegranate,6976.79,India_Average,National
2022-07-15,Pomegranate,6988.07,India_Average,National
2022-07-16,Pomegranate,7015.03,India_Average,National
2022-07-17,Pomegranate,7694.19,India_Average,National
2022-07-18,Pomegranate,6743.25,India_Average,National
2022-07-19,Pomegranate,6959.54,India_Average,National
2022-07-20,Pomegranate,6997.8,India_Average,National
2022-07-21,Pomegranate,7194.35,India_Average,National
2022-07-22,Pomegranate,7102.4,India_Average,National
2022-07-23,Pomegranate,6663.16,India_Average,National
2022-07-24,Pomegranate,7056.06,India_Average,National
2022-07-25,Pomegranate,7164.16,India_Average,National
2022-07-26,Pomegranate,6973.88,India_Average,National
2022-07-27,Pomegranate,7447.24,India_Average,National
2022-07-28,Pomegranate,7530.99,India_Average,National
2022-07-29,Pomegranate,7171.78,India_Average,National
2022-07-30,Pomegranate,7282.99,India_Average,National
2022-07-31,Pomegranate,6422.02,India_Average,National
2022-08-01,Pomegranate,6475.09,India_Average,National
2022-08-02,Pomegranate,6946.67,India_Average,National
2022-08-03,Pomegranate,6474.32,India_Average,National
2022-08-04,Pomegranate,6370.53,India_Average,National
2022-08-05,Pomegranate,7367.63,India_Average,National
2022-08-06,Pomegranate,7215.96,India_Average,National
2022-08-07,Pomegranate,6768.99,India_Average,National
2022-08-08,Pomegranate,6991.02,India_Average,National
2022-08-09,Pomegranate,5878.2,India_Average,National
2022-08-10,Pomegranate,6353.9,India_Average,National
2022-08-11,Pomegranate,6458.94,India_Average,National
2022-08-12,Pomegranate,6536.32,India_Average,National
2022-08-13,Pomegranate,6452.33,India_Average,National
2022-08-14,Pomegranate,5771.02,India_Average,National
2022-08-15,Pomegranate,6742.02,India_Average,National
2022-08-16,Pomegranate,6794.16,India_Average,National
2022-08-17,Pomegranate,7144.14,India_Average,National
2022-08-18,Pomegranate,6353.65,India_Average,National
2022-08-19,Pomegranate,6326.58,India_Average,National
2022-08-20,Pomegranate,5728.04,India_Average,National
2022-08-21,Pomegranate,6517.27,India_Average,National
2022-08-22,Pomegranate,6912.37,India_Average,National
2022-08-23,Pomegranate,6412.04,India_Average,National
2022-08-24,Pomegranate,7323.24,India_Average,National
2022-08-25,Pomegranate,6529.5,India_Average,National
2022-08-26,Pomegranate,6662.97,India_Average,National
2022-08-27,Pomegranate,6163.56,India_Average,National
2022-08-28,Pomegranate,6709.35,India_Average,National
2022-08-29,Pomegranate,5959.76,India_Average,National
2022-08-30,Pomegranate,6843.78,India_Average,National
2022-08-31,Pomegranate,6853.94,India_Average,National
2022-09-01,Pomegranate,6834.97,India_Average,National
2022-09-02,Pomegranate,6073.61,India_Average,National
2022-09-03,Pomegranate,6451.38,India_Average,National
2022-09-04,Pomegranate,6580.42,India_Average,National
2022-09-05,Pomegranate,6541.53,India_Average,National
2022-09-06,Pomegranate,6123.1,India_Average,National
2022-09-07,Pomegranate,5634.57,India_Average,National
2022-09-08,Pomegranate,6511.03,India_Average,National
2022-09-09,Pomegranate,6351.2,India_Average,National
2022-09-10,Pomegranate,6218.67,India_Average,National
2022-09-11,Pomegranate,6644.46,India_Average,National
2022-09-12,Pomegranate,6385.63,India_Average,National
2022-09-13,Pomegranate,5977.86,India_Average,National
2022-09-14,Pomegranate,5781.94,India_Average,National
2022-09-15,Pomegranate,6038.73,India_Average,National
2022-09-16,Pomegranate,7165.76,India_Average,National
2022-09-17,Pomegranate,6631.29,India_Average,National
2022-09-18,Pomegranate,6460.36,India_Average,National
2022-09-19,Pomegranate,6341.87,India_Average,National
2022-09-20,Pomegranate,6320.83,India_Average,National
2022-09-21,Pomegranate,6773.5,India_Average,National
2022-09-22,Pomegranate,6243.01,India_Average,National
2022-09-23,Pomegranate,6584.61,India_Average,National
2022-09-24,Pomegranate,6288.5,India_Average,National
2022-09-25,Pomegranate,7020.85,India_Average,National
2022-09-26,Pomegranate,6637.53,India_Average,National
2022-09-27,Pomegranate,6798.58,India_Average,National
2022-09-28,Pomegranate,6212.99,India_Average,National
2022-09-29,Pomegranate,6738.6,India_Average,National
2022-09-30,Pomegranate,6299.98,India_Average,National
2022-10-01,Pomegranate,6650.75,India_Average,National
2022-10-02,Pomegranate,7155.1,India_Average,National
2022-10-03,Pomegranate,6269.49,India_Average,National
2022-10-04,Pomegranate,6681.58,India_Average,National
2022-10-05,Pomegranate,6759.22,India_Average,National
2022-10-06,Pomegranate,6786.33,India_Average,National
2022-10-07,Pomegranate,6465.28,India_Average,National
2022-10-08,Pomegranate,7304.32,India_Average,National
2022-10-09,Pomegranate,6186.1,India_Average,National
2022-10-10,Pomegranate,7096.84,India_Average,National
2022-10-11,Pomegranate,7016.2,India_Average,National
2022-10-12,Pomegranate,7243.02,India_Average,National
2022-10-13,Pomegranate,6089.1,India_Average,National
2022-10-14,Pomegranate,6327.02,India_Average,National
2022-10-15,Pomegranate,7107.77,India_Average,National
2022-10-16,Pomegranate,5993.59,India_Average,National
2022-10-17,Pomegranate,6083.07,India_Average,National
2022-10-18,Pomegranate,6452.87,India_Average,National
2022-10-19,Pomegranate,6677.86,India_Average,National
2022-10-20,Pomegranate,7140.94,India_Average,National
2022-10-21,Pomegranate,6553.09,India_Average,National
2022-10-22,Pomegranate,6413.2,India_Average,National
2022-10-23,Pomegranate,6717.34,India_Average,National
2022-10-24,Pomegranate,6769.66,India_Average,National
2022-10-25,Pomegranate,6760.29,India_Average,National
2022-10-26,Pomegranate,6555.5,India_Average,National
2022-10-27,Pomegranate,5967.78,India_Average,National
2022-10-28,Pomegranate,6310.89,India_Average,National
2022-10-29,Pomegranate,7084.07,India_Average,National
2022-10-30,Pomegranate,6676.23,India_Average,National
2022-10-31,Pomegranate,6507.7,India_Average,National
2022-11-01,Pomegranate,7602.54,India_Average,National
2022-11-02,Pomegranate,6793.16,India_Average,National
2022-11-03,Pomegranate,7118.87,India_Average,National
2022-11-04,Pomegranate,7249.59,India_Average,National
2022-11-05,Pomegranate,7041.1,India_Average,National
2022-11-06,Pomegranate,7236.27,India_Average,National
2022-11-07,Pomegranate,7132.43,India_Average,National
2022-11-08,Pomegranate,6696.24,India_Average,National
2022-11-09,Pomegranate,7265.33,India_Average,National
2022-11-10,Pomegranate,6721.79,India_Average,National
2022-11-11,Pomegranate,7259.62,India_Average,National
2022-11-12,Pomegranate,7694.69,India_Average,National
2022-11-13,Pomegranate,7098.83,India_Average,National
2022-11-14,Pomegranate,6778.27,India_Average,National
2022-11-15,Pomegranate,7154.28,India_Average,National
2022-11-16,Pomegranate,6900.49,India_Average,National
2022-11-17,Pomegranate,7414.02,India_Average,National
2022-11-18,Pomegranate,7146.72,India_Average,National
2022-11-19,Pomegranate,7815.51,India_Average,National
2022-11-20,Pomegranate,7618.68,India_Average,National
2022-11-21,Pomegranate,7144.89,India_Average,National
2022-11-22,Pomegranate,7457.62,India_Average,National
2022-11-23,Pomegranate,7058.43,India_Average,National
2022-11-24,Pomegranate,7212.22,India_Average,National
2022-11-25,Pomegranate,7069.88,India_Average,National
2022-11-26,Pomegranate,7475.92,India_Average,National
2022-11-27,Pomegranate,7715.88,India_Average,National
2022-11-28,Pomegranate,7487.51,India_Average,National
2022-11-29,Pomegranate,7531.9,India_Average,National
2022-11-30,Pomegranate,7532.29,India_Average,National
2022-12-01,Pomegranate,8220.5,India_Average,National
2022-12-02,Pomegranate,7544.29,India_Average,National
2022-12-03,Pomegranate,8680.39,India_Average,National
2022-12-04,Pomegranate,8721.76,India_Average,National
2022-12-05,Pomegranate,7906.45,India_Average,National
2022-12-06,Pomegranate,7851.72,India_Average,National
2022-12-07,Pomegranate,8244.96,India_Average,National
2022-12-08,Pomegranate,8220.33,India_Average,National
2022-12-09,Pomegranate,7919.22,India_Average,National
2022-12-10,Pomegranate,7499.99,India_Average,National
2022-12-11,Pomegranate,8122.28,India_Average,National
2022-12-12,Pomegranate,8220.57,India_Average,National
2022-12-13,Pomegranate,8290.33,India_Average,National
2022-12-14,Pomegranate,8139.72,India_Average,National
2022-12-15,Pomegranate,7891.55,India_Average,National
2022-12-16,Pomegranate,8397.6,India_Average,National
2022-12-17,Pomegranate,8026.34,India_Average,National
2022-12-18,Pomegranate,7814.03,India_Average,National
2022-12-19,Pomegranate,7927.74,India_Average,National
2022-12-20,Pomegranate,7301.61,India_Average,National
2022-12-21,Pomegranate,7927.1,India_Average,National
2022-12-22,Pomegranate,8275.37,India_Average,National
2022-12-23,Pomegranate,8135.91,India_Average,National
2022-12-24,Pomegranate,8608.27,India_Average,National
2022-12-25,Pomegranate,7894.81,India_Average,National
2022-12-26,Pomegranate,8194.93,India_Average,National
2022-12-27,Pomegranate,8317.1,India_Average,National
2022-12-28,Pomegranate,8937.14,India_Average,National
2022-12-29,Pomegranate,8057.91,India_Average,National
2022-12-30,Pomegranate,7582.33,India_Average,National
2022-12-31,Pomegranate,8339.17,India_Average,National
2023-01-01,Pomegranate,9620.92,India_Average,National
2023-01-02,Pomegranate,8658.08,India_Average,National
2023-01-03,Pomegranate,9170.08,India_Average,National
2023-01-04,Pomegranate,9340.64,India_Average,National
2023-01-05,Pomegranate,9247.51,India_Average,National
2023-01-06,Pomegranate,8855.25,India_Average,National
2023-01-07,Pomegranate,8492.67,India_Average,National
2023-01-08,Pomegranate,8764.24,India_Average,National
2023-01-09,Pomegranate,9001.78,India_Average,National
2023-01-10,Pomegranate,9199.62,India_Average,National
2023-01-11,Pomegranate,8946.94,India_Average,National
2023-01-12,Pomegranate,8632.84,India_Average,National
2023-01-13,Pomegranate,9044.37,India_Average,National
2023-01-14,Pomegranate,9178.44,India_Average,National
2023-01-15,Pomegranate,8967.03,India_Average,National
2023-01-16,Pomegranate,8432.08,India_Average,National
2023-01-17,Pomegranate,8720.18,India_Average,National
2023-01-18,Pomegranate,9217.04,India_Average,National
2023-01-19,Pomegranate,8191.47,India_Average,National
2023-01-20,Pomegranate,7879.0,India_Average,National
2023-01-21,Pomegranate,9463.56,India_Average,National
2023-01-22,Pomegranate,9025.02,India_Average,National
2023-01-23,Pomegranate,9066.96,India_Average,National
2023-01-24,Pomegranate,8326.2,India_Average,National
2023-01-25,Pomegranate,9124.51,India_Average,National
2023-01-26,Pomegranate,8921.11,India_Average,National
2023-01-27,Pomegranate,8102.9,India_Average,National
2023-01-28,Pomegranate,9426.68,India_Average,National
2023-01-29,Pomegranate,8869.82,India_Average,National
2023-01-30,Pomegranate,8625.72,India_Average,National
2023-01-31,Pomegranate,8633.68,India_Average,National
2023-02-01,Pomegranate,8439.93,India_Average,National
2023-02-02,Pomegranate,9664.08,India_Average,National
2023-02-03,Pomegranate,9508.53,India_Average,National
2023-02-04,Pomegranate,9294.56,India_Average,National
2023-02-05,Pomegranate,9985.61,India_Average,National
2023-02-06,Pomegranate,8736.22,India_Average,National
2023-02-07,Pomegranate,9105.59,India_Average,National
2023-02-08,Pomegranate,8986.75,India_Average,National
2023-02-09,Pomegranate,9254.81,India_Average,National
2023-02-10,Pomegranate,9417.3,India_Average,National
2023-02-11,Pomegranate,9587.44,India_Average,National
2023-02-12,Pomegranate,9222.81,India_Average,National
2023-02-13,Pomegranate,8973.91,India_Average,National
2023-02-14,Pomegranate,10176.85,India_Average,National
2023-02-15,Pomegranate,10517.38,India_Average,National
2023-02-16,Pomegranate,9452.88,India_Average,National
2023-02-17,Pomegranate,9030.5,India_Average,National
2023-02-18,Pomegranate,10078.04,India_Average,National
2023-02-19,Pomegranate,8706.7,India_Average,National
2023-02-20,Pomegranate,9228.54,India_Average,National
2023-02-21,Pomegranate,9058.97,India_Average,National
2023-02-22,Pomegranate,8841.49,India_Average,National
2023-02-23,Pomegranate,9254.23,India_Average,National
2023-02-24,Pomegranate,8980.1,India_Average,National
2023-02-25,Pomegranate,9391.58,India_Average,National
2023-02-26,Pomegranate,9398.39,India_Average,National
2023-02-27,Pomegranate,9094.06,India_Average,National
2023-02-28,Pomegranate,9211.77,India_Average,National
2023-03-01,Pomegranate,9489.19,India_Average,National
2023-03-02,Pomegranate,9988.73,India_Average,National
2023-03-03,Pomegranate,9528.75,India_Average,National
2023-03-04,Pomegranate,9995.86,India_Average,National
2023-03-05,Pomegranate,9881.19,India_Average,National
2023-03-06,Pomegranate,9874.33,India_Average,National
2023-03-07,Pomegranate,10266.17,India_Average,National
2023-03-08,Pomegranate,9062.69,India_Average,National
2023-03-09,Pomegranate,9372.87,India_Average,National
2023-03-10,Pomegranate,10446.38,India_Average,National
2023-03-11,Pomegranate,9476.49,India_Average,National
2023-03-12,Pomegranate,8248.74,India_Average,National
2023-03-13,Pomegranate,9502.58,India_Average,National
2023-03-14,Pomegranate,9664.77,India_Average,National
2023-03-15,Pomegranate,8343.79,India_Average,National
2023-03-16,Pomegranate,10240.29,India_Average,National
2023-03-17,Pomegranate,9257.42,India_Average,National
2023-03-18,Pomegranate,9757.71,India_Average,National
2023-03-19,Pomegranate,9491.53,India_Average,National
2023-03-20,Pomegranate,8981.59,India_Average,National
2023-03-21,Pomegranate,9086.16,India_Average,National
2023-03-22,Pomegranate,9151.16,India_Average,National
2023-03-23,Pomegranate,10121.12,India_Average,National
2023-03-24,Pomegranate,9529.18,India_Average,National
2023-03-25,Pomegranate,9349.5,India_Average,National
2023-03-26,Pomegranate,9151.39,India_Average,National
2023-03-27,Pomegranate,10174.15,India_Average,National
2023-03-28,Pomegranate,10302.82,India_Average,National
2023-03-29,Pomegranate,10168.68,India_Average,National
2023-03-30,Pomegranate,9836.37,India_Average,National
2023-03-31,Pomegranate,9739.12,India_Average,National
2023-04-01,Pomegranate,8815.02,India_Average,National
2023-04-02,Pomegranate,9270.28,India_Average,National
2023-04-03,Pomegranate,9064.72,India_Average,National
2023-04-04,Pomegranate,8528.96,India_Average,National
2023-04-05,Pomegranate,9881.69,India_Average,National
2023-04-06,Pomegranate,9059.1,India_Average,National
2023-04-07,Pomegranate,9946.87,India_Average,National
2023-04-08,Pomegranate,9799.43,India_Average,National
2023-04-09,Pomegranate,9646.9,India_Average,National
2023-04-10,Pomegranate,9673.26,India_Average,National
2023-04-11,Pomegranate,9096.88,India_Average,National
2023-04-12,Pomegranate,10257.5,India_Average,National
2023-04-13,Pomegranate,9405.88,India_Average,National
2023-04-14,Pomegranate,9527.33,India_Average,National
2023-04-15,Pomegranate,9081.04,India_Average,National
2023-04-16,Pomegranate,8948.66,India_Average,National
2023-04-17,Pomegranate,9609.63,India_Average,National
2023-04-18,Pomegranate,9487.72,India_Average,National
2023-04-19,Pomegranate,9015.21,India_Average,National
2023-04-20,Pomegranate,8710.61,India_Average,National
2023-04-21,Pomegranate,8789.69,India_Average,National
2023-04-22,Pomegranate,9946.96,India_Average,National
2023-04-23,Pomegranate,9097.85,India_Average,National
2023-04-24,Pomegranate,9226.6,India_Average,National
2023-04-25,Pomegranate,10066.26,India_Average,National
2023-04-26,Pomegranate,8859.04,India_Average,National
2023-04-27,Pomegranate,9044.48,India_Average,National
2023-04-28,Pomegranate,9024.87,India_Average,National
2023-04-29,Pomegranate,10144.97,India_Average,National
2023-04-30,Pomegranate,10321.1,India_Average,National
2023-05-01,Pomegranate,9130.69,India_Average,National
2023-05-02,Pomegranate,9144.69,India_Average,National
2023-05-03,Pomegranate,8544.64,India_Average,National
2023-05-04,Pomegranate,9656.82,India_Average,National
2023-05-05,Pomegranate,8917.79,India_Average,National
2023-05-06,Pomegranate,9175.37,India_Average,National
2023-05-07,Pomegranate,8753.57,India_Average,National
2023-05-08,Pomegranate,8682.07,India_Average,National
2023-05-09,Pomegranate,9531.74,India_Average,National
2023-05-10,Pomegranate,9037.48,India_Average,National
2023-05-11,Pomegranate,9438.61,India_Average,National
2023-05-12,Pomegranate,8912.34,India_Average,National
2023-05-13,Pomegranate,8426.72,India_Average,National
2023-05-14,Pomegranate,8543.33,India_Average,National
2023-05-15,Pomegranate,8845.3,India_Average,National
2023-05-16,Pomegranate,8524.34,India_Average,National
2023-05-17,Pomegranate,8312.72,India_Average,National
2023-05-18,Pomegranate,9328.62,India_Average,National
2023-05-19,Pomegranate,8560.26,India_Average,National
2023-05-20,Pomegranate,8860.8,India_Average,National
2023-05-21,Pomegranate,8930.3,India_Average,National
2023-05-22,Pomegranate,8541.21,India_Average,National
2023-05-23,Pomegranate,9438.35,India_Average,National
2023-05-24,Pomegranate,8308.46,India_Average,National
2023-05-25,Pomegranate,8915.12,India_Average,National
2023-05-26,Pomegranate,8908.29,India_Average,National
2023-05-27,Pomegranate,8776.13,India_Average,National
2023-05-28,Pomegranate,8229.36,India_Average,National
2023-05-29,Pomegranate,9183.16,India_Average,National
2023-05-30,Pomegranate,9127.14,India_Average,National
2023-05-31,Pomegranate,8502.75,India_Average,National
2023-06-01,Pomegranate,8282.99,India_Average,National
2023-06-02,Pomegranate,8149.96,India_Average,National
2023-06-03,Pomegranate,7487.76,India_Average,National
2023-06-04,Pomegranate,7658.43,India_Average,National
2023-06-05,Pomegranate,8455.31,India_Average,National
2023-06-06,Pomegranate,8123.77,India_Average,National
2023-06-07,Pomegranate,7774.28,India_Average,National
2023-06-08,Pomegranate,7656.61,India_Average,National
2023-06-09,Pomegranate,7793.84,India_Average,National
2023-06-10,Pomegranate,7822.21,India_Average,National
2023-06-11,Pomegranate,7661.61,India_Average,National
2023-06-12,Pomegranate,7303.29,India_Average,National
2023-06-13,Pomegranate,8456.01,India_Average,National
2023-06-14,Pomegranate,8388.25,India_Average,National
2023-06-15,Pomegranate,7490.7,India_Average,National
2023-06-16,Pomegranate,8054.52,India_Average,National
2023-06-17,Pomegranate,7639.1,India_Average,National
2023-06-18,Pomegranate,7895.37,India_Average,National
2023-06-19,Pomegranate,7862.09,India_Average,National
2023-06-20,Pomegranate,7828.87,India_Average,National
2023-06-21,Pomegranate,8801.18,India_Average,National
2023-06-22,Pomegranate,7823.87,India_Average,National
2023-06-23,Pomegranate,7676.69,India_Average,National
2023-06-24,Pomegranate,7694.97,India_Average,National
2023-06-25,Pomegranate,8417.51,India_Average,National
2023-06-26,Pomegranate,7339.16,India_Average,National
2023-06-27,Pomegranate,7694.95,India_Average,National
2023-06-28,Pomegranate,8578.73,India_Average,National
2023-06-29,Pomegranate,8097.59,India_Average,National
2023-06-30,Pomegranate,8076.77,India_Average,National
2023-07-01,Pomegranate,7967.57,India_Average,National
2023-07-02,Pomegranate,7288.69,India_Average,National
2023-07-03,Pomegranate,6945.05,India_Average,National
2023-07-04,Pomegranate,7098.45,India_Average,National
2023-07-05,Pomegranate,6791.24,India_Average,National
2023-07-06,Pomegranate,7652.14,India_Average,National
2023-07-07,Pomegranate,7406.84,India_Average,National
2023-07-08,Pomegranate,7604.79,India_Average,National
2023-07-09,Pomegranate,7636.67,India_Average,National
2023-07-10,Pomegranate,7050.88,India_Average,National
2023-07-11,Pomegranate,6859.89,India_Average,National
2023-07-12,Pomegranate,7181.38,India_Average,National
2023-07-13,Pomegranate,6885.81,India_Average,National
2023-07-14,Pomegranate,7259.38,India_Average,National
2023-07-15,Pomegranate,7607.55,India_Average,National
2023-07-16,Pomegranate,7139.47,India_Average,National
2023-07-17,Pomegranate,7254.0,India_Average,National
2023-07-18,Pomegranate,7166.22,India_Average,National
2023-07-19,Pomegranate,7488.98,India_Average,National
2023-07-20,Pomegranate,6959.6,India_Average,National
2023-07-21,Pomegranate,6409.28,India_Average,National
2023-07-22,Pomegranate,7369.51,India_Average,National
2023-07-23,Pomegranate,7555.62,India_Average,National
2023-07-24,Pomegranate,7360.69,India_Average,National
2023-07-25,Pomegranate,6969.52,India_Average,National
2023-07-26,Pomegranate,6791.4,India_Average,National
2023-07-27,Pomegranate,7378.02,India_Average,National
2023-07-28,Pomegranate,7250.93,India_Average,National
2023-07-29,Pomegranate,7154.71,India_Average,National
2023-07-30,Pomegranate,7856.09,India_Average,National
2023-07-31,Pomegranate,6859.15,India_Average,National
2023-08-01,Pomegranate,7201.4,India_Average,National
2023-08-02,Pomegranate,6624.87,India_Average,National
2023-08-03,Pomegranate,6007.3,India_Average,National
2023-08-04,Pomegranate,6555.09,India_Average,National
2023-08-05,Pomegranate,6931.68,India_Average,National
2023-08-06,Pomegranate,6493.63,India_Average,National
2023-08-07,Pomegranate,6126.62,India_Average,National
2023-08-08,Pomegranate,6559.95,India_Average,National
2023-08-09,Pomegranate,6330.88,India_Average,National
2023-08-10,Pomegranate,6777.01,India_Average,National
2023-08-11,Pomegranate,6870.14,India_Average,National
2023-08-12,Pomegranate,6265.03,India_Average,National
2023-08-13,Pomegranate,6380.94,India_Average,National
2023-08-14,Pomegranate,6864.59,India_Average,National
2023-08-15,Pomegranate,6330.32,India_Average,National
2023-08-16,Pomegranate,6256.47,India_Average,National
2023-08-17,Pomegranate,6224.55,India_Average,National
2023-08-18,Pomegranate,6730.78,India_Average,National
2023-08-19,Pomegranate,6716.6,India_Average,National
2023-08-20,Pomegranate,6388.13,India_Average,National
2023-08-21,Pomegranate,6616.04,India_Average,National
2023-08-22,Pomegranate,7119.41,India_Average,National
2023-08-23,Pomegranate,6292.22,India_Average,National
2023-08-24,Pomegranate,5968.88,India_Average,National
2023-08-25,Pomegranate,6764.86,India_Average,National
2023-08-26,Pomegranate,6577.85,India_Average,National
2023-08-27,Pomegranate,6379.54,India_Average,National
2023-08-28,Pomegranate,6830.01,India_Average,National
2023-08-29,Pomegranate,6891.91,India_Average,National
2023-08-30,Pomegranate,5884.04,India_Average,National
2023-08-31,Pomegranate,6398.53,India_Average,National
2023-09-01,Pomegranate,7141.61,India_Average,National
2023-09-02,Pomegranate,6586.69,India_Average,National
2023-09-03,Pomegranate,6616.35,India_Average,National
2023-09-04,Pomegranate,6775.33,India_Average,National
2023-09-05,Pomegranate,6405.46,India_Average,National
2023-09-06,Pomegranate,6654.94,India_Average,National
2023-09-07,Pomegranate,6629.78,India_Average,National
2023-09-08,Pomegranate,6572.49,India_Average,National
2023-09-09,Pomegranate,6296.96,India_Average,National
2023-09-10,Pomegranate,6455.06,India_Average,National
2023-09-11,Pomegranate,6211.72,India_Average,National
2023-09-12,Pomegranate,6404.1,India_Average,National
2023-09-13,Pomegranate,6026.08,India_Average,National
2023-09-14,Pomegranate,6147.0,India_Average,National
2023-09-15,Pomegranate,6309.66,India_Average,National
2023-09-16,Pomegranate,6098.01,India_Average,National
2023-09-17,Pomegranate,6238.39,India_Average,National
2023-09-18,Pomegranate,6347.54,India_Average,National
2023-09-19,Pomegranate,6528.72,India_Average,National
2023-09-20,Pomegranate,6703.76,India_Average,National
2023-09-21,Pomegranate,6251.59,India_Average,National
2023-09-22,Pomegranate,6827.23,India_Average,National
2023-09-23,Pomegranate,6700.36,India_Average,National
2023-09-24,Pomegranate,6561.31,India_Average,National
2023-09-25,Pomegranate,6449.17,India_Average,National
2023-09-26,Pomegranate,6502.12,India_Average,National
2023-09-27,Pomegranate,6779.86,India_Average,National
2023-09-28,Pomegranate,6791.55,India_Average,National
2023-09-29,Pomegranate,6827.18,India_Average,National
2023-09-30,Pomegranate,6413.22,India_Average,National
2023-10-01,Pomegranate,6797.9,India_Average,National
2023-10-02,Pomegranate,7058.69,India_Average,National
2023-10-03,Pomegranate,6408.09,India_Average,National
2023-10-04,Pomegranate,6509.05,India_Average,National
2023-10-05,Pomegranate,6619.66,India_Average,National
2023-10-06,Pomegranate,6911.87,India_Average,National
2023-10-07,Pomegranate,6917.02,India_Average,National
2023-10-08,Pomegranate,6538.01,India_Average,National
2023-10-09,Pomegranate,6115.44,India_Average,National
2023-10-10,Pomegranate,6695.78,India_Average,National
2023-10-11,Pomegranate,6310.66,India_Average,National
2023-10-12,Pomegranate,6121.61,India_Average,National
2023-10-13,Pomegranate,6196.37,India_Average,National
2023-10-14,Pomegranate,6722.3,India_Average,National
2023-10-15,Pomegranate,7064.48,India_Average,National
2023-10-16,Pomegranate,6627.22,India_Average,National
2023-10-17,Pomegranate,6684.27,India_Average,National
2023-10-18,Pomegranate,7005.56,India_Average,National
2023-10-19,Pomegranate,6103.58,India_Average,National
2023-10-20,Pomegranate,6786.39,India_Average,National
2023-10-21,Pomegranate,6610.53,India_Average,National
2023-10-22,Pomegranate,6801.56,India_Average,National
2023-10-23,Pomegranate,6454.46,India_Average,National
2023-10-24,Pomegranate,6343.85,India_Average,National
2023-10-25,Pomegranate,6660.83,India_Average,National
2023-10-26,Pomegranate,7159.78,India_Average,National
2023-10-27,Pomegranate,6899.08,India_Average,National
2023-10-28,Pomegranate,6446.46,India_Average,National
2023-10-29,Pomegranate,6170.88,India_Average,National
2023-10-30,Pomegranate,6058.07,India_Average,National
2023-10-31,Pomegranate,7049.62,India_Average,National
2023-11-01,Pomegranate,6856.17,India_Average,National
2023-11-02,Pomegranate,7082.82,India_Average,National
2023-11-03,Pomegranate,7675.64,India_Average,National
2023-11-04,Pomegranate,6619.0,India_Average,National
2023-11-05,Pomegranate,7737.22,India_Average,National
2023-11-06,Pomegranate,7108.69,India_Average,National
2023-11-07,Pomegranate,6786.51,India_Average,National
2023-11-08,Pomegranate,7110.95,India_Average,National
2023-11-09,Pomegranate,6939.87,India_Average,National
2023-11-10,Pomegranate,7358.7,India_Average,National
2023-11-11,Pomegranate,6966.67,India_Average,National
2023-11-12,Pomegranate,6511.81,India_Average,National
2023-11-13,Pomegranate,7120.6,India_Average,National
2023-11-14,Pomegranate,6711.64,India_Average,National
2023-11-15,Pomegranate,7273.56,India_Average,National
2023-11-16,Pomegranate,6772.63,India_Average,National
2023-11-17,Pomegranate,7024.32,India_Average,National
2023-11-18,Pomegranate,7265.73,India_Average,National
2023-11-19,Pomegranate,7123.51,India_Average,National
2023-11-20,Pomegranate,7290.15,India_Average,National
2023-11-21,Pomegranate,7444.9,India_Average,National
2023-11-22,Pomegranate,6783.14,India_Average,National
2023-11-23,Pomegranate,7176.82,India_Average,National
2023-11-24,Pomegranate,6001.38,India_Average,National
2023-11-25,Pomegranate,7289.04,India_Average,National
2023-11-26,Pomegranate,7091.71,India_Average,National
2023-11-27,Pomegranate,6845.96,India_Average,National
2023-11-28,Pomegranate,7313.66,India_Average,National
2023-11-29,Pomegranate,7622.17,India_Average,National
2023-11-30,Pomegranate,7028.63,India_Average,National
2023-12-01,Pomegranate,7622.07,India_Average,National
2023-12-02,Pomegranate,8066.01,India_Average,National
2023-12-03,Pomegranate,7465.76,India_Average,National
2023-12-04,Pomegranate,7735.85,India_Average,National
2023-12-05,Pomegranate,8488.96,India_Average,National
2023-12-06,Pomegranate,8024.87,India_Average,National
2023-12-07,Pomegranate,7248.21,India_Average,National
2023-12-08,Pomegranate,7281.2,India_Average,National
2023-12-09,Pomegranate,8064.83,India_Average,National
2023-12-10,Pomegranate,8344.96,India_Average,National
2023-12-11,Pomegranate,7352.95,India_Average,National
2023-12-12,Pomegranate,8179.89,India_Average,National
2023-12-13,Pomegranate,8532.14,India_Average,National
2023-12-14,Pomegranate,8755.14,India_Average,National
2023-12-15,Pomegranate,8132.49,India_Average,National
2023-12-16,Pomegranate,8202.72,India_Average,National
2023-12-17,Pomegranate,7146.73,India_Average,National
2023-12-18,Pomegranate,8839.9,India_Average,National
2023-12-19,Pomegranate,7769.8,India_Average,National
2023-12-20,Pomegranate,7626.61,India_Average,National
2023-12-21,Pomegranate,7897.92,India_Average,National
2023-12-22,Pomegranate,8604.67,India_Average,National
2023-12-23,Pomegranate,8883.22,India_Average,National
2023-12-24,Pomegranate,8050.16,India_Average,National
2023-12-25,Pomegranate,8399.23,India_Average,National
2023-12-26,Pomegranate,8017.28,India_Average,National
2023-12-27,Pomegranate,7584.88,India_Average,National
2023-12-28,Pomegranate,8590.7,India_Average,National
2023-12-29,Pomegranate,7751.15,India_Average,National
2023-12-30,Pomegranate,8614.21,India_Average,National
2023-12-31,Pomegranate,8519.42,India_Average,National
2024-01-01,Pomegranate,9070.18,India_Average,National
2022-01-01,Rice,3001.48,India_Average,National
2022-01-02,Rice,3056.95,India_Average,National
2022-01-03,Rice,2725.9,India_Average,National
2022-01-04,Rice,2638.79,India_Average,National
2022-01-05,Rice,2493.66,India_Average,National
2022-01-06,Rice,3058.64,India_Average,National
2022-01-07,Rice,2689.54,India_Average,National
2022-01-08,Rice,2906.07,India_Average,National
2022-01-09,Rice,2648.08,India_Average,National
2022-01-10,Rice,2961.51,India_Average,National
2022-01-11,Rice,2653.73,India_Average,National
2022-01-12,Rice,2586.14,India_Average,National
2022-01-13,Rice,2721.33,India_Average,National
2022-01-14,Rice,2676.88,India_Average,National
2022-01-15,Rice,2831.99,India_Average,National
2022-01-16,Rice,2742.93,India_Average,National
2022-01-17,Rice,2836.31,India_Average,National
2022-01-18,Rice,2709.98,India_Average,National
2022-01-19,Rice,2658.55,India_Average,National
2022-01-20,Rice,2669.76,India_Average,National
2022-01-21,Rice,3031.18,India_Average,National
2022-01-22,Rice,2780.96,India_Average,National
2022-01-23,Rice,2477.23,India_Average,National
2022-01-24,Rice,2678.47,India_Average,National
2022-01-25,Rice,2763.32,India_Average,National
2022-01-26,Rice,3003.74,India_Average,National
2022-01-27,Rice,2891.45,India_Average,National
2022-01-28,Rice,2623.26,India_Average,National
2022-01-29,Rice,3082.52,India_Average,National
2022-01-30,Rice,2745.72,India_Average,National
2022-01-31,Rice,2921.37,India_Average,National
2022-02-01,Rice,2763.63,India_Average,National
2022-02-02,Rice,2581.32,India_Average,National
2022-02-03,Rice,2726.47,India_Average,National
2022-02-04,Rice,2456.35,India_Average,National
2022-02-05,Rice,3242.75,India_Average,National
2022-02-06,Rice,2964.47,India_Average,National
2022-02-07,Rice,2797.41,India_Average,National
2022-02-08,Rice,2999.39,India_Average,National
2022-02-09,Rice,2960.78,India_Average,National
2022-02-10,Rice,3024.07,India_Average,National
2022-02-11,Rice,3110.39,India_Average,National
2022-02-12,Rice,2890.5,India_Average,National
2022-02-13,Rice,2803.98,India_Average,National
2022-02-14,Rice,3054.41,India_Average,National
2022-02-15,Rice,3050.68,India_Average,National
2022-02-16,Rice,2947.79,India_Average,National
2022-02-17,Rice,3252.35,India_Average,National
2022-02-18,Rice,2868.81,India_Average,National
2022-02-19,Rice,2801.05,India_Average,National
2022-02-20,Rice,2994.33,India_Average,National
2022-02-21,Rice,2834.03,India_Average,National
2022-02-22,Rice,3005.68,India_Average,National
2022-02-23,Rice,2810.85,India_Average,National
2022-02-24,Rice,2874.32,India_Average,National
2022-02-25,Rice,3210.31,India_Average,National
2022-02-26,Rice,2873.53,India_Average,National
2022-02-27,Rice,2815.86,India_Average,National
2022-02-28,Rice,3104.69,India_Average,National
2022-03-01,Rice,2842.34,India_Average,National
2022-03-02,Rice,2896.06,India_Average,National
2022-03-03,Rice,3086.48,India_Average,National
2022-03-04,Rice,3140.76,India_Average,National
2022-03-05,Rice,3183.07,India_Average,National
2022-03-06,Rice,2887.92,India_Average,National
2022-03-07,Rice,3089.4,India_Average,National
2022-03-08,Rice,2930.08,India_Average,National
2022-03-09,Rice,2909.15,India_Average,National
2022-03-10,Rice,3180.48,India_Average,National
2022-03-11,Rice,2917.57,India_Average,National
2022-03-12,Rice,3041.73,India_Average,National
2022-03-13,Rice,3023.34,India_Average,National
2022-03-14,Rice,2839.39,India_Average,National
2022-03-15,Rice,3144.91,India_Average,National
2022-03-16,Rice,3084.04,India_Average,National
2022-03-17,Rice,2702.06,India_Average,National
2022-03-18,Rice,3041.61,India_Average,National
2022-03-19,Rice,2884.05,India_Average,National
2022-03-20,Rice,3164.56,India_Average,National
2022-03-21,Rice,2783.19,India_Average,National
2022-03-22,Rice,2946.53,India_Average,National
2022-03-23,Rice,3054.3,India_Average,National
2022-03-24,Rice,3008.15,India_Average,National
2022-03-25,Rice,3114.44,India_Average,National
2022-03-26,Rice,2772.24,India_Average,National
2022-03-27,Rice,3247.79,India_Average,National
2022-03-28,Rice,3078.77,India_Average,National
2022-03-29,Rice,3203.96,India_Average,National
2022-03-30,Rice,3131.14,India_Average,National
2022-03-31,Rice,2998.26,India_Average,National
2022-04-01,Rice,2744.68,India_Average,National
2022-04-02,Rice,2850.37,India_Average,National
2022-04-03,Rice,3166.12,India_Average,National
2022-04-04,Rice,3136.19,India_Average,National
2022-04-05,Rice,2842.15,India_Average,National
2022-04-06,Rice,2519.71,India_Average,National
2022-04-07,Rice,2901.82,India_Average,National
2022-04-08,Rice,2890.82,India_Average,National
2022-04-09,Rice,2896.38,India_Average,National
2022-04-10,Rice,3010.52,India_Average,National
2022-04-11,Rice,3061.51,India_Average,National
2022-04-12,Rice,3078.24,India_Average,National
2022-04-13,Rice,2998.38,India_Average,National
2022-04-14,Rice,2668.93,India_Average,National
2022-04-15,Rice,2882.98,India_Average,National
2022-04-16,Rice,3270.91,India_Average,National
2022-04-17,Rice,2987.89,India_Average,National
2022-04-18,Rice,2986.95,India_Average,National
2022-04-19,Rice,2985.73,India_Average,National
2022-04-20,Rice,2993.93,India_Average,National
2022-04-21,Rice,2583.53,India_Average,National
2022-04-22,Rice,2897.89,India_Average,National
2022-04-23,Rice,2927.46,India_Average,National
2022-04-24,Rice,3120.94,India_Average,National
2022-04-25,Rice,2940.0,India_Average,National
2022-04-26,Rice,2691.55,India_Average,National
2022-04-27,Rice,2996.09,India_Average,National
2022-04-28,Rice,2815.13,India_Average,National
2022-04-29,Rice,2754.57,India_Average,National
2022-04-30,Rice,2810.68,India_Average,National
2022-05-01,Rice,2824.59,India_Average,National
2022-05-02,Rice,2923.08,India_Average,National
2022-05-03,Rice,2816.4,India_Average,National
2022-05-04,Rice,2836.9,India_Average,National
2022-05-05,Rice,2815.04,India_Average,National
2022-05-06,Rice,2763.93,India_Average,National
2022-05-07,Rice,2845.83,India_Average,National
2022-05-08,Rice,2417.42,India_Average,National
2022-05-09,Rice,2765.27,India_Average,National
2022-05-10,Rice,2606.32,India_Average,National
2022-05-11,Rice,2909.9,India_Average,National
2022-05-12,Rice,2729.77,India_Average,National
2022-05-13,Rice,2754.26,India_Average,National
2022-05-14,Rice,2543.05,India_Average,National
2022-05-15,Rice,2889.81,India_Average,National
2022-05-16,Rice,2836.26,India_Average,National
2022-05-17,Rice,2826.58,India_Average,National
2022-05-18,Rice,2638.21,India_Average,National
2022-05-19,Rice,2643.62,India_Average,National
2022-05-20,Rice,2780.74,India_Average,National
2022-05-21,Rice,2654.51,India_Average,National
2022-05-22,Rice,2809.8,India_Average,National
2022-05-23,Rice,2452.87,India_Average,National
2022-05-24,Rice,2682.96,India_Average,National
2022-05-25,Rice,2997.05,India_Average,National
2022-05-26,Rice,2810.43,India_Average,National
2022-05-27,Rice,2772.93,India_Average,National
2022-05-28,Rice,3022.97,India_Average,National
2022-05-29,Rice,2428.81,India_Average,National
2022-05-30,Rice,2637.89,India_Average,National
2022-05-31,Rice,2694.84,India_Average,National
2022-06-01,Rice,2607.29,India_Average,National
2022-06-02,Rice,2609.46,India_Average,National
2022-06-03,Rice,2391.75,India_Average,National
2022-06-04,Rice,2624.74,India_Average,National
2022-06-05,Rice,2449.59,India_Average,National
2022-06-06,Rice,2651.45,India_Average,National
2022-06-07,Rice,2370.92,India_Average,National
2022-06-08,Rice,2484.59,India_Average,National
2022-06-09,Rice,2438.73,India_Average,National
2022-06-10,Rice,2632.0,India_Average,National
2022-06-11,Rice,2434.65,India_Average,National
2022-06-12,Rice,2494.69,India_Average,National
2022-06-13,Rice,2563.35,India_Average,National
2022-06-14,Rice,2568.16,India_Average,National
2022-06-15,Rice,2610.87,India_Average,National
2022-06-16,Rice,2526.39,India_Average,National
2022-06-17,Rice,2447.72,India_Average,National
2022-06-18,Rice,2456.29,India_Average,National
2022-06-19,Rice,2503.21,India_Average,National
2022-06-20,Rice,2531.2,India_Average,National
2022-06-21,Rice,2481.6,India_Average,National
2022-06-22,Rice,2502.4,India_Average,National
2022-06-23,Rice,2310.34,India_Average,National
2022-06-24,Rice,2583.42,India_Average,National
2022-06-25,Rice,2522.64,India_Average,National
2022-06-26,Rice,2625.23,India_Average,National
2022-06-27,Rice,2500.02,India_Average,National
2022-06-28,Rice,2282.7,India_Average,National
2022-06-29,Rice,2455.19,India_Average,National
2022-06-30,Rice,2475.01,India_Average,National
2022-07-01,Rice,2333.58,India_Average,National
2022-07-02,Rice,2017.09,India_Average,National
2022-07-03,Rice,2254.63,India_Average,National
2022-07-04,Rice,2307.79,India_Average,National
2022-07-05,Rice,2175.58,India_Average,National
2022-07-06,Rice,2258.4,India_Average,National
2022-07-07,Rice,2179.46,India_Average,National
2022-07-08,Rice,2167.92,India_Average,National
2022-07-09,Rice,2204.05,India_Average,National
2022-07-10,Rice,2170.05,India_Average,National
2022-07-11,Rice,2326.91,India_Average,National
2022-07-12,Rice,2167.32,India_Average,National
2022-07-13,Rice,2148.42,India_Average,National
2022-07-14,Rice,2448.89,India_Average,National
2022-07-15,Rice,2358.08,India_Average,National
2022-07-16,Rice,2040.58,India_Average,National
2022-07-17,Rice,2163.96,India_Average,National
2022-07-18,Rice,2277.28,India_Average,National
2022-07-19,Rice,2286.42,India_Average,National
2022-07-20,Rice,2082.32,India_Average,National
2022-07-21,Rice,2380.34,India_Average,National
2022-07-22,Rice,2342.84,India_Average,National
2022-07-23,Rice,2304.21,India_Average,National
2022-07-24,Rice,2402.63,India_Average,National
2022-07-25,Rice,2300.88,India_Average,National
2022-07-26,Rice,2300.47,India_Average,National
2022-07-27,Rice,2425.24,India_Average,National
2022-07-28,Rice,2373.89,India_Average,National
2022-07-29,Rice,2155.33,India_Average,National
2022-07-30,Rice,2321.23,India_Average,National
2022-07-31,Rice,2175.27,India_Average,National
2022-08-01,Rice,2119.09,India_Average,National
2022-08-02,Rice,2116.25,India_Average,National
2022-08-03,Rice,1924.01,India_Average,National
2022-08-04,Rice,2054.39,India_Average,National
2022-08-05,Rice,2094.4,India_Average,National
2022-08-06,Rice,2021.9,India_Average,National
2022-08-07,Rice,2099.51,India_Average,National
2022-08-08,Rice,2150.28,India_Average,National
2022-08-09,Rice,2063.83,India_Average,National
2022-08-10,Rice,2090.2,India_Average,National
2022-08-11,Rice,2209.96,India_Average,National
2022-08-12,Rice,2115.89,India_Average,National
2022-08-13,Rice,2087.74,India_Average,National
2022-08-14,Rice,1967.97,India_Average,National
2022-08-15,Rice,2136.34,India_Average,National
2022-08-16,Rice,2101.11,India_Average,National
2022-08-17,Rice,2199.66,India_Average,National
2022-08-18,Rice,2071.83,India_Average,National
2022-08-19,Rice,1879.28,India_Average,National
2022-08-20,Rice,1891.28,India_Average,National
2022-08-21,Rice,2143.02,India_Average,National
2022-08-22,Rice,2008.06,India_Average,National
2022-08-23,Rice,2112.13,India_Average,National
2022-08-24,Rice,2078.79,India_Average,National
2022-08-25,Rice,2049.74,India_Average,National
2022-08-26,Rice,2057.03,India_Average,National
2022-08-27,Rice,1977.55,India_Average,National
2022-08-28,Rice,2065.36,India_Average,National
2022-08-29,Rice,2006.58,India_Average,National
2022-08-30,Rice,2028.51,India_Average,National
2022-08-31,Rice,2033.54,India_Average,National
2022-09-01,Rice,1977.33,India_Average,National
2022-09-02,Rice,2092.22,India_Average,National
2022-09-03,Rice,1987.02,India_Average,National
2022-09-04,Rice,2102.37,India_Average,National
2022-09-05,Rice,2153.79,India_Average,National
2022-09-06,Rice,2085.49,India_Average,National
2022-09-07,Rice,2053.45,India_Average,National
2022-09-08,Rice,2032.68,India_Average,National
2022-09-09,Rice,2086.54,India_Average,National
2022-09-10,Rice,2008.94,India_Average,National
2022-09-11,Rice,2098.46,India_Average,National
2022-09-12,Rice,2061.41,India_Average,National
2022-09-13,Rice,1964.02,India_Average,National
2022-09-14,Rice,2089.59,India_Average,National
2022-09-15,Rice,2009.15,India_Average,National
2022-09-16,Rice,1989.39,India_Average,National
2022-09-17,Rice,1952.38,India_Average,National
2022-09-18,Rice,2016.6,India_Average,National
2022-09-19,Rice,2099.65,India_Average,National
2022-09-20,Rice,2088.89,India_Average,National
2022-09-21,Rice,2035.34,India_Average,National
2022-09-22,Rice,2059.96,India_Average,National
2022-09-23,Rice,2127.17,India_Average,National
2022-09-24,Rice,1985.0,India_Average,National
2022-09-25,Rice,1888.46,India_Average,National
2022-09-26,Rice,2130.11,India_Average,National
2022-09-27,Rice,1947.02,India_Average,National
2022-09-28,Rice,1930.97,India_Average,National
2022-09-29,Rice,1820.38,India_Average,National
2022-09-30,Rice,2057.13,India_Average,National
2022-10-01,Rice,1899.41,India_Average,National
2022-10-02,Rice,1989.45,India_Average,National
2022-10-03,Rice,2127.78,India_Average,National
2022-10-04,Rice,2141.6,India_Average,National
2022-10-05,Rice,1999.63,India_Average,National
2022-10-06,Rice,2053.12,India_Average,National
2022-10-07,Rice,1976.81,India_Average,National
2022-10-08,Rice,2010.31,India_Average,National
2022-10-09,Rice,2094.5,India_Average,National
2022-10-10,Rice,2015.14,India_Average,National
2022-10-11,Rice,2041.75,India_Average,National
2022-10-12,Rice,1915.61,India_Average,National
2022-10-13,Rice,2184.08,India_Average,National
2022-10-14,Rice,2119.7,India_Average,National
2022-10-15,Rice,2148.93,India_Average,National
2022-10-16,Rice,2200.35,India_Average,National
2022-10-17,Rice,1981.7,India_Average,National
2022-10-18,Rice,2029.95,India_Average,National
2022-10-19,Rice,1871.16,India_Average,National
2022-10-20,Rice,2391.55,India_Average,National
2022-10-21,Rice,2051.53,India_Average,National
2022-10-22,Rice,2174.34,India_Average,National
2022-10-23,Rice,1939.02,India_Average,National
2022-10-24,Rice,2169.96,India_Average,National
2022-10-25,Rice,2258.97,India_Average,National
2022-10-26,Rice,2060.76,India_Average,National
2022-10-27,Rice,1962.51,India_Average,National
2022-10-28,Rice,2052.64,India_Average,National
2022-10-29,Rice,1836.85,India_Average,National
2022-10-30,Rice,2063.07,India_Average,National
2022-10-31,Rice,2151.83,India_Average,National
2022-11-01,Rice,2245.98,India_Average,National
2022-11-02,Rice,2218.03,India_Average,National
2022-11-03,Rice,2309.35,India_Average,National
2022-11-04,Rice,2317.95,India_Average,National
2022-11-05,Rice,2063.26,India_Average,National
2022-11-06,Rice,2259.99,India_Average,National
2022-11-07,Rice,2524.05,India_Average,National
2022-11-08,Rice,2099.81,India_Average,National
2022-11-09,Rice,2240.39,India_Average,National
2022-11-10,Rice,2468.45,India_Average,National
2022-11-11,Rice,2374.22,India_Average,National
2022-11-12,Rice,2192.24,India_Average,National
2022-11-13,Rice,2273.19,India_Average,National
2022-11-14,Rice,2249.76,India_Average,National
2022-11-15,Rice,2165.84,India_Average,National
2022-11-16,Rice,2241.65,India_Average,National
2022-11-17,Rice,2218.5,India_Average,National
2022-11-18,Rice,2262.68,India_Average,National
2022-11-19,Rice,2165.81,India_Average,National
2022-11-20,Rice,2106.38,India_Average,National
2022-11-21,Rice,2245.36,India_Average,National
2022-11-22,Rice,2442.95,India_Average,National
2022-11-23,Rice,2259.25,India_Average,National
2022-11-24,Rice,2212.7,India_Average,National
2022-11-25,Rice,2334.83,India_Average,National
2022-11-26,Rice,2232.19,India_Average,National
2022-11-27,Rice,2460.15,India_Average,National
2022-11-28,Rice,2249.56,India_Average,National
2022-11-29,Rice,2328.81,India_Average,National
2022-11-30,Rice,2165.11,India_Average,National
2022-12-01,Rice,2562.89,India_Average,National
2022-12-02,Rice,2534.39,India_Average,National
2022-12-03,Rice,2492.94,India_Average,National
2022-12-04,Rice,2437.28,India_Average,National
2022-12-05,Rice,2420.25,India_Average,National
2022-12-06,Rice,2535.29,India_Average,National
2022-12-07,Rice,2578.62,India_Average,National
2022-12-08,Rice,2484.1,India_Average,National
2022-12-09,Rice,2535.91,India_Average,National
2022-12-10,Rice,2495.26,India_Average,National
2022-12-11,Rice,2512.32,India_Average,National
2022-12-12,Rice,2474.94,India_Average,National
2022-12-13,Rice,2502.25,India_Average,National
2022-12-14,Rice,2837.26,India_Average,National
2022-12-15,Rice,2538.95,India_Average,National
2022-12-16,Rice,2580.66,India_Average,National
2022-12-17,Rice,2554.75,India_Average,National
2022-12-18,Rice,2467.15,India_Average,National
2022-12-19,Rice,2661.75,India_Average,National
2022-12-20,Rice,2463.6,India_Average,National
2022-12-21,Rice,2631.88,India_Average,National
2022-12-22,Rice,2458.22,India_Average,National
2022-12-23,Rice,2380.0,India_Average,National
2022-12-24,Rice,2545.67,India_Average,National
2022-12-25,Rice,2361.92,India_Average,National
2022-12-26,Rice,2566.96,India_Average,National
2022-12-27,Rice,2350.73,India_Average,National
2022-12-28,Rice,2460.12,India_Average,National
2022-12-29,Rice,2321.03,India_Average,National
2022-12-30,Rice,2853.02,India_Average,National
2022-12-31,Rice,2293.26,India_Average,National
2023-01-01,Rice,2751.35,India_Average,National
2023-01-02,Rice,2907.2,India_Average,National
2023-01-03,Rice,2892.5,India_Average,National
2023-01-04,Rice,2867.06,India_Average,National
2023-01-05,Rice,2706.38,India_Average,National
2023-01-06,Rice,2935.77,India_Average,National
2023-01-07,Rice,2875.59,India_Average,National
2023-01-08,Rice,2779.19,India_Average,National
2023-01-09,Rice,2783.08,India_Average,National
2023-01-10,Rice,2708.21,India_Average,National
2023-01-11,Rice,2624.92,India_Average,National
2023-01-12,Rice,2920.11,India_Average,National
2023-01-13,Rice,2930.43,India_Average,National
2023-01-14,Rice,2628.43,India_Average,National
2023-01-15,Rice,2728.85,India_Average,National
2023-01-16,Rice,2730.28,India_Average,National
2023-01-17,Rice,2745.51,India_Average,National
2023-01-18,Rice,2758.84,India_Average,National
2023-01-19,Rice,2880.19,India_Average,National
2023-01-20,Rice,2647.26,India_Average,National
2023-01-21,Rice,2633.63,India_Average,National
2023-01-22,Rice,2920.04,India_Average,National
2023-01-23,Rice,2686.39,India_Average,National
2023-01-24,Rice,2576.33,India_Average,National
2023-01-25,Rice,2683.29,India_Average,National
2023-01-26,Rice,2704.62,India_Average,National
2023-01-27,Rice,2963.81,India_Average,National
2023-01-28,Rice,2877.16,India_Average,National
2023-01-29,Rice,2907.78,India_Average,National
2023-01-30,Rice,2862.75,India_Average,National
2023-01-31,Rice,2880.11,India_Average,National
2023-02-01,Rice,2832.11,India_Average,National
2023-02-02,Rice,2903.89,India_Average,National
2023-02-03,Rice,2787.84,India_Average,National
2023-02-04,Rice,2902.14,India_Average,National
2023-02-05,Rice,3033.34,India_Average,National
2023-02-06,Rice,2952.75,India_Average,National
2023-02-07,Rice,3125.34,India_Average,National
2023-02-08,Rice,2765.62,India_Average,National
2023-02-09,Rice,3006.37,India_Average,National
2023-02-10,Rice,2749.95,India_Average,National
2023-02-11,Rice,2946.82,India_Average,National
2023-02-12,Rice,3041.58,India_Average,National
2023-02-13,Rice,2901.56,India_Average,National
2023-02-14,Rice,3013.84,India_Average,National
2023-02-15,Rice,2792.27,India_Average,National
2023-02-16,Rice,2689.03,India_Average,National
2023-02-17,Rice,3014.7,India_Average,National
2023-02-18,Rice,3188.77,India_Average,National
2023-02-19,Rice,2786.94,India_Average,National
2023-02-20,Rice,3112.25,India_Average,National
2023-02-21,Rice,2939.38,India_Average,National
2023-02-22,Rice,2737.13,India_Average,National
2023-02-23,Rice,2767.08,India_Average,National
2023-02-24,Rice,2935.33,India_Average,National
2023-02-25,Rice,2873.7,India_Average,National
2023-02-26,Rice,2740.47,India_Average,National
2023-02-27,Rice,2684.58,India_Average,National
2023-02-28,Rice,2808.84,India_Average,National
2023-03-01,Rice,3029.07,India_Average,National
2023-03-02,Rice,2999.04,India_Average,National
2023-03-03,Rice,2924.81,India_Average,National
2023-03-04,Rice,3030.28,India_Average,National
2023-03-05,Rice,3156.0,India_Average,National
2023-03-06,Rice,3059.12,India_Average,National
2023-03-07,Rice,2981.8,India_Average,National
2023-03-08,Rice,3139.21,India_Average,National
2023-03-09,Rice,2856.02,India_Average,National
2023-03-10,Rice,2966.26,India_Average,National
2023-03-11,Rice,2969.84,India_Average,National
2023-03-12,Rice,2814.46,India_Average,National
2023-03-13,Rice,2937.02,India_Average,National
2023-03-14,Rice,2688.76,India_Average,National
2023-03-15,Rice,3286.83,India_Average,National
2023-03-16,Rice,2859.39,India_Average,National
2023-03-17,Rice,3237.92,India_Average,National
2023-03-18,Rice,3005.71,India_Average,National
2023-03-19,Rice,3084.73,India_Average,National
2023-03-20,Rice,2926.68,India_Average,National
2023-03-21,Rice,3031.19,India_Average,National
2023-03-22,Rice,3097.57,India_Average,National
2023-03-23,Rice,3099.68,India_Average,National
2023-03-24,Rice,3116.22,India_Average,National
2023-03-25,Rice,2944.75,India_Average,National
2023-03-26,Rice,2927.95,India_Average,National
2023-03-27,Rice,2760.87,India_Average,National
2023-03-28,Rice,3078.48,India_Average,National
2023-03-29,Rice,3162.36,India_Average,National
2023-03-30,Rice,3242.4,India_Average,National
2023-03-31,Rice,3045.78,India_Average,National
2023-04-01,Rice,2820.61,India_Average,National
2023-04-02,Rice,2684.13,India_Average,National
2023-04-03,Rice,3085.77,India_Average,National
2023-04-04,Rice,2669.59,India_Average,National
2023-04-05,Rice,2883.06,India_Average,National
2023-04-06,Rice,2900.12,India_Average,National
2023-04-07,Rice,2922.83,India_Average,National
2023-04-08,Rice,2938.26,India_Average,National
2023-04-09,Rice,2953.27,India_Average,National
2023-04-10,Rice,2578.8,India_Average,National
2023-04-11,Rice,2935.16,India_Average,National
2023-04-12,Rice,2606.04,India_Average,National
2023-04-13,Rice,3040.39,India_Average,National
2023-04-14,Rice,2851.6,India_Average,National
2023-04-15,Rice,2616.68,India_Average,National
2023-04-16,Rice,2813.61,India_Average,National
2023-04-17,Rice,2849.41,India_Average,National
2023-04-18,Rice,3107.63,India_Average,National
2023-04-19,Rice,2961.85,India_Average,National
2023-04-20,Rice,2983.53,India_Average,National
2023-04-21,Rice,3106.24,India_Average,National
2023-04-22,Rice,2918.91,India_Average,National
2023-04-23,Rice,3043.61,India_Average,National
2023-04-24,Rice,3033.3,India_Average,National
2023-04-25,Rice,2744.35,India_Average,National
2023-04-26,Rice,3149.03,India_Average,National
2023-04-27,Rice,2724.72,India_Average,National
2023-04-28,Rice,3067.55,India_Average,National
2023-04-29,Rice,2710.53,India_Average,National
2023-04-30,Rice,3021.18,India_Average,National
2023-05-01,Rice,3006.01,India_Average,National
2023-05-02,Rice,2720.72,India_Average,National
2023-05-03,Rice,2714.75,India_Average,National
2023-05-04,Rice,2833.94,India_Average,National
2023-05-05,Rice,2704.71,India_Average,National
2023-05-06,Rice,3000.01,India_Average,National
2023-05-07,Rice,2776.43,India_Average,National
2023-05-08,Rice,2705.98,India_Average,National
2023-05-09,Rice,2675.71,India_Average,National
2023-05-10,Rice,2621.72,India_Average,National
2023-05-11,Rice,2663.68,India_Average,National
2023-05-12,Rice,2701.78,India_Average,National
2023-05-13,Rice,2682.95,India_Average,National
2023-05-14,Rice,2659.5,India_Average,National
2023-05-15,Rice,3038.59,India_Average,National
2023-05-16,Rice,2608.36,India_Average,National
2023-05-17,Rice,2770.16,India_Average,National
2023-05-18,Rice,2831.47,India_Average,National
2023-05-19,Rice,2836.64,India_Average,National
2023-05-20,Rice,2741.94,India_Average,National
2023-05-21,Rice,2716.9,India_Average,National
2023-05-22,Rice,2812.09,India_Average,National
2023-05-23,Rice,2786.65,India_Average,National
2023-05-24,Rice,2714.39,India_Average,National
2023-05-25,Rice,2535.24,India_Average,National
2023-05-26,Rice,2685.66,India_Average,National
2023-05-27,Rice,2592.35,India_Average,National
2023-05-28,Rice,2658.27,India_Average,National
2023-05-29,Rice,2754.57,India_Average,National
2023-05-30,Rice,2799.33,India_Average,National
2023-05-31,Rice,2994.81,India_Average,National
2023-06-01,Rice,2432.82,India_Average,National
2023-06-02,Rice,2596.83,India_Average,National
2023-06-03,Rice,2538.25,India_Average,National
2023-06-04,Rice,2662.0,India_Average,National
2023-06-05,Rice,2572.03,India_Average,National
2023-06-06,Rice,2373.94,India_Average,National
2023-06-07,Rice,2284.62,India_Average,National
2023-06-08,Rice,2538.91,India_Average,National
2023-06-09,Rice,2433.94,India_Average,National
2023-06-10,Rice,2377.46,India_Average,National
2023-06-11,Rice,2341.55,India_Average,National
2023-06-12,Rice,2520.12,India_Average,National
2023-06-13,Rice,2688.46,India_Average,National
2023-06-14,Rice,2448.92,India_Average,National
2023-06-15,Rice,2573.78,India_Average,National
2023-06-16,Rice,2487.22,India_Average,National
2023-06-17,Rice,2338.83,India_Average,National
2023-06-18,Rice,2591.85,India_Average,National
2023-06-19,Rice,2363.16,India_Average,National
2023-06-20,Rice,2502.7,India_Average,National
2023-06-21,Rice,2457.31,India_Average,National
2023-06-22,Rice,2611.63,India_Average,National
2023-06-23,Rice,2367.73,India_Average,National
2023-06-24,Rice,2548.86,India_Average,National
2023-06-25,Rice,2395.03,India_Average,National
2023-06-26,Rice,2436.11,India_Average,National
2023-06-27,Rice,2045.6,India_Average,National
2023-06-28,Rice,2761.51,India_Average,National
2023-06-29,Rice,2568.82,India_Average,National
2023-06-30,Rice,2404.08,India_Average,National
2023-07-01,Rice,2123.48,India_Average,National
2023-07-02,Rice,2194.24,India_Average,National
2023-07-03,Rice,2330.65,India_Average,National
2023-07-04,Rice,2037.14,India_Average,National
2023-07-05,Rice,2234.07,India_Average,National
2023-07-06,Rice,2449.2,India_Average,National
2023-07-07,Rice,2122.43,India_Average,National
2023-07-08,Rice,2259.04,India_Average,National
2023-07-09,Rice,2497.87,India_Average,National
2023-07-10,Rice,2321.12,India_Average,National
2023-07-11,Rice,2264.17,India_Average,National
2023-07-12,Rice,2307.0,India_Average,National
2023-07-13,Rice,2204.9,India_Average,National
2023-07-14,Rice,2396.21,India_Average,National
2023-07-15,Rice,2205.08,India_Average,National
2023-07-16,Rice,2029.59,India_Average,National
2023-07-17,Rice,2205.98,India_Average,National
2023-07-18,Rice,2141.24,India_Average,National
2023-07-19,Rice,2218.37,India_Average,National
2023-07-20,Rice,2220.85,India_Average,National
2023-07-21,Rice,2384.71,India_Average,National
2023-07-22,Rice,2328.22,India_Average,National
2023-07-23,Rice,2279.62,India_Average,National
2023-07-24,Rice,2249.67,India_Average,National
2023-07-25,Rice,2130.88,India_Average,National
2023-07-26,Rice,2004.62,India_Average,National
2023-07-27,Rice,2262.73,India_Average,National
2023-07-28,Rice,2339.4,India_Average,National
2023-07-29,Rice,2237.81,India_Average,National
2023-07-30,Rice,2189.83,India_Average,National
2023-07-31,Rice,2302.26,India_Average,National
2023-08-01,Rice,2058.37,India_Average,National
2023-08-02,Rice,2241.21,India_Average,National
2023-08-03,Rice,2194.39,India_Average,National
2023-08-04,Rice,2166.15,India_Average,National
2023-08-05,Rice,2145.3,India_Average,National
2023-08-06,Rice,1933.65,India_Average,National
2023-08-07,Rice,2135.51,India_Average,National
2023-08-08,Rice,2105.88,India_Average,National
2023-08-09,Rice,2129.66,India_Average,National
2023-08-10,Rice,2117.9,India_Average,National
2023-08-11,Rice,2113.78,India_Average,National
2023-08-12,Rice,2346.12,India_Average,National
2023-08-13,Rice,2059.11,India_Average,National
2023-08-14,Rice,2163.76,India_Average,National
2023-08-15,Rice,2018.31,India_Average,National
2023-08-16,Rice,2148.7,India_Average,National
2023-08-17,Rice,2164.07,India_Average,National
2023-08-18,Rice,2104.65,India_Average,National
2023-08-19,Rice,2239.5,India_Average,National
2023-08-20,Rice,1975.6,India_Average,National
2023-08-21,Rice,2016.63,India_Average,National
2023-08-22,Rice,2088.94,India_Average,National
2023-08-23,Rice,2158.02,India_Average,National
2023-08-24,Rice,2085.53,India_Average,National
2023-08-25,Rice,2199.87,India_Average,National
2023-08-26,Rice,1998.6,India_Average,National
2023-08-27,Rice,1949.11,India_Average,National
2023-08-28,Rice,2098.83,India_Average,National
2023-08-29,Rice,2059.01,India_Average,National
2023-08-30,Rice,2123.09,India_Average,National
2023-08-31,Rice,2064.16,India_Average,National
2023-09-01,Rice,1966.0,India_Average,National
2023-09-02,Rice,1992.51,India_Average,National
2023-09-03,Rice,2002.88,India_Average,National
2023-09-04,Rice,1969.5,India_Average,National
2023-09-05,Rice,1979.69,India_Average,National
2023-09-06,Rice,1959.64,India_Average,National
2023-09-07,Rice,2085.67,India_Average,National
2023-09-08,Rice,2019.4,India_Average,National
2023-09-09,Rice,2225.68,India_Average,National
2023-09-10,Rice,2016.07,India_Average,National
2023-09-11,Rice,1944.91,India_Average,National
2023-09-12,Rice,2267.07,India_Average,National
2023-09-13,Rice,2041.36,India_Average,National
2023-09-14,Rice,2099.01,India_Average,National
2023-09-15,Rice,2059.21,India_Average,National
2023-09-16,Rice,2062.3,India_Average,National
2023-09-17,Rice,2053.57,India_Average,National
2023-09-18,Rice,1889.79,India_Average,National
2023-09-19,Rice,2036.75,India_Average,National
2023-09-20,Rice,1867.51,India_Average,National
2023-09-21,Rice,1982.56,India_Average,National
2023-09-22,Rice,1927.44,India_Average,National
2023-09-23,Rice,2035.75,India_Average,National
2023-09-24,Rice,2033.41,India_Average,National
2023-09-25,Rice,2048.11,India_Average,National
2023-09-26,Rice,2028.73,India_Average,National
2023-09-27,Rice,1939.32,India_Average,National
2023-09-28,Rice,1973.9,India_Average,National
2023-09-29,Rice,2092.04,India_Average,National
2023-09-30,Rice,2106.79,India_Average,National
2023-10-01,Rice,1948.47,India_Average,National
2023-10-02,Rice,1908.77,India_Average,National
2023-10-03,Rice,1991.86,India_Average,National
2023-10-04,Rice,2175.01,India_Average,National
2023-10-05,Rice,2192.54,India_Average,National
2023-10-06,Rice,1971.42,India_Average,National
2023-10-07,Rice,2098.75,India_Average,National
2023-10-08,Rice,2256.57,India_Average,National
2023-10-09,Rice,2109.91,India_Average,National
2023-10-10,Rice,2213.9,India_Average,National
2023-10-11,Rice,2170.21,India_Average,National
2023-10-12,Rice,1972.92,India_Average,National
2023-10-13,Rice,2047.35,India_Average,National
2023-10-14,Rice,2070.58,India_Average,National
2023-10-15,Rice,2077.75,India_Average,National
2023-10-16,Rice,2161.69,India_Average,National
2023-10-17,Rice,2109.22,India_Average,National
2023-10-18,Rice,1763.53,India_Average,National
2023-10-19,Rice,1931.31,India_Average,National
2023-10-20,Rice,1840.92,India_Average,National
2023-10-21,Rice,2085.11,India_Average,National
2023-10-22,Rice,2091.84,India_Average,National
2023-10-23,Rice,2096.26,India_Average,National
2023-10-24,Rice,1967.88,India_Average,National
2023-10-25,Rice,2136.66,India_Average,National
2023-10-26,Rice,2141.01,India_Average,National
2023-10-27,Rice,1937.27,India_Average,National
2023-10-28,Rice,1915.47,India_Average,National
2023-10-29,Rice,2066.97,India_Average,National
2023-10-30,Rice,2252.17,India_Average,National
2023-10-31,Rice,2242.65,India_Average,National
2023-11-01,Rice,2313.38,India_Average,National
2023-11-02,Rice,2167.88,India_Average,National
2023-11-03,Rice,2349.77,India_Average,National
2023-11-04,Rice,2199.1,India_Average,National
2023-11-05,Rice,2163.66,India_Average,National
2023-11-06,Rice,2008.8,India_Average,National
2023-11-07,Rice,2261.52,India_Average,National
2023-11-08,Rice,2179.14,India_Average,National
2023-11-09,Rice,2260.85,India_Average,National
2023-11-10,Rice,1991.32,India_Average,National
2023-11-11,Rice,2269.11,India_Average,National
2023-11-12,Rice,1976.5,India_Average,National
2023-11-13,Rice,2372.39,India_Average,National
2023-11-14,Rice,2308.71,India_Average,National
2023-11-15,Rice,2218.65,India_Average,National
2023-11-16,Rice,2313.31,India_Average,National
2023-11-17,Rice,2139.97,India_Average,National
2023-11-18,Rice,2258.14,India_Average,National
2023-11-19,Rice,2339.41,India_Average,National
2023-11-20,Rice,1901.89,India_Average,National
2023-11-21,Rice,2199.69,India_Average,National
2023-11-22,Rice,2247.45,India_Average,National
2023-11-23,Rice,2227.92,India_Average,National
2023-11-24,Rice,2413.92,India_Average,National
2023-11-25,Rice,2123.56,India_Average,National
2023-11-26,Rice,2180.12,India_Average,National
2023-11-27,Rice,2034.46,India_Average,National
2023-11-28,Rice,2419.91,India_Average,National
2023-11-29,Rice,2222.29,India_Average,National
2023-11-30,Rice,2200.68,India_Average,National
2023-12-01,Rice,2493.44,India_Average,National
2023-12-02,Rice,2579.53,India_Average,National
2023-12-03,Rice,2543.42,India_Average,National
2023-12-04,Rice,2830.99,India_Average,National
2023-12-05,Rice,2556.74,India_Average,National
2023-12-06,Rice,2441.84,India_Average,National
2023-12-07,Rice,2429.83,India_Average,National
2023-12-08,Rice,2450.91,India_Average,National
2023-12-09,Rice,2312.27,India_Average,National
2023-12-10,Rice,2504.98,India_Average,National
2023-12-11,Rice,2597.93,India_Average,National
2023-12-12,Rice,2423.33,India_Average,National
2023-12-13,Rice,2399.08,India_Average,National
2023-12-14,Rice,2689.49,India_Average,National
2023-12-15,Rice,2321.69,India_Average,National
2023-12-16,Rice,2241.52,India_Average,National
2023-12-17,Rice,2355.89,India_Average,National
2023-12-18,Rice,2307.45,India_Average,National
2023-12-19,Rice,2548.28,India_Average,National
2023-12-20,Rice,2454.91,India_Average,National
2023-12-21,Rice,2472.54,India_Average,National
2023-12-22,Rice,2644.12,India_Average,National
2023-12-23,Rice,2413.58,India_Average,National
2023-12-24,Rice,2596.89,India_Average,National
2023-12-25,Rice,2688.92,India_Average,National
2023-12-26,Rice,2443.04,India_Average,National
2023-12-27,Rice,2592.13,India_Average,National
2023-12-28,Rice,2469.77,India_Average,National
2023-12-29,Rice,2615.51,India_Average,National
2023-12-30,Rice,2303.56,India_Average,National
2023-12-31,Rice,2294.31,India_Average,National
2024-01-01,Rice,2696.2,India_Average,National
2022-01-01,Watermelon,1576.66,India_Average,National
2022-01-02,Watermelon,1607.37,India_Average,National
2022-01-03,Watermelon,1631.89,India_Average,National
2022-01-04,Watermelon,1709.4,India_Average,National
2022-01-05,Watermelon,1616.37,India_Average,National
2022-01-06,Watermelon,1582.03,India_Average,National
2022-01-07,Watermelon,1621.0,India_Average,National
2022-01-08,Watermelon,1586.55,India_Average,National
2022-01-09,Watermelon,1572.94,India_Average,National
2022-01-10,Watermelon,1516.93,India_Average,National
2022-01-11,Watermelon,1655.73,India_Average,National
2022-01-12,Watermelon,1603.08,India_Average,National
2022-01-13,Watermelon,1729.72,India_Average,National
2022-01-14,Watermelon,1530.59,India_Average,National
2022-01-15,Watermelon,1605.28,India_Average,National
2022-01-16,Watermelon,1799.56,India_Average,National
2022-01-17,Watermelon,1572.48,India_Average,National
2022-01-18,Watermelon,1630.49,India_Average,National
2022-01-19,Watermelon,1549.69,India_Average,National
2022-01-20,Watermelon,1538.75,India_Average,National
2022-01-21,Watermelon,1777.65,India_Average,National
2022-01-22,Watermelon,1664.11,India_Average,National
2022-01-23,Watermelon,1661.03,India_Average,National
2022-01-24,Watermelon,1510.05,India_Average,National
2022-01-25,Watermelon,1679.6,India_Average,National
2022-01-26,Watermelon,1745.49,India_Average,National
2022-01-27,Watermelon,1744.83,India_Average,National
2022-01-28,Watermelon,1705.14,India_Average,National
2022-01-29,Watermelon,1556.82,India_Average,National
2022-01-30,Watermelon,1675.83,India_Average,National
2022-01-31,Watermelon,1705.08,India_Average,National
2022-02-01,Watermelon,1601.91,India_Average,National
2022-02-02,Watermelon,1661.15,India_Average,National
2022-02-03,Watermelon,1837.96,India_Average,National
2022-02-04,Watermelon,1836.89,India_Average,National
2022-02-05,Watermelon,1623.55,India_Average,National
2022-02-06,Watermelon,1829.76,India_Average,National
2022-02-07,Watermelon,1768.19,India_Average,National
2022-02-08,Watermelon,1828.53,India_Average,National
2022-02-09,Watermelon,1703.98,India_Average,National
2022-02-10,Watermelon,1816.58,India_Average,National
2022-02-11,Watermelon,1834.06,India_Average,National
2022-02-12,Watermelon,1728.89,India_Average,National
2022-02-13,Watermelon,1761.37,India_Average,National
2022-02-14,Watermelon,1702.74,India_Average,National
2022-02-15,Watermelon,1905.14,India_Average,National
2022-02-16,Watermelon,1749.22,India_Average,National
2022-02-17,Watermelon,1678.68,India_Average,National
2022-02-18,Watermelon,1696.82,India_Average,National
2022-02-19,Watermelon,1770.96,India_Average,National
2022-02-20,Watermelon,1826.09,India_Average,National
2022-02-21,Watermelon,1642.27,India_Average,National
2022-02-22,Watermelon,1922.38,India_Average,National
2022-02-23,Watermelon,1786.97,India_Average,National
2022-02-24,Watermelon,1800.85,India_Average,National
2022-02-25,Watermelon,1751.26,India_Average,National
2022-02-26,Watermelon,1761.5,India_Average,National
2022-02-27,Watermelon,1746.76,India_Average,National
2022-02-28,Watermelon,1849.36,India_Average,National
2022-03-01,Watermelon,1799.29,India_Average,National
2022-03-02,Watermelon,1869.03,India_Average,National
2022-03-03,Watermelon,1760.95,India_Average,National
2022-03-04,Watermelon,1817.61,India_Average,National
2022-03-05,Watermelon,1727.65,India_Average,National
2022-03-06,Watermelon,1909.49,India_Average,National
2022-03-07,Watermelon,1724.96,India_Average,National
2022-03-08,Watermelon,1770.75,India_Average,National
2022-03-09,Watermelon,1771.65,India_Average,National
2022-03-10,Watermelon,1768.14,India_Average,National
2022-03-11,Watermelon,1865.02,India_Average,National
2022-03-12,Watermelon,1771.5,India_Average,National
2022-03-13,Watermelon,1925.45,India_Average,National
2022-03-14,Watermelon,1726.34,India_Average,National
2022-03-15,Watermelon,1815.24,India_Average,National
2022-03-16,Watermelon,1730.18,India_Average,National
2022-03-17,Watermelon,1837.89,India_Average,National
2022-03-18,Watermelon,1798.56,India_Average,National
2022-03-19,Watermelon,1786.04,India_Average,National
2022-03-20,Watermelon,1906.96,India_Average,National
2022-03-21,Watermelon,1741.11,India_Average,National
2022-03-22,Watermelon,1852.79,India_Average,National
2022-03-23,Watermelon,1730.79,India_Average,National
2022-03-24,Watermelon,1810.14,India_Average,National
2022-03-25,Watermelon,1692.4,India_Average,National
2022-03-26,Watermelon,1740.37,India_Average,National
2022-03-27,Watermelon,1792.61,India_Average,National
2022-03-28,Watermelon,1963.32,India_Average,National
2022-03-29,Watermelon,1809.07,India_Average,National
2022-03-30,Watermelon,1948.92,India_Average,National
2022-03-31,Watermelon,1819.83,India_Average,National
2022-04-01,Watermelon,1725.75,India_Average,National
2022-04-02,Watermelon,1895.26,India_Average,National
2022-04-03,Watermelon,1798.26,India_Average,National
2022-04-04,Watermelon,1703.25,India_Average,National
2022-04-05,Watermelon,1801.21,India_Average,National
2022-04-06,Watermelon,1734.06,India_Average,National
2022-04-07,Watermelon,1584.79,India_Average,National
2022-04-08,Watermelon,1842.16,India_Average,National
2022-04-09,Watermelon,1856.15,India_Average,National
2022-04-10,Watermelon,1921.53,India_Average,National
2022-04-11,Watermelon,1796.95,India_Average,National
2022-04-12,Watermelon,1737.92,India_Average,National
2022-04-13,Watermelon,1833.28,India_Average,National
2022-04-14,Watermelon,1834.58,India_Average,National
2022-04-15,Watermelon,1903.96,India_Average,National
2022-04-16,Watermelon,1755.88,India_Average,National
2022-04-17,Watermelon,1745.24,India_Average,National
2022-04-18,Watermelon,1696.85,India_Average,National
2022-04-19,Watermelon,1807.1,India_Average,National
2022-04-20,Watermelon,1623.58,India_Average,National
2022-04-21,Watermelon,1828.1,India_Average,National
2022-04-22,Watermelon,1811.53,India_Average,National
2022-04-23,Watermelon,1811.29,India_Average,National
2022-04-24,Watermelon,1771.97,India_Average,National
2022-04-25,Watermelon,1894.69,India_Average,National
2022-04-26,Watermelon,1836.53,India_Average,National
2022-04-27,Watermelon,1706.39,India_Average,National
2022-04-28,Watermelon,1707.97,India_Average,National
2022-04-29,Watermelon,1682.4,India_Average,National
2022-04-30,Watermelon,1808.32,India_Average,National
2022-05-01,Watermelon,1567.49,India_Average,National
2022-05-02,Watermelon,1739.38,India_Average,National
2022-05-03,Watermelon,1759.15,India_Average,National
2022-05-04,Watermelon,1577.48,India_Average,National
2022-05-05,Watermelon,1634.69,India_Average,National
2022-05-06,Watermelon,1651.37,India_Average,National
2022-05-07,Watermelon,1722.93,India_Average,National
2022-05-08,Watermelon,1782.77,India_Average,National
2022-05-09,Watermelon,1510.95,India_Average,National
2022-05-10,Watermelon,1623.75,India_Average,National
2022-05-11,Watermelon,1628.05,India_Average,National
2022-05-12,Watermelon,1534.44,India_Average,National
2022-05-13,Watermelon,1609.98,India_Average,National
2022-05-14,Watermelon,1685.29,India_Average,National
2022-05-15,Watermelon,1627.01,India_Average,National
2022-05-16,Watermelon,1522.57,India_Average,National
2022-05-17,Watermelon,1887.11,India_Average,National
2022-05-18,Watermelon,1671.96,India_Average,National
2022-05-19,Watermelon,1659.21,India_Average,National
2022-05-20,Watermelon,1559.42,India_Average,National
2022-05-21,Watermelon,1671.51,India_Average,National
2022-05-22,Watermelon,1636.45,India_Average,National
2022-05-23,Watermelon,1494.2,India_Average,National
2022-05-24,Watermelon,1561.7,India_Average,National
2022-05-25,Watermelon,1715.58,India_Average,National
2022-05-26,Watermelon,1810.38,India_Average,National
2022-05-27,Watermelon,1680.29,India_Average,National
2022-05-28,Watermelon,1741.0,India_Average,National
2022-05-29,Watermelon,1637.15,India_Average,National
2022-05-30,Watermelon,1642.86,India_Average,National
2022-05-31,Watermelon,1740.01,India_Average,National
2022-06-01,Watermelon,1624.71,India_Average,National
2022-06-02,Watermelon,1597.58,India_Average,National
2022-06-03,Watermelon,1420.02,India_Average,National
2022-06-04,Watermelon,1494.98,India_Average,National
2022-06-05,Watermelon,1520.81,India_Average,National
2022-06-06,Watermelon,1480.52,India_Average,National
2022-06-07,Watermelon,1529.09,India_Average,National
2022-06-08,Watermelon,1561.54,India_Average,National
2022-06-09,Watermelon,1575.21,India_Average,National
2022-06-10,Watermelon,1626.44,India_Average,National
2022-06-11,Watermelon,1475.29,India_Average,National
2022-06-12,Watermelon,1397.7,India_Average,National
2022-06-13,Watermelon,1526.87,India_Average,National
2022-06-14,Watermelon,1641.29,India_Average,National
2022-06-15,Watermelon,1464.23,India_Average,National
2022-06-16,Watermelon,1551.51,India_Average,National
2022-06-17,Watermelon,1552.18,India_Average,National
2022-06-18,Watermelon,1514.36,India_Average,National
2022-06-19,Watermelon,1500.52,India_Average,National
2022-06-20,Watermelon,1430.74,India_Average,National
2022-06-21,Watermelon,1328.88,India_Average,National
2022-06-22,Watermelon,1416.61,India_Average,National
2022-06-23,Watermelon,1470.73,India_Average,National
2022-06-24,Watermelon,1582.31,India_Average,National
2022-06-25,Watermelon,1492.27,India_Average,National
2022-06-26,Watermelon,1461.07,India_Average,National
2022-06-27,Watermelon,1433.18,India_Average,National
2022-06-28,Watermelon,1549.26,India_Average,National
2022-06-29,Watermelon,1601.88,India_Average,National
2022-06-30,Watermelon,1579.76,India_Average,National
2022-07-01,Watermelon,1390.92,India_Average,National
2022-07-02,Watermelon,1250.4,India_Average,National
2022-07-03,Watermelon,1326.26,India_Average,National
2022-07-04,Watermelon,1481.44,India_Average,National
2022-07-05,Watermelon,1425.73,India_Average,National
2022-07-06,Watermelon,1246.22,India_Average,National
2022-07-07,Watermelon,1346.25,India_Average,National
2022-07-08,Watermelon,1374.51,India_Average,National
2022-07-09,Watermelon,1298.55,India_Average,National
2022-07-10,Watermelon,1194.13,India_Average,National
2022-07-11,Watermelon,1356.67,India_Average,National
2022-07-12,Watermelon,1296.83,India_Average,National
2022-07-13,Watermelon,1297.09,India_Average,National
2022-07-14,Watermelon,1326.06,India_Average,National
2022-07-15,Watermelon,1340.98,India_Average,National
2022-07-16,Watermelon,1349.39,India_Average,National
2022-07-17,Watermelon,1290.33,India_Average,National
2022-07-18,Watermelon,1335.14,India_Average,National
2022-07-19,Watermelon,1231.37,India_Average,National
2022-07-20,Watermelon,1371.0,India_Average,National
2022-07-21,Watermelon,1157.2,India_Average,National
2022-07-22,Watermelon,1330.46,India_Average,National
2022-07-23,Watermelon,1412.05,India_Average,National
2022-07-24,Watermelon,1278.49,India_Average,National
2022-07-25,Watermelon,1398.36,India_Average,National
2022-07-26,Watermelon,1428.01,India_Average,National
2022-07-27,Watermelon,1126.72,India_Average,National
2022-07-28,Watermelon,1339.78,India_Average,National
2022-07-29,Watermelon,1155.89,India_Average,National
2022-07-30,Watermelon,1342.02,India_Average,National
2022-07-31,Watermelon,1349.52,India_Average,National
2022-08-01,Watermelon,1086.25,India_Average,National
2022-08-02,Watermelon,1359.55,India_Average,National
2022-08-03,Watermelon,1257.93,India_Average,National
2022-08-04,Watermelon,1187.54,India_Average,National
2022-08-05,Watermelon,1331.06,India_Average,National
2022-08-06,Watermelon,1128.85,India_Average,National
2022-08-07,Watermelon,1163.97,India_Average,National
2022-08-08,Watermelon,1097.6,India_Average,National
2022-08-09,Watermelon,1351.87,India_Average,National
2022-08-10,Watermelon,1260.8,India_Average,National
2022-08-11,Watermelon,1281.08,India_Average,National
2022-08-12,Watermelon,1258.86,India_Average,National
2022-08-13,Watermelon,1275.77,India_Average,National
2022-08-14,Watermelon,1245.03,India_Average,National
2022-08-15,Watermelon,1256.99,India_Average,National
2022-08-16,Watermelon,1246.86,India_Average,National
2022-08-17,Watermelon,1202.45,India_Average,National
2022-08-18,Watermelon,1237.3,India_Average,National
2022-08-19,Watermelon,1257.16,India_Average,National
2022-08-20,Watermelon,1247.05,India_Average,National
2022-08-21,Watermelon,1148.56,India_Average,National
2022-08-22,Watermelon,1156.79,India_Average,National
2022-08-23,Watermelon,1307.34,India_Average,National
2022-08-24,Watermelon,1221.16,India_Average,National
2022-08-25,Watermelon,1276.45,India_Average,National
2022-08-26,Watermelon,1172.47,India_Average,National
2022-08-27,Watermelon,1148.84,India_Average,National
2022-08-28,Watermelon,1187.88,India_Average,National
2022-08-29,Watermelon,1226.39,India_Average,National
2022-08-30,Watermelon,1198.95,India_Average,National
2022-08-31,Watermelon,1320.43,India_Average,National
2022-09-01,Watermelon,1210.77,India_Average,National
2022-09-02,Watermelon,1310.94,India_Average,National
2022-09-03,Watermelon,1224.26,India_Average,National
2022-09-04,Watermelon,1055.25,India_Average,National
2022-09-05,Watermelon,1263.36,India_Average,National
2022-09-06,Watermelon,1109.43,India_Average,National
2022-09-07,Watermelon,1213.83,India_Average,National
2022-09-08,Watermelon,1153.52,India_Average,National
2022-09-09,Watermelon,1328.56,India_Average,National
2022-09-10,Watermelon,1286.38,India_Average,National
2022-09-11,Watermelon,1155.49,India_Average,National
2022-09-12,Watermelon,1192.36,India_Average,National
2022-09-13,Watermelon,1214.68,India_Average,National
2022-09-14,Watermelon,1251.8,India_Average,National
2022-09-15,Watermelon,1201.75,India_Average,National
2022-09-16,Watermelon,1138.51,India_Average,National
2022-09-17,Watermelon,1156.95,India_Average,National
2022-09-18,Watermelon,1199.73,India_Average,National
2022-09-19,Watermelon,1274.07,India_Average,National
2022-09-20,Watermelon,1225.67,India_Average,National
2022-09-21,Watermelon,1153.6,India_Average,National
2022-09-22,Watermelon,1238.9,India_Average,National
2022-09-23,Watermelon,1176.78,India_Average,National
2022-09-24,Watermelon,1253.42,India_Average,National
2022-09-25,Watermelon,1351.62,India_Average,National
2022-09-26,Watermelon,1178.47,India_Average,National
2022-09-27,Watermelon,1248.1,India_Average,National
2022-09-28,Watermelon,1155.28,India_Average,National
2022-09-29,Watermelon,1193.26,India_Average,National
2022-09-30,Watermelon,1201.77,India_Average,National
2022-10-01,Watermelon,1228.18,India_Average,National
2022-10-02,Watermelon,1392.92,India_Average,National
2022-10-03,Watermelon,1221.18,India_Average,National
2022-10-04,Watermelon,1276.58,India_Average,National
2022-10-05,Watermelon,1120.51,India_Average,National
2022-10-06,Watermelon,1266.98,India_Average,National
2022-10-07,Watermelon,1311.01,India_Average,National
2022-10-08,Watermelon,1207.48,India_Average,National
2022-10-09,Watermelon,1084.53,India_Average,National
2022-10-10,Watermelon,1237.8,India_Average,National
2022-10-11,Watermelon,1241.26,India_Average,National
2022-10-12,Watermelon,1285.09,India_Average,National
2022-10-13,Watermelon,1364.89,India_Average,National
2022-10-14,Watermelon,1216.63,India_Average,National
2022-10-15,Watermelon,1187.09,India_Average,National
2022-10-16,Watermelon,1167.83,India_Average,National
2022-10-17,Watermelon,1252.48,India_Average,National
2022-10-18,Watermelon,1269.92,India_Average,National
2022-10-19,Watermelon,1206.36,India_Average,National
2022-10-20,Watermelon,1288.48,India_Average,National
2022-10-21,Watermelon,1269.05,India_Average,National
2022-10-22,Watermelon,1242.87,India_Average,National
2022-10-23,Watermelon,1184.23,India_Average,National
2022-10-24,Watermelon,1210.31,India_Average,National
2022-10-25,Watermelon,1089.52,India_Average,National
2022-10-26,Watermelon,1254.81,India_Average,National
2022-10-27,Watermelon,1241.83,India_Average,National
2022-10-28,Watermelon,1251.88,India_Average,National
2022-10-29,Watermelon,1271.47,India_Average,National
2022-10-30,Watermelon,1264.12,India_Average,National
2022-10-31,Watermelon,1233.35,India_Average,National
2022-11-01,Watermelon,1353.29,India_Average,National
2022-11-02,Watermelon,1255.21,India_Average,National
2022-11-03,Watermelon,1310.6,India_Average,National
2022-11-04,Watermelon,1353.41,India_Average,National
2022-11-05,Watermelon,1300.33,India_Average,National
2022-11-06,Watermelon,1408.06,India_Average,National
2022-11-07,Watermelon,1305.54,India_Average,National
2022-11-08,Watermelon,1364.6,India_Average,National
2022-11-09,Watermelon,1357.87,India_Average,National
2022-11-10,Watermelon,1400.37,India_Average,National
2022-11-11,Watermelon,1410.8,India_Average,National
2022-11-12,Watermelon,1396.85,India_Average,National
2022-11-13,Watermelon,1207.84,India_Average,National
2022-11-14,Watermelon,1430.6,India_Average,National
2022-11-15,Watermelon,1453.09,India_Average,National
2022-11-16,Watermelon,1317.46,India_Average,National
2022-11-17,Watermelon,1365.97,India_Average,National
2022-11-18,Watermelon,1289.87,India_Average,National
2022-11-19,Watermelon,1218.48,India_Average,National
2022-11-20,Watermelon,1300.14,India_Average,National
2022-11-21,Watermelon,1313.54,India_Average,National
2022-11-22,Watermelon,1326.05,India_Average,National
2022-11-23,Watermelon,1285.27,India_Average,National
2022-11-24,Watermelon,1300.49,India_Average,National
2022-11-25,Watermelon,1349.26,India_Average,National
2022-11-26,Watermelon,1298.01,India_Average,National
2022-11-27,Watermelon,1386.69,India_Average,National
2022-11-28,Watermelon,1396.01,India_Average,National
2022-11-29,Watermelon,1510.68,India_Average,National
2022-11-30,Watermelon,1425.98,India_Average,National
2022-12-01,Watermelon,1518.23,India_Average,National
2022-12-02,Watermelon,1453.48,India_Average,National
2022-12-03,Watermelon,1522.03,India_Average,National
2022-12-04,Watermelon,1524.49,India_Average,National
2022-12-05,Watermelon,1461.5,India_Average,National
2022-12-06,Watermelon,1558.78,India_Average,National
2022-12-07,Watermelon,1395.14,India_Average,National
2022-12-08,Watermelon,1481.67,India_Average,National
2022-12-09,Watermelon,1541.69,India_Average,National
2022-12-10,Watermelon,1478.43,India_Average,National
2022-12-11,Watermelon,1484.49,India_Average,National
2022-12-12,Watermelon,1489.67,India_Average,National
2022-12-13,Watermelon,1437.33,India_Average,National
2022-12-14,Watermelon,1588.04,India_Average,National
2022-12-15,Watermelon,1423.65,India_Average,National
2022-12-16,Watermelon,1523.86,India_Average,National
2022-12-17,Watermelon,1531.02,India_Average,National
2022-12-18,Watermelon,1428.85,India_Average,National
2022-12-19,Watermelon,1505.48,India_Average,National
2022-12-20,Watermelon,1431.78,India_Average,National
2022-12-21,Watermelon,1604.33,India_Average,National
2022-12-22,Watermelon,1414.59,India_Average,National
2022-12-23,Watermelon,1450.96,India_Average,National
2022-12-24,Watermelon,1408.18,India_Average,National
2022-12-25,Watermelon,1398.17,India_Average,National
2022-12-26,Watermelon,1619.34,India_Average,National
2022-12-27,Watermelon,1540.71,India_Average,National
2022-12-28,Watermelon,1510.52,India_Average,National
2022-12-29,Watermelon,1450.76,India_Average,National
2022-12-30,Watermelon,1568.07,India_Average,National
2022-12-31,Watermelon,1438.18,India_Average,National
2023-01-01,Watermelon,1715.48,India_Average,National
2023-01-02,Watermelon,1578.02,India_Average,National
2023-01-03,Watermelon,1596.83,India_Average,National
2023-01-04,Watermelon,1712.56,India_Average,National
2023-01-05,Watermelon,1721.27,India_Average,National
2023-01-06,Watermelon,1699.29,India_Average,National
2023-01-07,Watermelon,1563.4,India_Average,National
2023-01-08,Watermelon,1613.15,India_Average,National
2023-01-09,Watermelon,1662.94,India_Average,National
2023-01-10,Watermelon,1579.93,India_Average,National
2023-01-11,Watermelon,1763.1,India_Average,National
2023-01-12,Watermelon,1451.84,India_Average,National
2023-01-13,Watermelon,1585.75,India_Average,National
2023-01-14,Watermelon,1607.96,India_Average,National
2023-01-15,Watermelon,1415.37,India_Average,National
2023-01-16,Watermelon,1534.81,India_Average,National
2023-01-17,Watermelon,1701.59,India_Average,National
2023-01-18,Watermelon,1652.5,India_Average,National
2023-01-19,Watermelon,1779.78,India_Average,National
2023-01-20,Watermelon,1777.48,India_Average,National
2023-01-21,Watermelon,1685.73,India_Average,National
2023-01-22,Watermelon,1675.84,India_Average,National
2023-01-23,Watermelon,1655.44,India_Average,National
2023-01-24,Watermelon,1430.96,India_Average,National
2023-01-25,Watermelon,1534.95,India_Average,National
2023-01-26,Watermelon,1658.31,India_Average,National
2023-01-27,Watermelon,1700.82,India_Average,National
2023-01-28,Watermelon,1673.9,India_Average,National
2023-01-29,Watermelon,1576.37,India_Average,National
2023-01-30,Watermelon,1727.34,India_Average,National
2023-01-31,Watermelon,1772.3,India_Average,National
2023-02-01,Watermelon,1842.34,India_Average,National
2023-02-02,Watermelon,1846.88,India_Average,National
2023-02-03,Watermelon,1710.6,India_Average,National
2023-02-04,Watermelon,1854.48,India_Average,National
2023-02-05,Watermelon,1772.63,India_Average,National
2023-02-06,Watermelon,1804.82,India_Average,National
2023-02-07,Watermelon,1791.96,India_Average,National
2023-02-08,Watermelon,1749.12,India_Average,National
2023-02-09,Watermelon,1684.14,India_Average,National
2023-02-10,Watermelon,1752.58,India_Average,National
2023-02-11,Watermelon,1846.63,India_Average,National
2023-02-12,Watermelon,1720.96,India_Average,National
2023-02-13,Watermelon,1838.41,India_Average,National
2023-02-14,Watermelon,1824.66,India_Average,National
2023-02-15,Watermelon,1733.5,India_Average,National
2023-02-16,Watermelon,1882.01,India_Average,National
2023-02-17,Watermelon,1728.52,India_Average,National
2023-02-18,Watermelon,1892.63,India_Average,National
2023-02-19,Watermelon,1798.01,India_Average,National
2023-02-20,Watermelon,1758.41,India_Average,National
2023-02-21,Watermelon,1681.69,India_Average,National
2023-02-22,Watermelon,1752.04,India_Average,National
2023-02-23,Watermelon,1741.88,India_Average,National
2023-02-24,Watermelon,1649.09,India_Average,National
2023-02-25,Watermelon,1740.66,India_Average,National
2023-02-26,Watermelon,1689.08,India_Average,National
2023-02-27,Watermelon,1811.37,India_Average,National
2023-02-28,Watermelon,1874.75,India_Average,National
2023-03-01,Watermelon,1689.58,India_Average,National
2023-03-02,Watermelon,1954.11,India_Average,National
2023-03-03,Watermelon,1788.43,India_Average,National
2023-03-04,Watermelon,1712.25,India_Average,National
2023-03-05,Watermelon,1868.2,India_Average,National
2023-03-06,Watermelon,1759.82,India_Average,National
2023-03-07,Watermelon,1792.64,India_Average,National
2023-03-08,Watermelon,1763.61,India_Average,National
2023-03-09,Watermelon,1726.49,India_Average,National
2023-03-10,Watermelon,1865.16,India_Average,National
2023-03-11,Watermelon,1774.23,India_Average,National
2023-03-12,Watermelon,1670.7,India_Average,National
2023-03-13,Watermelon,1849.6,India_Average,National
2023-03-14,Watermelon,1691.5,India_Average,National
2023-03-15,Watermelon,1696.21,India_Average,National
2023-03-16,Watermelon,1907.33,India_Average,National
2023-03-17,Watermelon,1692.33,India_Average,National
2023-03-18,Watermelon,1591.52,India_Average,National
2023-03-19,Watermelon,1856.06,India_Average,National
2023-03-20,Watermelon,1772.65,India_Average,National
2023-03-21,Watermelon,1780.41,India_Average,National
2023-03-22,Watermelon,1771.69,India_Average,National
2023-03-23,Watermelon,1820.85,India_Average,National
2023-03-24,Watermelon,1732.26,India_Average,National
2023-03-25,Watermelon,1932.85,India_Average,National
2023-03-26,Watermelon,1667.14,India_Average,National
2023-03-27,Watermelon,1840.04,India_Average,National
2023-03-28,Watermelon,1857.79,India_Average,National
2023-03-29,Watermelon,1731.63,India_Average,National
2023-03-30,Watermelon,1707.86,India_Average,National
2023-03-31,Watermelon,1891.55,India_Average,National
2023-04-01,Watermelon,1672.62,India_Average,National
2023-04-02,Watermelon,1706.43,India_Average,National
2023-04-03,Watermelon,1837.88,India_Average,National
2023-04-04,Watermelon,1762.86,India_Average,National
2023-04-05,Watermelon,1601.68,India_Average,National
2023-04-06,Watermelon,1913.53,India_Average,National
2023-04-07,Watermelon,1713.17,India_Average,National
2023-04-08,Watermelon,1724.37,India_Average,National
2023-04-09,Watermelon,1782.31,India_Average,National
2023-04-10,Watermelon,1814.81,India_Average,National
2023-04-11,Watermelon,1932.37,India_Average,National
2023-04-12,Watermelon,1613.74,India_Average,National
2023-04-13,Watermelon,1832.48,India_Average,National
2023-04-14,Watermelon,1825.19,India_Average,National
2023-04-15,Watermelon,1747.74,India_Average,National
2023-04-16,Watermelon,1829.08,India_Average,National
2023-04-17,Watermelon,1842.01,India_Average,National
2023-04-18,Watermelon,1638.21,India_Average,National
2023-04-19,Watermelon,1913.77,India_Average,National
2023-04-20,Watermelon,1622.65,India_Average,National
2023-04-21,Watermelon,1659.91,India_Average,National
2023-04-22,Watermelon,1736.77,India_Average,National
2023-04-23,Watermelon,1929.18,India_Average,National
2023-04-24,Watermelon,1732.68,India_Average,National
2023-04-25,Watermelon,1757.0,India_Average,National
2023-04-26,Watermelon,1885.82,India_Average,National
2023-04-27,Watermelon,1733.38,India_Average,National
2023-04-28,Watermelon,1656.12,India_Average,National
2023-04-29,Watermelon,1723.09,India_Average,National
2023-04-30,Watermelon,1880.42,India_Average,National
2023-05-01,Watermelon,1655.85,India_Average,National
2023-05-02,Watermelon,1809.28,India_Average,National
2023-05-03,Watermelon,1710.88,India_Average,National
2023-05-04,Watermelon,1596.8,India_Average,National
2023-05-05,Watermelon,1654.21,India_Average,National
2023-05-06,Watermelon,1579.61,India_Average,National
2023-05-07,Watermelon,1594.85,India_Average,National
2023-05-08,Watermelon,2019.52,India_Average,National
2023-05-09,Watermelon,1734.04,India_Average,National
2023-05-10,Watermelon,1721.04,India_Average,National
2023-05-11,Watermelon,1598.59,India_Average,National
2023-05-12,Watermelon,1779.49,India_Average,National
2023-05-13,Watermelon,1740.7,India_Average,National
2023-05-14,Watermelon,1805.23,India_Average,National
2023-05-15,Watermelon,1801.23,India_Average,National
2023-05-16,Watermelon,1527.98,India_Average,National
2023-05-17,Watermelon,1558.44,India_Average,National
2023-05-18,Watermelon,1567.19,India_Average,National
2023-05-19,Watermelon,1572.12,India_Average,National
2023-05-20,Watermelon,1676.68,India_Average,National
2023-05-21,Watermelon,1603.24,India_Average,National
2023-05-22,Watermelon,1820.99,India_Average,National
2023-05-23,Watermelon,1807.14,India_Average,National
2023-05-24,Watermelon,1649.47,India_Average,National
2023-05-25,Watermelon,1811.31,India_Average,National
2023-05-26,Watermelon,1772.77,India_Average,National
2023-05-27,Watermelon,1612.82,India_Average,National
2023-05-28,Watermelon,1484.24,India_Average,National
2023-05-29,Watermelon,1632.02,India_Average,National
2023-05-30,Watermelon,1596.82,India_Average,National
2023-05-31,Watermelon,1667.04,India_Average,National
2023-06-01,Watermelon,1506.69,India_Average,National
2023-06-02,Watermelon,1504.73,India_Average,National
2023-06-03,Watermelon,1539.28,India_Average,National
2023-06-04,Watermelon,1409.06,India_Average,National
2023-06-05,Watermelon,1530.85,India_Average,National
2023-06-06,Watermelon,1467.03,India_Average,National
2023-06-07,Watermelon,1515.0,India_Average,National
2023-06-08,Watermelon,1571.81,India_Average,National
2023-06-09,Watermelon,1408.17,India_Average,National
2023-06-10,Watermelon,1478.9,India_Average,National
2023-06-11,Watermelon,1491.11,India_Average,National
2023-06-12,Watermelon,1461.43,India_Average,National
2023-06-13,Watermelon,1567.49,India_Average,National
2023-06-14,Watermelon,1445.97,India_Average,National
2023-06-15,Watermelon,1458.34,India_Average,National
2023-06-16,Watermelon,1446.76,India_Average,National
2023-06-17,Watermelon,1581.9,India_Average,National
2023-06-18,Watermelon,1463.07,India_Average,National
2023-06-19,Watermelon,1534.5,India_Average,National
2023-06-20,Watermelon,1648.18,India_Average,National
2023-06-21,Watermelon,1494.39,India_Average,National
2023-06-22,Watermelon,1583.4,India_Average,National
2023-06-23,Watermelon,1625.35,India_Average,National
2023-06-24,Watermelon,1577.04,India_Average,National
2023-06-25,Watermelon,1498.74,India_Average,National
2023-06-26,Watermelon,1548.16,India_Average,National
2023-06-27,Watermelon,1403.45,India_Average,National
2023-06-28,Watermelon,1441.5,India_Average,National
2023-06-29,Watermelon,1454.65,India_Average,National
2023-06-30,Watermelon,1668.05,India_Average,National
2023-07-01,Watermelon,1295.15,India_Average,National
2023-07-02,Watermelon,1294.15,India_Average,National
2023-07-03,Watermelon,1279.54,India_Average,National
2023-07-04,Watermelon,1387.79,India_Average,National
2023-07-05,Watermelon,1359.63,India_Average,National
2023-07-06,Watermelon,1423.36,India_Average,National
2023-07-07,Watermelon,1395.31,India_Average,National
2023-07-08,Watermelon,1256.82,India_Average,National
2023-07-09,Watermelon,1295.51,India_Average,National
2023-07-10,Watermelon,1442.16,India_Average,National
2023-07-11,Watermelon,1336.28,India_Average,National
2023-07-12,Watermelon,1430.16,India_Average,National
2023-07-13,Watermelon,1339.9,India_Average,National
2023-07-14,Watermelon,1284.68,India_Average,National
2023-07-15,Watermelon,1329.53,India_Average,National
2023-07-16,Watermelon,1284.66,India_Average,National
2023-07-17,Watermelon,1311.83,India_Average,National
2023-07-18,Watermelon,1363.56,India_Average,National
2023-07-19,Watermelon,1384.53,India_Average,National
2023-07-20,Watermelon,1242.66,India_Average,National
2023-07-21,Watermelon,1348.83,India_Average,National
2023-07-22,Watermelon,1310.4,India_Average,National
2023-07-23,Watermelon,1306.23,India_Average,National
2023-07-24,Watermelon,1358.96,India_Average,National
2023-07-25,Watermelon,1312.84,India_Average,National
2023-07-26,Watermelon,1443.29,India_Average,National
2023-07-27,Watermelon,1430.19,India_Average,National
2023-07-28,Watermelon,1429.77,India_Average,National
2023-07-29,Watermelon,1316.59,India_Average,National
2023-07-30,Watermelon,1285.03,India_Average,National
2023-07-31,Watermelon,1355.54,India_Average,National
2023-08-01,Watermelon,1230.87,India_Average,National
2023-08-02,Watermelon,1202.44,India_Average,National
2023-08-03,Watermelon,1167.29,India_Average,National
2023-08-04,Watermelon,1237.62,India_Average,National
2023-08-05,Watermelon,1215.14,India_Average,National
2023-08-06,Watermelon,1282.88,India_Average,National
2023-08-07,Watermelon,1281.44,India_Average,National
2023-08-08,Watermelon,1308.45,India_Average,National
2023-08-09,Watermelon,1162.1,India_Average,National
2023-08-10,Watermelon,1265.06,India_Average,National
2023-08-11,Watermelon,1195.08,India_Average,National
2023-08-12,Watermelon,1164.51,India_Average,National
2023-08-13,Watermelon,1213.61,India_Average,National
2023-08-14,Watermelon,1306.46,India_Average,National
2023-08-15,Watermelon,1217.11,India_Average,National
2023-08-16,Watermelon,1337.27,India_Average,National
2023-08-17,Watermelon,1274.23,India_Average,National
2023-08-18,Watermelon,1215.75,India_Average,National
2023-08-19,Watermelon,1312.13,India_Average,National
2023-08-20,Watermelon,1267.81,India_Average,National
2023-08-21,Watermelon,1182.36,India_Average,National
2023-08-22,Watermelon,1355.46,India_Average,National
2023-08-23,Watermelon,1256.28,India_Average,National
2023-08-24,Watermelon,1241.36,India_Average,National
2023-08-25,Watermelon,1187.14,India_Average,National
2023-08-26,Watermelon,1313.34,India_Average,National
2023-08-27,Watermelon,1272.27,India_Average,National
2023-08-28,Watermelon,1279.21,India_Average,National
2023-08-29,Watermelon,1208.72,India_Average,National
2023-08-30,Watermelon,1291.91,India_Average,National
2023-08-31,Watermelon,1296.73,India_Average,National
2023-09-01,Watermelon,1159.87,India_Average,National
2023-09-02,Watermelon,1114.98,India_Average,National
2023-09-03,Watermelon,1234.88,India_Average,National
2023-09-04,Watermelon,1105.6,India_Average,National
2023-09-05,Watermelon,1209.12,India_Average,National
2023-09-06,Watermelon,1173.17,India_Average,National
2023-09-07,Watermelon,1273.12,India_Average,National
2023-09-08,Watermelon,1176.43,India_Average,National
2023-09-09,Watermelon,1266.44,India_Average,National
2023-09-10,Watermelon,1169.15,India_Average,National
2023-09-11,Watermelon,1260.0,India_Average,National
2023-09-12,Watermelon,1323.62,India_Average,National
2023-09-13,Watermelon,1135.92,India_Average,National
2023-09-14,Watermelon,1217.52,India_Average,National
2023-09-15,Watermelon,1364.93,India_Average,National
2023-09-16,Watermelon,1204.0,India_Average,National
2023-09-17,Watermelon,1203.71,India_Average,National
2023-09-18,Watermelon,1247.31,India_Average,National
2023-09-19,Watermelon,1202.46,India_Average,National
2023-09-20,Watermelon,1097.57,India_Average,National
2023-09-21,Watermelon,1267.94,India_Average,National
2023-09-22,Watermelon,1079.82,India_Average,National
2023-09-23,Watermelon,1174.99,India_Average,National
2023-09-24,Watermelon,1272.45,India_Average,National
2023-09-25,Watermelon,1178.61,India_Average,National
2023-09-26,Watermelon,1158.38,India_Average,National
2023-09-27,Watermelon,1252.76,India_Average,National
2023-09-28,Watermelon,1148.93,India_Average,National
2023-09-29,Watermelon,1126.67,India_Average,National
2023-09-30,Watermelon,1216.47,India_Average,National
2023-10-01,Watermelon,1228.85,India_Average,National
2023-10-02,Watermelon,1163.07,India_Average,National
2023-10-03,Watermelon,1279.69,India_Average,National
2023-10-04,Watermelon,1269.0,India_Average,National
2023-10-05,Watermelon,1217.88,India_Average,National
2023-10-06,Watermelon,1222.13,India_Average,National
2023-10-07,Watermelon,1269.36,India_Average,National
2023-10-08,Watermelon,1314.01,India_Average,National
2023-10-09,Watermelon,1222.66,India_Average,National
2023-10-10,Watermelon,1280.79,India_Average,National
2023-10-11,Watermelon,1275.24,India_Average,National
2023-10-12,Watermelon,1294.72,India_Average,National
2023-10-13,Watermelon,1242.63,India_Average,National
2023-10-14,Watermelon,1183.62,India_Average,National
2023-10-15,Watermelon,1211.51,India_Average,National
2023-10-16,Watermelon,1261.45,India_Average,National
2023-10-17,Watermelon,1352.95,India_Average,National
2023-10-18,Watermelon,1210.18,India_Average,National
2023-10-19,Watermelon,1290.1,India_Average,National
2023-10-20,Watermelon,1219.85,India_Average,National
2023-10-21,Watermelon,1247.04,India_Average,National
2023-10-22,Watermelon,1334.16,India_Average,National
2023-10-23,Watermelon,1287.59,India_Average,National
2023-10-24,Watermelon,1163.22,India_Average,National
2023-10-25,Watermelon,1204.69,India_Average,National
2023-10-26,Watermelon,1318.09,India_Average,National
2023-10-27,Watermelon,1248.99,India_Average,National
2023-10-28,Watermelon,1168.95,India_Average,National
2023-10-29,Watermelon,1189.41,India_Average,National
2023-10-30,Watermelon,1283.82,India_Average,National
2023-10-31,Watermelon,1301.86,India_Average,National
2023-11-01,Watermelon,1351.21,India_Average,National
2023-11-02,Watermelon,1517.08,India_Average,National
2023-11-03,Watermelon,1405.63,India_Average,National
2023-11-04,Watermelon,1333.57,India_Average,National
2023-11-05,Watermelon,1294.94,India_Average,National
2023-11-06,Watermelon,1284.2,India_Average,National
2023-11-07,Watermelon,1372.64,India_Average,National
2023-11-08,Watermelon,1317.01,India_Average,National
2023-11-09,Watermelon,1462.98,India_Average,National
2023-11-10,Watermelon,1448.98,India_Average,National
2023-11-11,Watermelon,1392.73,India_Average,National
2023-11-12,Watermelon,1270.42,India_Average,National
2023-11-13,Watermelon,1304.63,India_Average,National
2023-11-14,Watermelon,1434.76,India_Average,National
2023-11-15,Watermelon,1311.99,India_Average,National
2023-11-16,Watermelon,1425.74,India_Average,National
2023-11-17,Watermelon,1382.04,India_Average,National
2023-11-18,Watermelon,1353.49,India_Average,National
2023-11-19,Watermelon,1302.56,India_Average,National
2023-11-20,Watermelon,1343.64,India_Average,National
2023-11-21,Watermelon,1362.8,India_Average,National
2023-11-22,Watermelon,1419.7,India_Average,National
2023-11-23,Watermelon,1290.21,India_Average,National
2023-11-24,Watermelon,1332.26,India_Average,National
2023-11-25,Watermelon,1353.03,India_Average,National
2023-11-26,Watermelon,1394.73,India_Average,National
2023-11-27,Watermelon,1288.68,India_Average,National
2023-11-28,Watermelon,1261.13,India_Average,National
2023-11-29,Watermelon,1395.49,India_Average,National
2023-11-30,Watermelon,1247.54,India_Average,National
2023-12-01,Watermelon,1596.37,India_Average,National
2023-12-02,Watermelon,1488.31,India_Average,National
2023-12-03,Watermelon,1383.94,India_Average,National
2023-12-04,Watermelon,1463.97,India_Average,National
2023-12-05,Watermelon,1528.43,India_Average,National
2023-12-06,Watermelon,1460.05,India_Average,National
2023-12-07,Watermelon,1501.5,India_Average,National
2023-12-08,Watermelon,1555.51,India_Average,National
2023-12-09,Watermelon,1484.84,India_Average,National
2023-12-10,Watermelon,1429.72,India_Average,National
2023-12-11,Watermelon,1477.58,India_Average,National
2023-12-12,Watermelon,1606.11,India_Average,National
2023-12-13,Watermelon,1626.38,India_Average,National
2023-12-14,Watermelon,1348.51,India_Average,National
2023-12-15,Watermelon,1581.83,India_Average,National
2023-12-16,Watermelon,1518.76,India_Average,National
2023-12-17,Watermelon,1569.3,India_Average,National
2023-12-18,Watermelon,1458.71,India_Average,National
2023-12-19,Watermelon,1367.38,India_Average,National
2023-12-20,Watermelon,1543.84,India_Average,National
2023-12-21,Watermelon,1429.43,India_Average,National
2023-12-22,Watermelon,1395.88,India_Average,National
2023-12-23,Watermelon,1401.12,India_Average,National
2023-12-24,Watermelon,1545.07,India_Average,National
2023-12-25,Watermelon,1510.46,India_Average,National
2023-12-26,Watermelon,1558.68,India_Average,National
2023-12-27,Watermelon,1550.18,India_Average,National
2023-12-28,Watermelon,1468.43,India_Average,National
2023-12-29,Watermelon,1494.71,India_Average,National
2023-12-30,Watermelon,1461.64,India_Average,National
2023-12-31,Watermelon,1484.23,India_Average,National
2024-01-01,Watermelon,1570.2,India_Average,National
2022-01-01,Wheat,2242.95,India_Average,National
2022-01-02,Wheat,2318.26,India_Average,National
2022-01-03,Wheat,2110.17,India_Average,National
2022-01-04,Wheat,2340.94,India_Average,National
2022-01-05,Wheat,2212.49,India_Average,National
2022-01-06,Wheat,2226.52,India_Average,National
2022-01-07,Wheat,2013.06,India_Average,National
2022-01-08,Wheat,2001.2,India_Average,National
2022-01-09,Wheat,2215.85,India_Average,National
2022-01-10,Wheat,2286.87,India_Average,National
2022-01-11,Wheat,2126.15,India_Average,National
2022-01-12,Wheat,2383.71,India_Average,National
2022-01-13,Wheat,2280.84,India_Average,National
2022-01-14,Wheat,2100.08,India_Average,National
2022-01-15,Wheat,2203.39,India_Average,National
2022-01-16,Wheat,2472.46,India_Average,National
2022-01-17,Wheat,2063.32,India_Average,National
2022-01-18,Wheat,2258.11,India_Average,National
2022-01-19,Wheat,2164.5,India_Average,National
2022-01-20,Wheat,2277.76,India_Average,National
2022-01-21,Wheat,2339.4,India_Average,National
2022-01-22,Wheat,2157.51,India_Average,National
2022-01-23,Wheat,2323.08,India_Average,National
2022-01-24,Wheat,2444.33,India_Average,National
2022-01-25,Wheat,2207.29,India_Average,National
2022-01-26,Wheat,2286.34,India_Average,National
2022-01-27,Wheat,2135.05,India_Average,National
2022-01-28,Wheat,2202.12,India_Average,National
2022-01-29,Wheat,2180.57,India_Average,National
2022-01-30,Wheat,2287.66,India_Average,National
2022-01-31,Wheat,2332.51,India_Average,National
2022-02-01,Wheat,2333.55,India_Average,National
2022-02-02,Wheat,2526.34,India_Average,National
2022-02-03,Wheat,2525.92,India_Average,National
2022-02-04,Wheat,2445.76,India_Average,National
2022-02-05,Wheat,2285.87,India_Average,National
2022-02-06,Wheat,2274.63,India_Average,National
2022-02-07,Wheat,2251.1,India_Average,National
2022-02-08,Wheat,2457.77,India_Average,National
2022-02-09,Wheat,2204.24,India_Average,National
2022-02-10,Wheat,2425.82,India_Average,National
2022-02-11,Wheat,2219.57,India_Average,National
2022-02-12,Wheat,2443.03,India_Average,National
2022-02-13,Wheat,2348.43,India_Average,National
2022-02-14,Wheat,2502.87,India_Average,National
2022-02-15,Wheat,2480.33,India_Average,National
2022-02-16,Wheat,2514.77,India_Average,National
2022-02-17,Wheat,2517.79,India_Average,National
2022-02-18,Wheat,2363.26,India_Average,National
2022-02-19,Wheat,2210.46,India_Average,National
2022-02-20,Wheat,2222.93,India_Average,National
2022-02-21,Wheat,2101.58,India_Average,National
2022-02-22,Wheat,2219.27,India_Average,National
2022-02-23,Wheat,2354.48,India_Average,National
2022-02-24,Wheat,2280.75,India_Average,National
2022-02-25,Wheat,2325.28,India_Average,National
2022-02-26,Wheat,2404.22,India_Average,National
2022-02-27,Wheat,2310.74,India_Average,National
2022-02-28,Wheat,2214.8,India_Average,National
2022-03-01,Wheat,2393.61,India_Average,National
2022-03-02,Wheat,2292.18,India_Average,National
2022-03-03,Wheat,2367.51,India_Average,National
2022-03-04,Wheat,2561.13,India_Average,National
2022-03-05,Wheat,2367.54,India_Average,National
2022-03-06,Wheat,2612.51,India_Average,National
2022-03-07,Wheat,2571.8,India_Average,National
2022-03-08,Wheat,2330.48,India_Average,National
2022-03-09,Wheat,2266.67,India_Average,National
2022-03-10,Wheat,2393.69,India_Average,National
2022-03-11,Wheat,2538.4,India_Average,National
2022-03-12,Wheat,2341.18,India_Average,National
2022-03-13,Wheat,2508.97,India_Average,National
2022-03-14,Wheat,2545.01,India_Average,National
2022-03-15,Wheat,2307.12,India_Average,National
2022-03-16,Wheat,2318.87,India_Average,National
2022-03-17,Wheat,2485.52,India_Average,National
2022-03-18,Wheat,2418.22,India_Average,National
2022-03-19,Wheat,2317.67,India_Average,National
2022-03-20,Wheat,2357.74,India_Average,National
2022-03-21,Wheat,2391.54,India_Average,National
2022-03-22,Wheat,2212.22,India_Average,National
2022-03-23,Wheat,2491.88,India_Average,National
2022-03-24,Wheat,2342.56,India_Average,National
2022-03-25,Wheat,2065.95,India_Average,National
2022-03-26,Wheat,2397.14,India_Average,National
2022-03-27,Wheat,2311.01,India_Average,National
2022-03-28,Wheat,2602.66,India_Average,National
2022-03-29,Wheat,2329.75,India_Average,National
2022-03-30,Wheat,2268.28,India_Average,National
2022-03-31,Wheat,2460.95,India_Average,National
2022-04-01,Wheat,2268.93,India_Average,National
2022-04-02,Wheat,2254.96,India_Average,National
2022-04-03,Wheat,2406.19,India_Average,National
2022-04-04,Wheat,2224.34,India_Average,National
2022-04-05,Wheat,2175.44,India_Average,National
2022-04-06,Wheat,2548.91,India_Average,National
2022-04-07,Wheat,2414.4,India_Average,National
2022-04-08,Wheat,2315.41,India_Average,National
2022-04-09,Wheat,2346.0,India_Average,National
2022-04-10,Wheat,2405.76,India_Average,National
2022-04-11,Wheat,2460.6,India_Average,National
2022-04-12,Wheat,2257.72,India_Average,National
2022-04-13,Wheat,2389.37,India_Average,National
2022-04-14,Wheat,2286.96,India_Average,National
2022-04-15,Wheat,2324.24,India_Average,National
2022-04-16,Wheat,2365.26,India_Average,National
2022-04-17,Wheat,2345.63,India_Average,National
2022-04-18,Wheat,2432.71,India_Average,National
2022-04-19,Wheat,2403.56,India_Average,National
2022-04-20,Wheat,2169.47,India_Average,National
2022-04-21,Wheat,2187.11,India_Average,National
2022-04-22,Wheat,2303.03,India_Average,National
2022-04-23,Wheat,2560.95,India_Average,National
2022-04-24,Wheat,2246.5,India_Average,National
2022-04-25,Wheat,2321.98,India_Average,National
2022-04-26,Wheat,2283.49,India_Average,National
2022-04-27,Wheat,2281.41,India_Average,National
2022-04-28,Wheat,2367.32,India_Average,National
2022-04-29,Wheat,2510.75,India_Average,National
2022-04-30,Wheat,2399.9,India_Average,National
2022-05-01,Wheat,2111.61,India_Average,National
2022-05-02,Wheat,2502.86,India_Average,National
2022-05-03,Wheat,2208.64,India_Average,National
2022-05-04,Wheat,2136.51,India_Average,National
2022-05-05,Wheat,2355.33,India_Average,National
2022-05-06,Wheat,2148.4,India_Average,National
2022-05-07,Wheat,2382.92,India_Average,National
2022-05-08,Wheat,2104.23,India_Average,National
2022-05-09,Wheat,2357.3,India_Average,National
2022-05-10,Wheat,2222.12,India_Average,National
2022-05-11,Wheat,2342.02,India_Average,National
2022-05-12,Wheat,2409.19,India_Average,National
2022-05-13,Wheat,2075.41,India_Average,National
2022-05-14,Wheat,2340.33,India_Average,National
2022-05-15,Wheat,2045.02,India_Average,National
2022-05-16,Wheat,2084.81,India_Average,National
2022-05-17,Wheat,2111.62,India_Average,National
2022-05-18,Wheat,2255.4,India_Average,National
2022-05-19,Wheat,2203.63,India_Average,National
2022-05-20,Wheat,2181.62,India_Average,National
2022-05-21,Wheat,2216.09,India_Average,National
2022-05-22,Wheat,2265.04,India_Average,National
2022-05-23,Wheat,2273.51,India_Average,National
2022-05-24,Wheat,2320.36,India_Average,National
2022-05-25,Wheat,2400.2,India_Average,National
2022-05-26,Wheat,2197.65,India_Average,National
2022-05-27,Wheat,2142.68,India_Average,National
2022-05-28,Wheat,2267.49,India_Average,National
2022-05-29,Wheat,2074.13,India_Average,National
2022-05-30,Wheat,2125.34,India_Average,National
2022-05-31,Wheat,2309.93,India_Average,National
2022-06-01,Wheat,1987.59,India_Average,National
2022-06-02,Wheat,1879.18,India_Average,National
2022-06-03,Wheat,1851.02,India_Average,National
2022-06-04,Wheat,2004.87,India_Average,National
2022-06-05,Wheat,2114.19,India_Average,National
2022-06-06,Wheat,2112.85,India_Average,National
2022-06-07,Wheat,2011.09,India_Average,National
2022-06-08,Wheat,2200.89,India_Average,National
2022-06-09,Wheat,1989.52,India_Average,National
2022-06-10,Wheat,1986.14,India_Average,National
2022-06-11,Wheat,1743.26,India_Average,National
2022-06-12,Wheat,1955.26,India_Average,National
2022-06-13,Wheat,2085.2,India_Average,National
2022-06-14,Wheat,2156.4,India_Average,National
2022-06-15,Wheat,1916.98,India_Average,National
2022-06-16,Wheat,2046.23,India_Average,National
2022-06-17,Wheat,2104.69,India_Average,National
2022-06-18,Wheat,2001.12,India_Average,National
2022-06-19,Wheat,1771.67,India_Average,National
2022-06-20,Wheat,2024.73,India_Average,National
2022-06-21,Wheat,2076.14,India_Average,National
2022-06-22,Wheat,1905.26,India_Average,National
2022-06-23,Wheat,1974.58,India_Average,National
2022-06-24,Wheat,1884.45,India_Average,National
2022-06-25,Wheat,1742.99,India_Average,National
2022-06-26,Wheat,2102.7,India_Average,National
2022-06-27,Wheat,1999.63,India_Average,National
2022-06-28,Wheat,2159.77,India_Average,National
2022-06-29,Wheat,2085.73,India_Average,National
2022-06-30,Wheat,1964.58,India_Average,National
2022-07-01,Wheat,1792.51,India_Average,National
2022-07-02,Wheat,1850.96,India_Average,National
2022-07-03,Wheat,1887.02,India_Average,National
2022-07-04,Wheat,1829.04,India_Average,National
2022-07-05,Wheat,1899.5,India_Average,National
2022-07-06,Wheat,1773.3,India_Average,National
2022-07-07,Wheat,1710.26,India_Average,National
2022-07-08,Wheat,1794.17,India_Average,National
2022-07-09,Wheat,1818.47,India_Average,National
2022-07-10,Wheat,1691.86,India_Average,National
2022-07-11,Wheat,1679.7,India_Average,National
2022-07-12,Wheat,1840.26,India_Average,National
2022-07-13,Wheat,1763.43,India_Average,National
2022-07-14,Wheat,1785.07,India_Average,National
2022-07-15,Wheat,1767.63,India_Average,National
2022-07-16,Wheat,1936.85,India_Average,National
2022-07-17,Wheat,1913.56,India_Average,National
2022-07-18,Wheat,1688.64,India_Average,National
2022-07-19,Wheat,1752.05,India_Average,National
2022-07-20,Wheat,1876.5,India_Average,National
2022-07-21,Wheat,1854.17,India_Average,National
2022-07-22,Wheat,1796.27,India_Average,National
2022-07-23,Wheat,1697.62,India_Average,National
2022-07-24,Wheat,1738.57,India_Average,National
2022-07-25,Wheat,1753.49,India_Average,National
2022-07-26,Wheat,1824.93,India_Average,National
2022-07-27,Wheat,1953.34,India_Average,National
2022-07-28,Wheat,1738.18,India_Average,National
2022-07-29,Wheat,1707.66,India_Average,National
2022-07-30,Wheat,1790.23,India_Average,National
2022-07-31,Wheat,1892.86,India_Average,National
2022-08-01,Wheat,1533.96,India_Average,National
2022-08-02,Wheat,1773.78,India_Average,National
2022-08-03,Wheat,1639.37,India_Average,National
2022-08-04,Wheat,1592.88,India_Average,National
2022-08-05,Wheat,1521.29,India_Average,National
2022-08-06,Wheat,1712.0,India_Average,National
2022-08-07,Wheat,1639.44,India_Average,National
2022-08-08,Wheat,1667.7,India_Average,National
2022-08-09,Wheat,1579.11,India_Average,National
2022-08-10,Wheat,1627.21,India_Average,National
2022-08-11,Wheat,1613.36,India_Average,National
2022-08-12,Wheat,1645.27,India_Average,National
2022-08-13,Wheat,1598.23,India_Average,National
2022-08-14,Wheat,1526.74,India_Average,National
2022-08-15,Wheat,1879.18,India_Average,National
2022-08-16,Wheat,1540.86,India_Average,National
2022-08-17,Wheat,1668.59,India_Average,National
2022-08-18,Wheat,1507.08,India_Average,National
2022-08-19,Wheat,1488.47,India_Average,National
2022-08-20,Wheat,1661.68,India_Average,National
2022-08-21,Wheat,1668.01,India_Average,National
2022-08-22,Wheat,1757.89,India_Average,National
2022-08-23,Wheat,1686.62,India_Average,National
2022-08-24,Wheat,1641.2,India_Average,National
2022-08-25,Wheat,1575.08,India_Average,National
2022-08-26,Wheat,1777.53,India_Average,National
2022-08-27,Wheat,1730.39,India_Average,National
2022-08-28,Wheat,1550.54,India_Average,National
2022-08-29,Wheat,1656.73,India_Average,National
2022-08-30,Wheat,1665.5,India_Average,National
2022-08-31,Wheat,1625.01,India_Average,National
2022-09-01,Wheat,1661.75,India_Average,National
2022-09-02,Wheat,1666.54,India_Average,National
2022-09-03,Wheat,1584.76,India_Average,National
2022-09-04,Wheat,1577.53,India_Average,National
2022-09-05,Wheat,1719.92,India_Average,National
2022-09-06,Wheat,1674.63,India_Average,National
2022-09-07,Wheat,1605.79,India_Average,National
2022-09-08,Wheat,1469.66,India_Average,National
2022-09-09,Wheat,1627.52,India_Average,National
2022-09-10,Wheat,1655.85,India_Average,National
2022-09-11,Wheat,1379.64,India_Average,National
2022-09-12,Wheat,1620.15,India_Average,National
2022-09-13,Wheat,1566.66,India_Average,National
2022-09-14,Wheat,1582.33,India_Average,National
2022-09-15,Wheat,1527.41,India_Average,National
2022-09-16,Wheat,1588.14,India_Average,National
2022-09-17,Wheat,1711.36,India_Average,National
2022-09-18,Wheat,1564.29,India_Average,National
2022-09-19,Wheat,1677.25,India_Average,National
2022-09-20,Wheat,1535.49,India_Average,National
2022-09-21,Wheat,1660.7,India_Average,National
2022-09-22,Wheat,1600.13,India_Average,National
2022-09-23,Wheat,1628.16,India_Average,National
2022-09-24,Wheat,1600.57,India_Average,National
2022-09-25,Wheat,1651.33,India_Average,National
2022-09-26,Wheat,1394.59,India_Average,National
2022-09-27,Wheat,1486.41,India_Average,National
2022-09-28,Wheat,1633.37,India_Average,National
2022-09-29,Wheat,1436.52,India_Average,National
2022-09-30,Wheat,1557.55,India_Average,National
2022-10-01,Wheat,1649.1,India_Average,National
2022-10-02,Wheat,1585.12,India_Average,National
2022-10-03,Wheat,1596.41,India_Average,National
2022-10-04,Wheat,1676.04,India_Average,National
2022-10-05,Wheat,1737.04,India_Average,National
2022-10-06,Wheat,1574.35,India_Average,National
2022-10-07,Wheat,1606.04,India_Average,National
2022-10-08,Wheat,1593.13,India_Average,National
2022-10-09,Wheat,1453.39,India_Average,National
2022-10-10,Wheat,1665.31,India_Average,National
2022-10-11,Wheat,1730.87,India_Average,National
2022-10-12,Wheat,1737.65,India_Average,National
2022-10-13,Wheat,1581.6,India_Average,National
2022-10-14,Wheat,1550.1,India_Average,National
2022-10-15,Wheat,1655.38,India_Average,National
2022-10-16,Wheat,1722.15,India_Average,National
2022-10-17,Wheat,1666.39,India_Average,National
2022-10-18,Wheat,1677.51,India_Average,National
2022-10-19,Wheat,1748.0,India_Average,National
2022-10-20,Wheat,1592.48,India_Average,National
2022-10-21,Wheat,1635.4,India_Average,National
2022-10-22,Wheat,1788.74,India_Average,National
2022-10-23,Wheat,1637.32,India_Average,National
2022-10-24,Wheat,1548.81,India_Average,National
2022-10-25,Wheat,1598.25,India_Average,National
2022-10-26,Wheat,1576.02,India_Average,National
2022-10-27,Wheat,1683.12,India_Average,National
2022-10-28,Wheat,1579.51,India_Average,National
2022-10-29,Wheat,1676.0,India_Average,National
2022-10-30,Wheat,1592.73,India_Average,National
2022-10-31,Wheat,1478.03,India_Average,National
2022-11-01,Wheat,1827.6,India_Average,National
2022-11-02,Wheat,1813.36,India_Average,National
2022-11-03,Wheat,1846.6,India_Average,National
2022-11-04,Wheat,1739.43,India_Average,National
2022-11-05,Wheat,1729.84,India_Average,National
2022-11-06,Wheat,1836.13,India_Average,National
2022-11-07,Wheat,1936.71,India_Average,National
2022-11-08,Wheat,1801.01,India_Average,National
2022-11-09,Wheat,1838.21,India_Average,National
2022-11-10,Wheat,1771.06,India_Average,National
2022-11-11,Wheat,1661.07,India_Average,National
2022-11-12,Wheat,1887.07,India_Average,National
2022-11-13,Wheat,1881.76,India_Average,National
2022-11-14,Wheat,1863.97,India_Average,National
2022-11-15,Wheat,1783.62,India_Average,National
2022-11-16,Wheat,1853.74,India_Average,National
2022-11-17,Wheat,1880.44,India_Average,National
2022-11-18,Wheat,1945.81,India_Average,National
2022-11-19,Wheat,1888.97,India_Average,National
2022-11-20,Wheat,1805.74,India_Average,National
2022-11-21,Wheat,1682.26,India_Average,National
2022-11-22,Wheat,1814.01,India_Average,National
2022-11-23,Wheat,1823.09,India_Average,National
2022-11-24,Wheat,1863.81,India_Average,National
2022-11-25,Wheat,1921.85,India_Average,National
2022-11-26,Wheat,1791.44,India_Average,National
2022-11-27,Wheat,1989.09,India_Average,National
2022-11-28,Wheat,1641.66,India_Average,National
2022-11-29,Wheat,1837.74,India_Average,National
2022-11-30,Wheat,1728.13,India_Average,National
2022-12-01,Wheat,1809.28,India_Average,National
2022-12-02,Wheat,1979.82,India_Average,National
2022-12-03,Wheat,1854.28,India_Average,National
2022-12-04,Wheat,1983.86,India_Average,National
2022-12-05,Wheat,2003.48,India_Average,National
2022-12-06,Wheat,2111.85,India_Average,National
2022-12-07,Wheat,1849.24,India_Average,National
2022-12-08,Wheat,2090.84,India_Average,National
2022-12-09,Wheat,2009.81,India_Average,National
2022-12-10,Wheat,2102.88,India_Average,National
2022-12-11,Wheat,1956.82,India_Average,National
2022-12-12,Wheat,1866.78,India_Average,National
2022-12-13,Wheat,1878.25,India_Average,National
2022-12-14,Wheat,1870.82,India_Average,National
2022-12-15,Wheat,2047.78,India_Average,National
2022-12-16,Wheat,2147.69,India_Average,National
2022-12-17,Wheat,1943.5,India_Average,National
2022-12-18,Wheat,2062.91,India_Average,National
2022-12-19,Wheat,1847.66,India_Average,National
2022-12-20,Wheat,2018.03,India_Average,National
2022-12-21,Wheat,2066.86,India_Average,National
2022-12-22,Wheat,1855.19,India_Average,National
2022-12-23,Wheat,1979.61,India_Average,National
2022-12-24,Wheat,2071.59,India_Average,National
2022-12-25,Wheat,1706.62,India_Average,National
2022-12-26,Wheat,2133.55,India_Average,National
2022-12-27,Wheat,2035.37,India_Average,National
2022-12-28,Wheat,2071.67,India_Average,National
2022-12-29,Wheat,1958.73,India_Average,National
2022-12-30,Wheat,1827.73,India_Average,National
2022-12-31,Wheat,2053.41,India_Average,National
2023-01-01,Wheat,2190.92,India_Average,National
2023-01-02,Wheat,2203.53,India_Average,National
2023-01-03,Wheat,2319.64,India_Average,National
2023-01-04,Wheat,2283.83,India_Average,National
2023-01-05,Wheat,2411.34,India_Average,National
2023-01-06,Wheat,2216.92,India_Average,National
2023-01-07,Wheat,2123.97,India_Average,National
2023-01-08,Wheat,2179.27,India_Average,National
2023-01-09,Wheat,2245.72,India_Average,National
2023-01-10,Wheat,2311.74,India_Average,National
2023-01-11,Wheat,2038.63,India_Average,National
2023-01-12,Wheat,2200.94,India_Average,National
2023-01-13,Wheat,2377.05,India_Average,National
2023-01-14,Wheat,2173.58,India_Average,National
2023-01-15,Wheat,2302.41,India_Average,National
2023-01-16,Wheat,2254.24,India_Average,National
2023-01-17,Wheat,2305.14,India_Average,National
2023-01-18,Wheat,2110.93,India_Average,National
2023-01-19,Wheat,2111.41,India_Average,National
2023-01-20,Wheat,2202.23,India_Average,National
2023-01-21,Wheat,2031.46,India_Average,National
2023-01-22,Wheat,2170.33,India_Average,National
2023-01-23,Wheat,2227.82,India_Average,National
2023-01-24,Wheat,2396.31,India_Average,National
2023-01-25,Wheat,2244.3,India_Average,National
2023-01-26,Wheat,2268.78,India_Average,National
2023-01-27,Wheat,2328.09,India_Average,National
2023-01-28,Wheat,2093.89,India_Average,National
2023-01-29,Wheat,2181.84,India_Average,National
2023-01-30,Wheat,2466.8,India_Average,National
2023-01-31,Wheat,2191.3,India_Average,National
2023-02-01,Wheat,2477.39,India_Average,National
2023-02-02,Wheat,2459.48,India_Average,National
2023-02-03,Wheat,2173.0,India_Average,National
2023-02-04,Wheat,2382.84,India_Average,National
2023-02-05,Wheat,2363.63,India_Average,National
2023-02-06,Wheat,2385.12,India_Average,National
2023-02-07,Wheat,2257.94,India_Average,National
2023-02-08,Wheat,2215.37,India_Average,National
2023-02-09,Wheat,2290.56,India_Average,National
2023-02-10,Wheat,2334.94,India_Average,National
2023-02-11,Wheat,2485.43,India_Average,National
2023-02-12,Wheat,2559.62,India_Average,National
2023-02-13,Wheat,2510.26,India_Average,National
2023-02-14,Wheat,2447.33,India_Average,National
2023-02-15,Wheat,2228.58,India_Average,National
2023-02-16,Wheat,2298.44,India_Average,National
2023-02-17,Wheat,2371.04,India_Average,National
2023-02-18,Wheat,2272.21,India_Average,National
2023-02-19,Wheat,2414.13,India_Average,National
2023-02-20,Wheat,2430.94,India_Average,National
2023-02-21,Wheat,2409.33,India_Average,National
2023-02-22,Wheat,2466.68,India_Average,National
2023-02-23,Wheat,2240.28,India_Average,National
2023-02-24,Wheat,2455.85,India_Average,National
2023-02-25,Wheat,2264.8,India_Average,National
2023-02-26,Wheat,2236.02,India_Average,National
2023-02-27,Wheat,2408.84,India_Average,National
2023-02-28,Wheat,2489.06,India_Average,National
2023-03-01,Wheat,2458.56,India_Average,National
2023-03-02,Wheat,2402.5,India_Average,National
2023-03-03,Wheat,2437.22,India_Average,National
2023-03-04,Wheat,2416.37,India_Average,National
2023-03-05,Wheat,2264.89,India_Average,National
2023-03-06,Wheat,2250.89,India_Average,National
2023-03-07,Wheat,2390.54,India_Average,National
2023-03-08,Wheat,2409.58,India_Average,National
2023-03-09,Wheat,2401.36,India_Average,National
2023-03-10,Wheat,2481.13,India_Average,National
2023-03-11,Wheat,2374.14,India_Average,National
2023-03-12,Wheat,2467.56,India_Average,National
2023-03-13,Wheat,2382.65,India_Average,National
2023-03-14,Wheat,2618.8,India_Average,National
2023-03-15,Wheat,2409.69,India_Average,National
2023-03-16,Wheat,2680.89,India_Average,National
2023-03-17,Wheat,2442.24,India_Average,National
2023-03-18,Wheat,2374.36,India_Average,National
2023-03-19,Wheat,2292.07,India_Average,National
2023-03-20,Wheat,2226.85,India_Average,National
2023-03-21,Wheat,2281.03,India_Average,National
2023-03-22,Wheat,2294.45,India_Average,National
2023-03-23,Wheat,2447.38,India_Average,National
2023-03-24,Wheat,2336.86,India_Average,National
2023-03-25,Wheat,2422.43,India_Average,National
2023-03-26,Wheat,2553.84,India_Average,National
2023-03-27,Wheat,2389.46,India_Average,National
2023-03-28,Wheat,2649.5,India_Average,National
2023-03-29,Wheat,2258.9,India_Average,National
2023-03-30,Wheat,2381.93,India_Average,National
2023-03-31,Wheat,2335.28,India_Average,National
2023-04-01,Wheat,2456.28,India_Average,National
2023-04-02,Wheat,2083.64,India_Average,National
2023-04-03,Wheat,2177.1,India_Average,National
2023-04-04,Wheat,2333.82,India_Average,National
2023-04-05,Wheat,2528.42,India_Average,National
2023-04-06,Wheat,2372.91,India_Average,National
2023-04-07,Wheat,2187.85,India_Average,National
2023-04-08,Wheat,2205.96,India_Average,National
2023-04-09,Wheat,2542.69,India_Average,National
2023-04-10,Wheat,2273.54,India_Average,National
2023-04-11,Wheat,2235.78,India_Average,National
2023-04-12,Wheat,2519.74,India_Average,National
2023-04-13,Wheat,2465.03,India_Average,National
2023-04-14,Wheat,2495.88,India_Average,National
2023-04-15,Wheat,2234.95,India_Average,National
2023-04-16,Wheat,2167.48,India_Average,National
2023-04-17,Wheat,2362.03,India_Average,National
2023-04-18,Wheat,2385.73,India_Average,National
2023-04-19,Wheat,2389.19,India_Average,National
2023-04-20,Wheat,2519.83,India_Average,National
2023-04-21,Wheat,2143.0,India_Average,National
2023-04-22,Wheat,2447.27,India_Average,National
2023-04-23,Wheat,2217.75,India_Average,National
2023-04-24,Wheat,2446.81,India_Average,National
2023-04-25,Wheat,2290.69,India_Average,National
2023-04-26,Wheat,2250.91,India_Average,National
2023-04-27,Wheat,2274.86,India_Average,National
2023-04-28,Wheat,2176.81,India_Average,National
2023-04-29,Wheat,2351.15,India_Average,National
2023-04-30,Wheat,2255.76,India_Average,National
2023-05-01,Wheat,2286.49,India_Average,National
2023-05-02,Wheat,2270.41,India_Average,National
2023-05-03,Wheat,2385.7,India_Average,National
2023-05-04,Wheat,2240.3,India_Average,National
2023-05-05,Wheat,2257.27,India_Average,National
2023-05-06,Wheat,2354.01,India_Average,National
2023-05-07,Wheat,2130.96,India_Average,National
2023-05-08,Wheat,2036.29,India_Average,National
2023-05-09,Wheat,2222.01,India_Average,National
2023-05-10,Wheat,2043.51,India_Average,National
2023-05-11,Wheat,2469.93,India_Average,National
2023-05-12,Wheat,2360.1,India_Average,National
2023-05-13,Wheat,2438.04,India_Average,National
2023-05-14,Wheat,2206.87,India_Average,National
2023-05-15,Wheat,2260.56,India_Average,National
2023-05-16,Wheat,2149.46,India_Average,National
2023-05-17,Wheat,2297.12,India_Average,National
2023-05-18,Wheat,2066.29,India_Average,National
2023-05-19,Wheat,1920.26,India_Average,National
2023-05-20,Wheat,2113.02,India_Average,National
2023-05-21,Wheat,2039.9,India_Average,National
2023-05-22,Wheat,2362.57,India_Average,National
2023-05-23,Wheat,2399.72,India_Average,National
2023-05-24,Wheat,2045.68,India_Average,National
2023-05-25,Wheat,2342.09,India_Average,National
2023-05-26,Wheat,2304.65,India_Average,National
2023-05-27,Wheat,2027.32,India_Average,National
2023-05-28,Wheat,2157.07,India_Average,National
2023-05-29,Wheat,2136.18,India_Average,National
2023-05-30,Wheat,2282.28,India_Average,National
2023-05-31,Wheat,2064.83,India_Average,National
2023-06-01,Wheat,1990.11,India_Average,National
2023-06-02,Wheat,1931.41,India_Average,National
2023-06-03,Wheat,2047.33,India_Average,National
2023-06-04,Wheat,1978.32,India_Average,National
2023-06-05,Wheat,1946.48,India_Average,National
2023-06-06,Wheat,1978.67,India_Average,National
2023-06-07,Wheat,2203.6,India_Average,National
2023-06-08,Wheat,1958.31,India_Average,National
2023-06-09,Wheat,1895.9,India_Average,National
2023-06-10,Wheat,2058.34,India_Average,National
2023-06-11,Wheat,1985.65,India_Average,National
2023-06-12,Wheat,1858.48,India_Average,National
2023-06-13,Wheat,2223.15,India_Average,National
2023-06-14,Wheat,1964.75,India_Average,National
2023-06-15,Wheat,1962.21,India_Average,National
2023-06-16,Wheat,2015.98,India_Average,National
2023-06-17,Wheat,2173.01,India_Average,National
2023-06-18,Wheat,1832.03,India_Average,National
2023-06-19,Wheat,2027.6,India_Average,National
2023-06-20,Wheat,2208.73,India_Average,National
2023-06-21,Wheat,2012.87,India_Average,National
2023-06-22,Wheat,1876.47,India_Average,National
2023-06-23,Wheat,1938.16,India_Average,National
2023-06-24,Wheat,2020.69,India_Average,National
2023-06-25,Wheat,2133.08,India_Average,National
2023-06-26,Wheat,1966.07,India_Average,National
2023-06-27,Wheat,2082.67,India_Average,National
2023-06-28,Wheat,1856.46,India_Average,National
2023-06-29,Wheat,1855.63,India_Average,National
2023-06-30,Wheat,1951.72,India_Average,National
2023-07-01,Wheat,1929.42,India_Average,National
2023-07-02,Wheat,1806.2,India_Average,National
2023-07-03,Wheat,1826.08,India_Average,National
2023-07-04,Wheat,1825.03,India_Average,National
2023-07-05,Wheat,1899.83,India_Average,National
2023-07-06,Wheat,1745.08,India_Average,National
2023-07-07,Wheat,1861.95,India_Average,National
2023-07-08,Wheat,1725.22,India_Average,National
2023-07-09,Wheat,1978.49,India_Average,National
2023-07-10,Wheat,1727.96,India_Average,National
2023-07-11,Wheat,1720.58,India_Average,National
2023-07-12,Wheat,1849.47,India_Average,National
2023-07-13,Wheat,1807.18,India_Average,National
2023-07-14,Wheat,1829.42,India_Average,National
2023-07-15,Wheat,1820.46,India_Average,National
2023-07-16,Wheat,1701.86,India_Average,National
2023-07-17,Wheat,1945.2,India_Average,National
2023-07-18,Wheat,1880.42,India_Average,National
2023-07-19,Wheat,1922.31,India_Average,National
2023-07-20,Wheat,1752.45,India_Average,National
2023-07-21,Wheat,1837.49,India_Average,National
2023-07-22,Wheat,1817.76,India_Average,National
2023-07-23,Wheat,1901.52,India_Average,National
2023-07-24,Wheat,1904.42,India_Average,National
2023-07-25,Wheat,1817.37,India_Average,National
2023-07-26,Wheat,1663.38,India_Average,National
2023-07-27,Wheat,1960.17,India_Average,National
2023-07-28,Wheat,1850.04,India_Average,National
2023-07-29,Wheat,1745.24,India_Average,National
2023-07-30,Wheat,1836.59,India_Average,National
2023-07-31,Wheat,1664.0,India_Average,National
2023-08-01,Wheat,1740.85,India_Average,National
2023-08-02,Wheat,1531.95,India_Average,National
2023-08-03,Wheat,1635.33,India_Average,National
2023-08-04,Wheat,1673.8,India_Average,National
2023-08-05,Wheat,1739.48,India_Average,National
2023-08-06,Wheat,1662.4,India_Average,National
2023-08-07,Wheat,1706.09,India_Average,National
2023-08-08,Wheat,1651.26,India_Average,National
2023-08-09,Wheat,1650.93,India_Average,National
2023-08-10,Wheat,1660.66,India_Average,National
2023-08-11,Wheat,1637.96,India_Average,National
2023-08-12,Wheat,1514.15,India_Average,National
2023-08-13,Wheat,1590.07,India_Average,National
2023-08-14,Wheat,1673.83,India_Average,National
2023-08-15,Wheat,1632.99,India_Average,National
2023-08-16,Wheat,1640.71,India_Average,National
2023-08-17,Wheat,1626.86,India_Average,National
2023-08-18,Wheat,1582.19,India_Average,National
2023-08-19,Wheat,1612.82,India_Average,National
2023-08-20,Wheat,1628.22,India_Average,National
2023-08-21,Wheat,1654.02,India_Average,National
2023-08-22,Wheat,1686.11,India_Average,National
2023-08-23,Wheat,1638.66,India_Average,National
2023-08-24,Wheat,1568.46,India_Average,National
2023-08-25,Wheat,1538.0,India_Average,National
2023-08-26,Wheat,1868.34,India_Average,National
2023-08-27,Wheat,1560.18,India_Average,National
2023-08-28,Wheat,1610.71,India_Average,National
2023-08-29,Wheat,1696.34,India_Average,National
2023-08-30,Wheat,1683.43,India_Average,National
2023-08-31,Wheat,1696.65,India_Average,National
2023-09-01,Wheat,1564.58,India_Average,National
2023-09-02,Wheat,1619.08,India_Average,National
2023-09-03,Wheat,1604.91,India_Average,National
2023-09-04,Wheat,1575.03,India_Average,National
2023-09-05,Wheat,1619.63,India_Average,National
2023-09-06,Wheat,1684.43,India_Average,National
2023-09-07,Wheat,1598.22,India_Average,National
2023-09-08,Wheat,1598.76,India_Average,National
2023-09-09,Wheat,1685.45,India_Average,National
2023-09-10,Wheat,1676.91,India_Average,National
2023-09-11,Wheat,1726.71,India_Average,National
2023-09-12,Wheat,1459.5,India_Average,National
2023-09-13,Wheat,1672.41,India_Average,National
2023-09-14,Wheat,1648.13,India_Average,National
2023-09-15,Wheat,1529.15,India_Average,National
2023-09-16,Wheat,1620.13,India_Average,National
2023-09-17,Wheat,1684.09,India_Average,National
2023-09-18,Wheat,1533.67,India_Average,National
2023-09-19,Wheat,1635.4,India_Average,National
2023-09-20,Wheat,1669.71,India_Average,National
2023-09-21,Wheat,1514.32,India_Average,National
2023-09-22,Wheat,1588.62,India_Average,National
2023-09-23,Wheat,1624.08,India_Average,National
2023-09-24,Wheat,1536.31,India_Average,National
2023-09-25,Wheat,1529.67,India_Average,National
2023-09-26,Wheat,1589.2,India_Average,National
2023-09-27,Wheat,1664.13,India_Average,National
2023-09-28,Wheat,1651.5,India_Average,National
2023-09-29,Wheat,1531.09,India_Average,National
2023-09-30,Wheat,1652.17,India_Average,National
2023-10-01,Wheat,1584.47,India_Average,National
2023-10-02,Wheat,1520.46,India_Average,National
2023-10-03,Wheat,1623.23,India_Average,National
2023-10-04,Wheat,1746.44,India_Average,National
2023-10-05,Wheat,1707.82,India_Average,National
2023-10-06,Wheat,1653.46,India_Average,National
2023-10-07,Wheat,1619.14,India_Average,National
2023-10-08,Wheat,1621.36,India_Average,National
2023-10-09,Wheat,1662.58,India_Average,National
2023-10-10,Wheat,1565.25,India_Average,National
2023-10-11,Wheat,1624.81,India_Average,National
2023-10-12,Wheat,1635.77,India_Average,National
2023-10-13,Wheat,1541.88,India_Average,National
2023-10-14,Wheat,1584.27,India_Average,National
2023-10-15,Wheat,1687.53,India_Average,National
2023-10-16,Wheat,1654.38,India_Average,National
2023-10-17,Wheat,1628.06,India_Average,National
2023-10-18,Wheat,1578.23,India_Average,National
2023-10-19,Wheat,1783.96,India_Average,National
2023-10-20,Wheat,1584.31,India_Average,National
2023-10-21,Wheat,1674.39,India_Average,National
2023-10-22,Wheat,1613.25,India_Average,National
2023-10-23,Wheat,1656.59,India_Average,National
2023-10-24,Wheat,1691.42,India_Average,National
2023-10-25,Wheat,1540.3,India_Average,National
2023-10-26,Wheat,1653.04,India_Average,National
2023-10-27,Wheat,1752.04,India_Average,National
2023-10-28,Wheat,1799.23,India_Average,National
2023-10-29,Wheat,1642.84,India_Average,National
2023-10-30,Wheat,1657.04,India_Average,National
2023-10-31,Wheat,1836.42,India_Average,National
2023-11-01,Wheat,1902.14,India_Average,National
2023-11-02,Wheat,1744.44,India_Average,National
2023-11-03,Wheat,1744.29,India_Average,National
2023-11-04,Wheat,1886.09,India_Average,National
2023-11-05,Wheat,1709.01,India_Average,National
2023-11-06,Wheat,1897.9,India_Average,National
2023-11-07,Wheat,1830.09,India_Average,National
2023-11-08,Wheat,1846.59,India_Average,National
2023-11-09,Wheat,1776.89,India_Average,National
2023-11-10,Wheat,1743.32,India_Average,National
2023-11-11,Wheat,1931.58,India_Average,National
2023-11-12,Wheat,1777.79,India_Average,National
2023-11-13,Wheat,1763.02,India_Average,National
2023-11-14,Wheat,1792.79,India_Average,National
2023-11-15,Wheat,1817.37,India_Average,National
2023-11-16,Wheat,1707.23,India_Average,National
2023-11-17,Wheat,1749.16,India_Average,National
2023-11-18,Wheat,1744.38,India_Average,National
2023-11-19,Wheat,1876.08,India_Average,National
2023-11-20,Wheat,1720.26,India_Average,National
2023-11-21,Wheat,1641.98,India_Average,National
2023-11-22,Wheat,1622.96,India_Average,National
2023-11-23,Wheat,1667.67,India_Average,National
2023-11-24,Wheat,1922.54,India_Average,National
2023-11-25,Wheat,1801.46,India_Average,National
2023-11-26,Wheat,1845.11,India_Average,National
2023-11-27,Wheat,1848.28,India_Average,National
2023-11-28,Wheat,1805.06,India_Average,National
2023-11-29,Wheat,1793.27,India_Average,National
2023-11-30,Wheat,1894.01,India_Average,National
2023-12-01,Wheat,2014.6,India_Average,National
2023-12-02,Wheat,2139.91,India_Average,National
2023-12-03,Wheat,2062.08,India_Average,National
2023-12-04,Wheat,1938.22,India_Average,National
2023-12-05,Wheat,1950.29,India_Average,National
2023-12-06,Wheat,1927.25,India_Average,National
2023-12-07,Wheat,2121.75,India_Average,National
2023-12-08,Wheat,1959.49,India_Average,National
2023-12-09,Wheat,1920.15,India_Average,National
2023-12-10,Wheat,2031.98,India_Average,National
2023-12-11,Wheat,1990.28,India_Average,National
2023-12-12,Wheat,2029.46,India_Average,National
2023-12-13,Wheat,2188.98,India_Average,National
2023-12-14,Wheat,2091.31,India_Average,National
2023-12-15,Wheat,2002.7,India_Average,National
2023-12-16,Wheat,1859.16,India_Average,National
2023-12-17,Wheat,1950.0,India_Average,National
2023-12-18,Wheat,2071.1,India_Average,National
2023-12-19,Wheat,1882.9,India_Average,National
2023-12-20,Wheat,2214.1,India_Average,National
2023-12-21,Wheat,2001.44,India_Average,National
2023-12-22,Wheat,2004.88,India_Average,National
2023-12-23,Wheat,1933.34,India_Average,National
2023-12-24,Wheat,2049.67,India_Average,National
2023-12-25,Wheat,1884.2,India_Average,National
2023-12-26,Wheat,2216.49,India_Average,National
2023-12-27,Wheat,2131.74,India_Average,National
2023-12-28,Wheat,2098.43,India_Average,National
2023-12-29,Wheat,1860.96,India_Average,National
2023-12-30,Wheat,2020.54,India_Average,National
2023-12-31,Wheat,2120.91,India_Average,National
2024-01-01,Wheat,2265.24,India_Average,National
